WAVE,FLUX_1RE,FLUX_FoV,ERROR_1RE,ERROR_FoV
3622.0,17.187458038330078,22.487510681152344,15.785222053527832,47.20479202270508
3623.5,13.321207046508789,16.083372116088867,15.785049438476562,47.20470428466797
3625.0,10.262146949768066,16.29955291748047,15.785001754760742,47.204627990722656
3626.5,12.74830436706543,16.446823120117188,15.784843444824219,47.204551696777344
3628.0,12.401091575622559,17.69570541381836,15.78474235534668,47.20451354980469
3629.5,7.513250827789307,10.278721809387207,15.973504066467285,47.331329345703125
3631.0,9.349830627441406,14.673210144042969,15.973607063293457,47.56318664550781
3632.5,7.160379886627197,9.814584732055664,15.973508834838867,47.56312561035156
3634.0,12.219379425048828,16.118913650512695,15.784531593322754,47.436767578125
3760.0,7.071669578552246,8.881403923034668,15.748899459838867,47.244529724121094
3761.5,6.521014213562012,8.383005142211914,15.748893737792969,47.24452590942383
3763.0,5.159909248352051,6.530843734741211,15.74887752532959,47.244510650634766
3764.5,4.679065227508545,6.222501754760742,15.748883247375488,47.244510650634766
3766.0,5.200392246246338,6.739576816558838,15.748884201049805,47.2445068359375
3767.5,5.4307146072387695,6.801204204559326,15.7488431930542,47.24449157714844
3769.0,5.95309591293335,7.201558589935303,15.748807907104492,47.24447250366211
3770.5,4.223770618438721,5.534111499786377,15.748806953430176,47.244476318359375
3772.0,6.1195149421691895,7.761090278625488,15.748830795288086,47.24449157714844
3773.5,4.7197418212890625,5.492274284362793,15.748881340026855,47.2445068359375
3775.0,7.832573413848877,9.05024242401123,15.748876571655273,47.244503021240234
3776.5,5.929999828338623,7.196568489074707,16.094266891479492,47.36075210571289
3778.0,6.585048675537109,7.757715702056885,16.06319808959961,47.35021209716797
3779.5,6.245309829711914,7.803789138793945,16.06316375732422,47.350196838378906
3781.0,5.670806884765625,7.650996208190918,15.748796463012695,47.244476318359375
3782.5,5.754478931427002,6.641149520874023,15.748793601989746,47.25504684448242
3784.0,5.593630313873291,7.131495952606201,15.748771667480469,47.25503921508789
3785.5,5.7388482093811035,7.081748008728027,16.0942325592041,47.37129592895508
3787.0,6.822803497314453,8.803037643432617,16.125268936157227,47.381839752197266
3788.5,5.997261047363281,7.185067653656006,16.125205993652344,47.38180923461914
3790.0,6.439589500427246,8.30436897277832,15.780441284179688,47.26559066772461
3791.5,6.630329132080078,8.319849014282227,15.780466079711914,47.26559829711914
3793.0,5.060917377471924,6.485422134399414,15.780468940734863,47.26560592651367
3794.5,6.9126129150390625,8.739036560058594,15.78045654296875,47.25502395629883
3796.0,6.014182090759277,7.647300720214844,15.812094688415527,47.26559066772461
3797.5,6.212262153625488,7.298554420471191,15.812067031860352,47.26557540893555
3799.0,5.900273323059082,7.112308502197266,15.81202507019043,47.254966735839844
3800.5,6.250933647155762,7.2811279296875,15.780356407165527,47.244384765625
3802.0,6.41532039642334,8.864259719848633,15.780386924743652,47.244407653808594
3803.5,4.666337013244629,5.526641845703125,15.84363079071045,47.26556396484375
3805.0,7.525946617126465,9.866573333740234,16.43227195739746,47.46611785888672
3806.5,5.310580253601074,6.33080530166626,16.432260513305664,47.46610641479492
3808.0,8.057930946350098,10.364330291748047,16.0006046295166,47.31840133666992
3809.5,4.717681407928467,5.727875709533691,15.811978340148926,47.254947662353516
3811.0,5.525265216827393,7.262855529785156,15.748614311218262,47.23378372192383
3812.5,5.059504985809326,6.06331729888916,15.748603820800781,47.2337760925293
3814.0,6.867648124694824,8.624149322509766,15.74860954284668,47.23378372192383
3815.5,5.862492561340332,7.029725074768066,15.748618125915527,47.25495147705078
3817.0,5.944390296936035,7.458157539367676,15.748589515686035,47.25493240356445
3818.5,4.538064956665039,5.124758720397949,16.09402084350586,47.37117004394531
3820.0,5.5597991943359375,7.6830339431762695,16.093992233276367,47.37117004394531
3821.5,4.558985710144043,5.516753196716309,16.093965530395508,47.37114334106445
3823.0,4.699044227600098,6.13844108581543,15.748526573181152,47.25490951538086
3824.5,4.704388618469238,6.012080192565918,15.748502731323242,47.2548942565918
3826.0,6.392791271209717,7.953243732452393,15.748491287231445,47.254886627197266
3827.5,5.10909366607666,5.893051624298096,15.748490333557129,47.26546096801758
3829.0,6.235908031463623,8.511228561401367,15.748533248901367,47.26548767089844
3830.5,6.385737419128418,7.425741195678711,15.748616218566895,47.276100158691406
3832.0,7.327939033508301,8.977949142456055,15.74864673614502,47.276119232177734
3833.5,6.1127119064331055,7.5503692626953125,15.748597145080566,47.276100158691406
3835.0,6.670427322387695,8.34169864654541,15.748577117919922,47.276084899902344
3836.5,6.254013538360596,7.534822463989258,15.71676254272461,47.2654914855957
3838.0,7.093738555908203,8.637310028076172,15.71674919128418,47.26548385620117
3839.5,6.136288642883301,7.463785171508789,15.716730117797852,47.265472412109375
3841.0,6.3823442459106445,7.660130977630615,15.716706275939941,47.26546859741211
3842.5,5.380529403686523,6.265389919281006,15.71673583984375,47.26547622680664
3844.0,6.615664482116699,7.817112922668457,15.716752052307129,47.26547622680664
3845.5,6.337820529937744,7.901357173919678,15.716734886169434,47.26547622680664
3847.0,7.1435017585754395,9.049723625183105,15.71675968170166,47.2654914855957
3848.5,4.373825550079346,5.201539993286133,15.716726303100586,47.27604293823242
3850.0,6.074759483337402,7.1260085105896,15.716693878173828,47.27602767944336
3851.5,5.197858810424805,5.790680408477783,15.716707229614258,47.27603530883789
3853.0,5.653168201446533,7.31076717376709,15.716687202453613,47.276023864746094
3854.5,4.520448207855225,5.16060733795166,15.71666431427002,47.27601623535156
3856.0,7.086297512054443,9.257753372192383,15.716668128967285,47.27602005004883
3857.5,5.122564315795898,6.130922317504883,15.71666145324707,47.2760124206543
3859.0,5.136204719543457,6.297848701477051,15.716634750366211,47.275997161865234
3860.5,5.2814435958862305,6.2594194412231445,15.7166166305542,47.2759895324707
3862.0,4.986565589904785,6.3881072998046875,15.748400688171387,47.28656768798828
3863.5,3.751542806625366,4.6369428634643555,15.748434066772461,47.28658676147461
3865.0,4.065802574157715,5.207615852355957,15.748430252075195,47.27600860595703
3866.5,3.704059600830078,4.06893253326416,15.748421669006348,47.275997161865234
3868.0,5.442780017852783,6.877352237701416,15.748395919799805,47.265411376953125
3869.5,4.813307762145996,5.883152008056641,15.748393058776855,47.265411376953125
3871.0,4.757268905639648,5.570261001586914,15.748380661010742,47.265403747558594
3872.5,4.846172332763672,5.580565452575684,15.748359680175781,47.2653923034668
3874.0,5.591949462890625,7.350345134735107,15.748367309570312,47.25482177734375
3875.5,3.9004364013671875,4.724405288696289,15.748395919799805,47.25482940673828
3877.0,4.297794342041016,5.220775127410889,15.748395919799805,47.25483703613281
3980.5,6.456812381744385,7.005032062530518,15.780022621154785,47.32878875732422
3982.0,6.160318374633789,7.3770294189453125,15.78002643585205,47.328792572021484
3983.5,5.573590278625488,6.148591995239258,15.780023574829102,47.32878875732422
3985.0,5.8763508796691895,7.332724094390869,15.780017852783203,47.32878875732422
3986.5,6.6143693923950195,7.336844444274902,15.780006408691406,47.32878112792969
3988.0,5.517124176025391,6.610570907592773,15.779996871948242,47.32877731323242
3989.5,5.522389888763428,6.377057075500488,15.780009269714355,47.32878112792969
3991.0,6.0850324630737305,7.412885665893555,15.780008316040039,47.32878112792969
3992.5,5.155718803405762,6.007673263549805,15.78000545501709,47.32878112792969
3994.0,6.273594856262207,7.085077285766602,15.78000545501709,47.32878112792969
3995.5,6.150378227233887,6.938055992126465,15.779998779296875,47.32877731323242
3997.0,6.6239447593688965,7.669145584106445,15.779989242553711,47.328773498535156
3998.5,5.407303810119629,6.1617302894592285,15.779999732971191,47.32877731323242
4000.0,6.650019645690918,7.776534080505371,15.780007362365723,47.32878112792969
4001.5,6.244450569152832,6.869875907897949,15.78001594543457,47.32878112792969
4003.0,6.8029890060424805,7.926504135131836,15.780010223388672,47.32878112792969
4004.5,7.078648567199707,8.208196640014648,15.780007362365723,47.32878112792969
4006.0,5.880979537963867,7.277057647705078,15.779998779296875,47.32878112792969
4007.5,6.870549201965332,7.93110990524292,15.780007362365723,47.32878112792969
4009.0,6.459770202636719,7.742525100708008,15.780029296875,47.32879638671875
4010.5,5.789403915405273,6.933110237121582,15.78003978729248,47.32880401611328
4012.0,6.421298027038574,8.078997611999512,15.780041694641113,47.32880401611328
4013.5,4.548637390136719,5.307431221008301,15.780035972595215,47.33936309814453
4015.0,6.329724311828613,7.6004157066345215,15.780034065246582,47.33936309814453
4016.5,4.722419738769531,5.4317708015441895,15.780024528503418,47.33935546875
4018.0,7.548335075378418,9.102785110473633,15.780016899108887,47.339351654052734
4019.5,5.426290988922119,6.232057571411133,15.780022621154785,47.33935546875
4021.0,7.314571380615234,8.877307891845703,15.780048370361328,47.3393669128418
4022.5,6.398581504821777,7.803815841674805,15.780045509338379,47.32880401611328
4024.0,7.311012268066406,8.824989318847656,15.780034065246582,47.32879638671875
4025.5,5.462454319000244,7.630818843841553,15.780024528503418,47.32879638671875
4027.0,7.198211669921875,9.948369979858398,15.78001880645752,47.328792572021484
4028.5,5.274787902832031,7.932122707366943,15.780012130737305,47.32878875732422
4030.0,5.636684417724609,7.774316787719727,15.780008316040039,47.32878494262695
4031.5,4.596607685089111,5.891428470611572,15.77999496459961,47.32877731323242
4033.0,6.927671432495117,8.957942962646484,15.779985427856445,47.328773498535156
4034.5,4.905096530914307,5.780311584472656,15.77998161315918,47.32876968383789
4036.0,6.2243194580078125,7.459444522857666,15.779985427856445,47.318206787109375
4037.5,6.23452091217041,7.405519485473633,15.779996871948242,47.31821060180664
4039.0,6.754656791687012,7.995152473449707,15.78000259399414,47.318214416503906
4040.5,4.870421886444092,5.442075729370117,15.779996871948242,47.31821060180664
4042.0,5.453363418579102,6.665354251861572,15.78000259399414,47.31821823120117
4043.5,5.480652332305908,6.765520095825195,15.780020713806152,47.3182258605957
4045.0,3.886974573135376,5.154599189758301,15.780017852783203,47.3182258605957
4121.5,6.115117073059082,6.826386451721191,15.843180656433105,47.38153839111328
4123.0,6.67488956451416,7.8341803550720215,15.843183517456055,47.38153839111328
4124.5,6.618053436279297,7.545995235443115,15.843189239501953,47.360435485839844
4126.0,6.870401382446289,8.02919864654541,15.874716758728027,47.37099075317383
4127.5,6.491722106933594,7.182014465332031,15.874714851379395,47.37098693847656
4129.0,6.559168815612793,7.723043441772461,15.874717712402344,47.37099075317383
4130.5,5.589217662811279,6.328462600708008,15.874711036682129,47.37098693847656
4132.0,5.663121700286865,6.574638366699219,15.874704360961914,47.3709831237793
4133.5,5.373014450073242,6.168396949768066,15.874707221984863,47.37098693847656
4135.0,5.2799787521362305,5.966861724853516,15.874707221984863,47.37098693847656
4136.5,4.191812992095947,4.768840312957764,15.874713897705078,47.37098693847656
4138.0,5.05889368057251,5.877067565917969,15.87471866607666,47.37099075317383
4139.5,4.006978511810303,4.614908218383789,15.874715805053711,47.37098693847656
4141.0,5.743316650390625,6.919020652770996,15.874712944030762,47.37098693847656
4142.5,4.845987319946289,5.851701736450195,15.874702453613281,47.37097930908203
4144.0,4.274839401245117,5.211223602294922,15.874685287475586,47.3709716796875
4145.5,4.277011871337891,5.125292778015137,15.874688148498535,47.370975494384766
4147.0,3.7756290435791016,4.787443161010742,15.874696731567383,47.37097930908203
4148.5,3.4596471786499023,4.0950798988342285,15.874691009521484,47.37097930908203
4150.0,3.605334758758545,4.336484432220459,15.87468433380127,47.3709716796875
4151.5,3.311587333679199,4.171945571899414,15.87468147277832,47.3709716796875
4153.0,4.005729675292969,5.104281425476074,15.874687194824219,47.370975494384766
4154.5,3.934206962585449,4.902876853942871,15.874691009521484,47.38153076171875
4156.0,5.373284339904785,6.597838401794434,15.874704360961914,47.38153839111328
4157.5,4.019168853759766,4.848982334136963,15.874710083007812,47.38153839111328
4159.0,4.769216537475586,5.968306541442871,15.874707221984863,47.38153839111328
4160.5,4.673122882843018,5.428650379180908,15.87470531463623,47.38153839111328
4162.0,4.539821624755859,5.226738452911377,15.874709129333496,47.38153839111328
4163.5,4.2557172775268555,5.101906776428223,15.874714851379395,47.38154602050781
4165.0,5.4048261642456055,6.495645523071289,15.874724388122559,47.38154602050781
4166.5,5.589160919189453,6.641506195068359,15.874733924865723,47.381553649902344
4168.0,6.217214584350586,7.426274299621582,15.874725341796875,47.38154602050781
4169.5,5.704629898071289,6.639244556427002,15.874725341796875,47.3921012878418
4171.0,5.200302600860596,6.275765419006348,15.87472152709961,47.39209747314453
4172.5,5.236998558044434,5.847296237945557,15.874712944030762,47.39208984375
4174.0,6.234060287475586,7.649824142456055,15.874704360961914,47.39208984375
4175.5,5.1279096603393555,6.1160125732421875,15.8746976852417,47.39208221435547
4177.0,6.116068363189697,7.255301475524902,15.874693870544434,47.39208221435547
4178.5,4.501668930053711,5.526140213012695,15.87469482421875,47.39208221435547
4180.0,5.3716020584106445,6.674044609069824,15.874699592590332,47.392086029052734
4181.5,4.105501174926758,4.870748519897461,15.874692916870117,47.39208221435547
4183.0,5.416014671325684,6.262268543243408,15.874689102172852,47.39208221435547
4184.5,5.325901985168457,6.210918426513672,15.87468433380127,47.3920783996582
4186.0,5.578397750854492,6.711859703063965,15.874687194824219,47.39208221435547
4187.5,5.466062545776367,6.368658065795898,15.87468433380127,47.3920783996582
4189.0,5.701560020446777,6.815889358520508,15.874673843383789,47.39207077026367
4190.5,4.9860382080078125,5.646419525146484,15.874679565429688,47.40262222290039
4192.0,4.4959821701049805,5.569711208343506,15.87468147277832,47.402626037597656
4193.5,4.733137607574463,5.354583740234375,15.874682426452637,47.402626037597656
4195.0,5.407345294952393,6.51171875,15.87468433380127,47.402626037597656
4196.5,5.19284725189209,5.940649032592773,15.874676704406738,47.40262222290039
4198.0,5.297381401062012,5.796560764312744,15.87466812133789,47.40261459350586
4199.5,4.454748153686523,5.038874626159668,15.874662399291992,47.40261459350586
4201.0,5.690406799316406,6.491917610168457,15.874665260314941,47.402618408203125
4202.5,4.2710113525390625,5.046267032623291,15.874665260314941,47.40261459350586
4204.0,5.4190592765808105,6.298508167266846,15.874667167663574,47.40261459350586
4205.5,4.114994049072266,4.660611629486084,15.874666213989258,47.40261459350586
4207.0,5.097156524658203,5.901968955993652,15.843146324157715,47.39207077026367
4208.5,4.6797356605529785,5.442366600036621,15.843156814575195,47.3920783996582
4210.0,4.8947649002075195,5.4914774894714355,15.843156814575195,47.39207458496094
4211.5,4.359422206878662,5.01401424407959,15.843146324157715,47.39207077026367
4213.0,5.321023941040039,6.133252143859863,15.843144416809082,47.39207077026367
4214.5,5.193267822265625,6.097673416137695,15.843143463134766,47.39207077026367
4216.0,5.544027328491211,6.158101558685303,15.84314250946045,47.39207077026367
4217.5,6.616407871246338,7.5746002197265625,15.843143463134766,47.39207077026367
4219.0,6.226560592651367,7.083207130432129,15.84314250946045,47.39207077026367
4220.5,5.767991065979004,6.359323024749756,15.8431396484375,47.43424606323242
4222.0,6.788111209869385,7.8837103843688965,15.843141555786133,47.43425369262695
4223.5,6.017611980438232,6.968393325805664,15.843137741088867,47.444786071777344
4225.0,6.30526065826416,7.485439300537109,15.843133926391602,47.444786071777344
4226.5,5.7464447021484375,6.426000595092773,15.84312629699707,47.44478225708008
4228.0,6.274129867553711,7.352383613586426,15.84311580657959,47.39205551147461
4229.5,5.43433952331543,6.038616180419922,15.843123435974121,47.39205551147461
4231.0,6.433069229125977,7.430901050567627,15.84313678741455,47.39206314086914
4232.5,6.1230316162109375,7.07196569442749,15.811549186706543,47.38151931762695
4234.0,7.353072166442871,8.471423149108887,15.811546325683594,47.38151168823242
4235.5,6.276599884033203,7.046018600463867,15.811545372009277,47.38151168823242
4237.0,7.037751197814941,7.743893623352051,15.811546325683594,47.38151168823242
4238.5,6.673557281494141,7.321192264556885,15.811544418334961,47.38151168823242
4240.0,7.429608345031738,8.326383590698242,15.811543464660645,47.38151168823242
4241.5,6.796405792236328,7.574161529541016,15.811542510986328,47.38151168823242
4243.0,6.762324333190918,7.636801719665527,15.811541557312012,47.38151168823242
4244.5,6.594693183898926,7.394020080566406,15.811542510986328,47.39206314086914
4246.0,5.714922904968262,6.223793029785156,15.81154727935791,47.392066955566406
4247.5,5.246387004852295,5.786285400390625,15.811564445495605,47.39207458496094
4249.0,5.020086288452148,5.601235866546631,15.811563491821289,47.39207458496094
4250.5,5.615311622619629,6.253712177276611,15.811548233032227,47.392066955566406
4252.0,5.446824073791504,6.13003396987915,15.811546325683594,47.39206314086914
4253.5,5.573333740234375,6.452221870422363,15.811551094055176,47.39207077026367
4255.0,4.928805351257324,6.13303279876709,15.811544418334961,47.392066955566406
4256.5,3.556969404220581,4.475342750549316,15.811541557312012,47.40261459350586
4258.0,3.450322151184082,4.510601997375488,15.811544418334961,47.402618408203125
4259.5,2.547212839126587,3.4770445823669434,15.811542510986328,47.40261459350586
4261.0,2.7708935737609863,3.60605788230896,15.811531066894531,47.392059326171875
4262.5,2.1542155742645264,2.7159457206726074,15.811528205871582,47.392059326171875
4264.0,3.1104953289031982,3.849313735961914,15.811539649963379,47.38151168823242
4265.5,3.7080256938934326,4.481328010559082,15.811544418334961,47.39206314086914
4267.0,5.339704513549805,6.184368133544922,15.811549186706543,47.392066955566406
4268.5,4.64860725402832,5.492178916931152,15.811548233032227,47.39207077026367
4270.0,4.099238395690918,4.849634170532227,15.811546325683594,47.39207077026367
4271.5,4.768482685089111,5.550797462463379,15.811538696289062,47.39206314086914
4273.0,5.30388069152832,6.222445011138916,15.811535835266113,47.381507873535156
4274.5,5.815945148468018,6.742161750793457,15.81153678894043,47.38151168823242
4276.0,6.981586456298828,8.08211612701416,15.811539649963379,47.38151168823242
4277.5,6.486248016357422,7.447537422180176,15.811545372009277,47.39206314086914
4279.0,6.900541305541992,7.992596626281738,15.811551094055176,47.39207077026367
4280.5,7.183987617492676,7.905003070831299,15.811546325683594,47.39206314086914
4282.0,6.715802192687988,7.531489372253418,15.811541557312012,47.39206314086914
4283.5,6.53497314453125,7.237965106964111,15.811542510986328,47.39206314086914
4285.0,7.584009170532227,8.292776107788086,15.811544418334961,47.39206314086914
4286.5,7.030649185180664,7.862475395202637,15.811541557312012,47.39206314086914
4288.0,6.94626522064209,8.01628303527832,15.811535835266113,47.39206314086914
4289.5,5.36983585357666,6.13535213470459,15.843121528625488,47.40260696411133
4291.0,4.809581756591797,5.541490077972412,15.843113899230957,47.40260314941406
4292.5,4.789304733276367,5.551684379577637,15.843120574951172,47.40260696411133
4294.0,4.451455593109131,5.268702030181885,15.843128204345703,47.40261459350586
4295.5,4.154833793640137,4.954941272735596,15.84312629699707,47.402610778808594
4297.0,3.3678457736968994,4.179130554199219,15.843122482299805,47.40260696411133
4298.5,3.2242813110351562,3.9384546279907227,15.843118667602539,47.40260314941406
4300.0,4.058623313903809,5.151083946228027,15.843111991882324,47.40260314941406
4301.5,3.095825672149658,3.842996835708618,15.8746337890625,47.42369079589844
4303.0,3.760805130004883,4.720144271850586,15.87463092803955,47.42369079589844
4304.5,5.047733306884766,5.7089128494262695,15.874635696411133,47.42369079589844
4306.0,5.1361823081970215,5.881208419799805,15.874640464782715,47.4236946105957
4307.5,6.111904144287109,6.895233154296875,15.874642372131348,47.4236946105957
4309.0,7.2627763748168945,8.201560974121094,15.874643325805664,47.4236946105957
4310.5,6.946723937988281,7.628897190093994,15.874645233154297,47.4236946105957
4312.0,8.089447975158691,9.029367446899414,15.874649047851562,47.42369842529297
4313.5,8.266580581665039,9.338033676147461,15.87465763092041,47.42369842529297
4315.0,8.452239990234375,10.010421752929688,15.874672889709473,47.423709869384766
4316.5,8.0993013381958,9.055490493774414,15.874680519104004,47.42371368408203
4318.0,8.523188591003418,9.243271827697754,15.874682426452637,47.42371368408203
4319.5,8.434064865112305,9.475751876831055,15.874680519104004,47.43425369262695
4321.0,8.873046875,9.726972579956055,15.874679565429688,47.43425369262695
4322.5,9.611270904541016,10.66108226776123,15.874678611755371,47.43425369262695
4324.0,8.82546615600586,9.857376098632812,15.874662399291992,47.43424606323242
4325.5,8.87900161743164,9.680386543273926,15.874651908874512,47.43423843383789
4327.0,9.285284996032715,10.292951583862305,15.87465763092041,47.434242248535156
4328.5,8.591255187988281,9.63316822052002,15.874662399291992,47.43424606323242
4330.0,9.419781684875488,10.687990188598633,15.874667167663574,47.43424606323242
4331.5,8.570707321166992,9.516226768493652,15.874667167663574,47.43424606323242
4333.0,10.393472671508789,11.423370361328125,15.874669075012207,47.43424606323242
4334.5,9.181346893310547,10.293840408325195,15.87466812133789,47.43424606323242
4336.0,9.038711547851562,10.17485237121582,15.874670028686523,47.43424987792969
4337.5,9.42401123046875,10.75175952911377,15.87466812133789,47.43424606323242
4339.0,9.062252044677734,9.998958587646484,15.87465763092041,47.434242248535156
4340.5,9.02645492553711,9.863672256469727,15.874653816223145,47.434242248535156
4342.0,8.838964462280273,9.7100191116333,15.874655723571777,47.44478225708008
4343.5,10.195253372192383,11.418256759643555,15.874661445617676,47.444786071777344
4345.0,10.520465850830078,12.283567428588867,15.874664306640625,47.444786071777344
4346.5,9.607674598693848,10.528545379638672,15.874670028686523,47.444786071777344
4348.0,9.180013656616211,10.153020858764648,15.874675750732422,47.444793701171875
4349.5,10.141481399536133,11.160219192504883,15.874683380126953,47.44479751586914
4351.0,9.118743896484375,10.218501091003418,15.874677658081055,47.444793701171875
4352.5,9.181924819946289,9.856951713562012,15.874665260314941,47.444786071777344
4354.0,9.933393478393555,11.199804306030273,15.874663352966309,47.444786071777344
4355.5,9.843589782714844,11.076164245605469,15.874678611755371,47.444793701171875
4357.0,12.819293975830078,14.458765983581543,15.874716758728027,47.4448127746582
4358.5,10.39436149597168,11.978874206542969,15.874859809875488,47.444889068603516
4360.0,11.566701889038086,13.313913345336914,15.87498950958252,47.44496154785156
4361.5,10.50161075592041,11.56004524230957,15.874814987182617,47.44486999511719
4363.0,9.209524154663086,10.645275115966797,15.874711990356445,47.4448127746582
4364.5,8.906891822814941,9.728039741516113,15.874680519104004,47.444793701171875
4366.0,10.493145942687988,12.328067779541016,15.874673843383789,47.444793701171875
4367.5,8.670245170593262,9.709579467773438,15.874667167663574,47.444786071777344
4369.0,8.669105529785156,9.69655990600586,15.874664306640625,47.444786071777344
4370.5,8.833246231079102,10.004505157470703,15.874663352966309,47.444786071777344
4372.0,9.875444412231445,11.295921325683594,15.874661445617676,47.444786071777344
4373.5,9.747997283935547,10.803059577941895,15.87466049194336,47.444786071777344
4375.0,9.410673141479492,10.328798294067383,15.874663352966309,47.444786071777344
4376.5,9.728145599365234,10.635740280151367,15.874665260314941,47.444786071777344
4378.0,10.094687461853027,11.069544792175293,15.874667167663574,47.444786071777344
4379.5,8.884777069091797,9.702508926391602,15.874663352966309,47.444786071777344
4381.0,8.688224792480469,9.761486053466797,15.874659538269043,47.44478225708008
4382.5,8.730435371398926,9.752861022949219,15.874654769897461,47.44478225708008
4384.0,8.635332107543945,9.479873657226562,15.874645233154297,47.44477844238281
4385.5,8.608782768249512,9.215080261230469,15.874640464782715,47.44477081298828
4387.0,9.680780410766602,10.709304809570312,15.874649047851562,47.44477844238281
4388.5,9.034730911254883,9.760403633117676,15.874655723571777,47.44478225708008
4390.0,9.658685684204102,11.200143814086914,15.874651908874512,47.44477844238281
4391.5,9.720731735229492,10.73538589477539,15.874652862548828,47.44477844238281
4393.0,9.433023452758789,10.792695999145508,15.874656677246094,47.44478225708008
4394.5,9.597972869873047,10.878393173217773,15.87465763092041,47.44478225708008
4396.0,9.414365768432617,10.251375198364258,15.874656677246094,47.44478225708008
4397.5,8.60562515258789,9.460683822631836,15.874656677246094,47.44478225708008
4399.0,9.942604064941406,11.442306518554688,15.874658584594727,47.444786071777344
4400.5,8.987722396850586,10.286949157714844,15.874658584594727,47.44478225708008
4402.0,8.856319427490234,10.141109466552734,15.874661445617676,47.444786071777344
4403.5,9.230480194091797,10.409186363220215,15.874666213989258,47.444786071777344
4405.0,8.793390274047852,9.750863075256348,15.874664306640625,47.444786071777344
4406.5,9.097834587097168,9.801486015319824,15.87466812133789,47.444786071777344
4408.0,9.380363464355469,10.377947807312012,15.874672889709473,47.44478988647461
4409.5,8.86126708984375,9.778350830078125,15.874673843383789,47.444793701171875
4411.0,9.064155578613281,10.05610466003418,15.874672889709473,47.444793701171875
4412.5,9.55370044708252,10.808349609375,15.874676704406738,47.444793701171875
4414.0,9.724469184875488,10.99032974243164,15.874679565429688,47.444793701171875
4415.5,8.975589752197266,9.907017707824707,15.874671936035156,47.44478988647461
4417.0,9.057974815368652,10.200733184814453,15.874672889709473,47.444793701171875
4418.5,9.56054401397705,10.646980285644531,15.87467098236084,47.44478988647461
4420.0,9.235111236572266,10.575711250305176,15.874671936035156,47.444793701171875
4421.5,10.273460388183594,11.31040096282959,15.87468147277832,47.44479751586914
4423.0,10.306275367736816,11.923208236694336,15.874677658081055,47.444793701171875
4424.5,10.5309419631958,11.780370712280273,15.874669075012207,47.444786071777344
4426.0,10.281537055969238,11.651529312133789,15.874672889709473,47.444793701171875
4427.5,9.880891799926758,10.804956436157227,15.874675750732422,47.444793701171875
4429.0,11.391643524169922,12.50869369506836,15.874672889709473,47.44478988647461
4430.5,10.392022132873535,11.549674987792969,15.874667167663574,47.444786071777344
4432.0,11.200450897216797,12.785940170288086,15.874666213989258,47.444786071777344
4433.5,10.19549560546875,11.066959381103516,15.87466812133789,47.444786071777344
4435.0,10.097719192504883,11.28468132019043,15.874661445617676,47.444786071777344
4436.5,9.251279830932617,10.209707260131836,15.874654769897461,47.44478225708008
4438.0,9.720569610595703,10.79863166809082,15.874662399291992,47.444786071777344
4439.5,8.637920379638672,9.757329940795898,15.874669075012207,47.44478988647461
4441.0,9.120708465576172,10.046459197998047,15.874671936035156,47.44478988647461
4442.5,8.121223449707031,9.189851760864258,15.874663352966309,47.444786071777344
4444.0,9.03570556640625,10.329288482666016,15.87465763092041,47.455318450927734
4445.5,9.002150535583496,10.185714721679688,15.874661445617676,47.455322265625
4447.0,9.020877838134766,10.141014099121094,15.874667167663574,47.455326080322266
4448.5,10.390283584594727,11.318358421325684,15.874665260314941,47.455326080322266
4450.0,9.926889419555664,11.143669128417969,15.874659538269043,47.455318450927734
4451.5,9.909463882446289,11.079910278320312,15.874659538269043,47.455322265625
4453.0,9.900869369506836,11.399255752563477,15.874658584594727,47.455318450927734
4454.5,9.910911560058594,11.038871765136719,15.874652862548828,47.455318450927734
4456.0,10.880276679992676,11.954338073730469,15.874649047851562,47.45531463623047
4457.5,9.565591812133789,10.445968627929688,15.874648094177246,47.45531463623047
4459.0,11.01900863647461,12.035285949707031,15.874649047851562,47.455318450927734
4460.5,8.441909790039062,9.365887641906738,15.87464714050293,47.465850830078125
4462.0,9.606973648071289,10.252006530761719,15.874649047851562,47.465850830078125
4463.5,9.06419563293457,10.062665939331055,15.874649047851562,47.476383209228516
4465.0,9.854057312011719,11.404022216796875,15.874652862548828,47.47638702392578
4466.5,9.815229415893555,10.771919250488281,15.874654769897461,47.47638702392578
4468.0,10.935593605041504,12.122978210449219,15.87465763092041,47.486915588378906
4469.5,10.223548889160156,11.170554161071777,15.874653816223145,47.49744415283203
4471.0,9.847478866577148,10.869949340820312,15.874649047851562,47.497440338134766
4472.5,8.205976486206055,9.007164001464844,15.874650001525879,47.497440338134766
4474.0,10.882421493530273,12.301536560058594,15.874656677246094,47.49744415283203
4475.5,8.928243637084961,9.700984001159668,15.874659538269043,47.49744415283203
4477.0,9.694677352905273,10.61002254486084,15.87466049194336,47.49744415283203
4478.5,9.460638999938965,10.287069320678711,15.874659538269043,47.49744415283203
4480.0,10.076151847839355,11.40866470336914,15.874656677246094,47.49744415283203
4481.5,9.682125091552734,10.738006591796875,15.874650955200195,47.497440338134766
4483.0,9.317255020141602,10.780412673950195,15.874648094177246,47.497440338134766
4484.5,9.845294952392578,11.088465690612793,15.874653816223145,47.49744415283203
4486.0,9.088541030883789,10.218279838562012,15.874659538269043,47.49744415283203
4487.5,8.55380630493164,9.395402908325195,15.87465763092041,47.49744415283203
4489.0,7.720892906188965,8.66556167602539,15.874653816223145,47.49744415283203
4490.5,8.588512420654297,9.747536659240723,15.87464714050293,47.497440338134766
4492.0,8.659847259521484,9.863288879394531,15.874649047851562,47.497440338134766
4493.5,9.513465881347656,10.857030868530273,15.874654769897461,47.49744415283203
4495.0,9.427640914916992,10.31618881225586,15.874655723571777,47.49744415283203
4496.5,8.952545166015625,9.826980590820312,15.874653816223145,47.49744415283203
4498.0,9.059877395629883,9.766609191894531,15.874655723571777,47.49744415283203
4499.5,9.08768367767334,10.123023986816406,15.874655723571777,47.49744415283203
4501.0,8.979127883911133,10.204721450805664,15.843127250671387,47.486915588378906
4502.5,9.193219184875488,10.13306999206543,15.843125343322754,47.486915588378906
4504.0,9.754396438598633,10.701410293579102,15.84312629699707,47.486915588378906
4505.5,10.012107849121094,11.084643363952637,15.84312915802002,47.486915588378906
4507.0,9.10549545288086,9.880142211914062,15.843130111694336,47.486915588378906
4508.5,9.549544334411621,10.409626007080078,15.843130111694336,47.486915588378906
4510.0,9.978071212768555,11.193904876708984,15.843127250671387,47.486915588378906
4511.5,9.455202102661133,10.370323181152344,15.843125343322754,47.486915588378906
4513.0,9.762027740478516,10.635334014892578,15.843127250671387,47.486915588378906
4514.5,9.014945983886719,10.020889282226562,15.843122482299805,47.48691177368164
4516.0,9.001803398132324,9.960718154907227,15.843121528625488,47.48691177368164
4517.5,9.422440528869629,10.220855712890625,15.843120574951172,47.497440338134766
4519.0,8.70899772644043,9.8927583694458,15.843119621276855,47.497440338134766
4520.5,8.569685935974121,9.560115814208984,15.843118667602539,47.497440338134766
4522.0,8.9939546585083,10.634631156921387,15.843123435974121,47.497440338134766
4523.5,8.917213439941406,9.869361877441406,15.843123435974121,47.497440338134766
4525.0,8.719801902770996,10.091787338256836,15.843118667602539,47.497440338134766
4526.5,8.763774871826172,9.566189765930176,15.843114852905273,47.4974365234375
4528.0,9.204565048217773,10.498979568481445,15.843113899230957,47.4974365234375
4529.5,9.635322570800781,10.61848258972168,15.84311580657959,47.497440338134766
4531.0,10.316490173339844,11.608238220214844,15.843117713928223,47.497440338134766
4532.5,9.117330551147461,10.013402938842773,15.843121528625488,47.48691177368164
4534.0,9.985183715820312,11.257906913757324,15.843123435974121,47.48691177368164
4535.5,9.426941871643066,10.026611328125,15.843121528625488,47.48691177368164
4537.0,10.244912147521973,11.48597526550293,15.874648094177246,47.497440338134766
4538.5,9.519829750061035,10.528803825378418,15.874651908874512,47.497440338134766
4540.0,8.663671493530273,9.221513748168945,15.874652862548828,47.49744415283203
4541.5,9.92203140258789,10.58535099029541,15.874649047851562,47.497440338134766
4543.0,9.100723266601562,10.125114440917969,15.874649047851562,47.497440338134766
4544.5,9.085283279418945,10.062759399414062,15.874651908874512,47.49744415283203
4546.0,9.542539596557617,10.5302152633667,15.874650001525879,47.497440338134766
4547.5,9.398706436157227,10.462778091430664,15.874649047851562,47.497440338134766
4549.0,8.842205047607422,9.83480453491211,15.874648094177246,47.497440338134766
4550.5,8.65031909942627,9.68902587890625,15.874640464782715,47.4974365234375
4552.0,9.726604461669922,10.834239959716797,15.874641418457031,47.4974365234375
4553.5,10.014240264892578,10.967889785766602,15.87464427947998,47.4974365234375
4555.0,8.774112701416016,9.790925025939941,15.874641418457031,47.4974365234375
4556.5,10.15380859375,11.297771453857422,15.874637603759766,47.4974365234375
4558.0,9.46980094909668,10.262924194335938,15.874637603759766,47.4974365234375
4559.5,9.820489883422852,10.808046340942383,15.874642372131348,47.4974365234375
4561.0,9.775247573852539,10.891809463500977,15.874642372131348,47.4974365234375
4562.5,10.36956787109375,11.336078643798828,15.874640464782715,47.4974365234375
4564.0,10.816865921020508,11.629951477050781,15.874639511108398,47.4974365234375
4565.5,9.281488418579102,9.953524589538574,15.87463665008545,47.486907958984375
4567.0,10.596471786499023,11.933853149414062,15.8746337890625,47.486907958984375
4568.5,10.454278945922852,11.499382019042969,15.87463665008545,47.486907958984375
4570.0,10.518241882324219,11.42874813079834,15.874640464782715,47.486907958984375
4571.5,9.610684394836426,10.26253890991211,15.874638557434082,47.486907958984375
4573.0,9.818910598754883,10.946832656860352,15.874635696411133,47.486907958984375
4574.5,9.016489028930664,9.714334487915039,15.8746337890625,47.486907958984375
4576.0,8.542963981628418,9.561285972595215,15.874634742736816,47.48690414428711
4577.5,7.414063930511475,8.14990234375,15.874632835388184,47.486907958984375
4579.0,8.543998718261719,9.661515235900879,15.8746337890625,47.486907958984375
4580.5,8.829014778137207,10.114450454711914,15.874632835388184,47.486907958984375
4582.0,8.50025463104248,9.314136505126953,15.874631881713867,47.486900329589844
4583.5,9.19255542755127,10.137388229370117,15.874632835388184,47.486907958984375
4585.0,9.317967414855957,10.453695297241211,15.874632835388184,47.486907958984375
4586.5,9.831663131713867,10.726422309875488,15.874631881713867,47.486900329589844
4588.0,8.817540168762207,9.81007194519043,15.87463092803955,47.486900329589844
4697.5,10.867904663085938,11.788904190063477,15.937487602233887,47.51847457885742
4699.0,9.964561462402344,11.105363845825195,15.937482833862305,47.518470764160156
4700.5,9.452840805053711,10.226821899414062,15.937479972839355,47.518470764160156
4702.0,9.327047348022461,10.535276412963867,15.937479019165039,47.518470764160156
4703.5,9.04136848449707,9.726835250854492,15.937479019165039,47.518470764160156
4705.0,10.033599853515625,11.119848251342773,15.937479019165039,47.518470764160156
4706.5,10.762611389160156,11.613304138183594,15.937481880187988,47.518470764160156
4708.0,11.704200744628906,13.023311614990234,15.937482833862305,47.518470764160156
4709.5,10.556103706359863,11.371814727783203,15.937480926513672,47.518470764160156
4711.0,10.787675857543945,11.747262954711914,15.937482833862305,47.51847457885742
4712.5,10.196786880493164,11.065862655639648,15.937483787536621,47.518470764160156
4714.0,9.74368667602539,10.539931297302246,15.937482833862305,47.518470764160156
4715.5,9.948945045471191,10.697732925415039,15.937481880187988,47.518470764160156
4717.0,9.686819076538086,10.522598266601562,15.937482833862305,47.518470764160156
4718.5,10.644477844238281,11.582108497619629,15.937484741210938,47.52899169921875
4720.0,10.65914535522461,11.567983627319336,15.93748664855957,47.528995513916016
4721.5,10.921976089477539,11.849611282348633,15.93748664855957,47.528995513916016
4723.0,11.683882713317871,12.898563385009766,15.937484741210938,47.528995513916016
4724.5,11.645904541015625,12.542957305908203,15.93748664855957,47.528995513916016
4726.0,12.516841888427734,13.65997314453125,15.937488555908203,47.528995513916016
4727.5,11.9800386428833,13.146533966064453,15.937485694885254,47.528995513916016
4729.0,11.680424690246582,12.742778778076172,15.937482833862305,47.52899169921875
4730.5,11.437870025634766,12.477551460266113,15.937485694885254,47.528995513916016
4732.0,11.764575958251953,12.901668548583984,15.937484741210938,47.528995513916016
4733.5,10.770346641540527,11.379938125610352,15.937483787536621,47.550025939941406
4735.0,10.740640640258789,11.870744705200195,15.937485694885254,47.55002975463867
4736.5,10.116262435913086,10.875253677368164,15.937485694885254,47.55002975463867
4738.0,10.650374412536621,11.616508483886719,15.937485694885254,47.55002975463867
4739.5,10.657886505126953,11.385488510131836,15.93748950958252,47.55002975463867
4741.0,11.173013687133789,12.366584777832031,15.937490463256836,47.528995513916016
4742.5,10.313857078552246,11.251354217529297,15.937491416931152,47.52899932861328
4744.0,10.93144416809082,12.292070388793945,15.937494277954102,47.52899932861328
4745.5,10.389371871948242,11.378911972045898,15.937493324279785,47.52899932861328
4747.0,9.437562942504883,10.186483383178711,15.937487602233887,47.528995513916016
4748.5,8.537375450134277,9.11781120300293,16.03132438659668,47.56053924560547
4750.0,8.74099349975586,9.541289329528809,16.03132438659668,47.560543060302734
4751.5,9.02385139465332,9.6052885055542,16.03132438659668,47.56053924560547
4753.0,9.74174690246582,10.898176193237305,16.031322479248047,47.560543060302734
4754.5,9.76710319519043,10.536310195922852,16.03132438659668,47.560543060302734
4756.0,9.868762016296387,10.820893287658691,15.937481880187988,47.528995513916016
4757.5,10.17666244506836,10.981781005859375,15.937479972839355,47.52899169921875
4759.0,10.973855972290039,12.065410614013672,15.937479019165039,47.52899169921875
4760.5,10.418402671813965,11.171171188354492,15.968822479248047,47.56053924560547
4762.0,11.019989013671875,12.213750839233398,15.96882152557373,47.56053924560547
4763.5,10.966148376464844,11.894796371459961,15.968818664550781,47.56053924560547
4765.0,10.519105911254883,11.562545776367188,15.968816757202148,47.5605354309082
4766.5,10.170661926269531,10.779830932617188,15.968816757202148,47.56053924560547
4768.0,10.263631820678711,11.041128158569336,15.937475204467773,47.52899169921875
4769.5,10.157468795776367,10.901517868041992,15.937475204467773,47.52899169921875
4771.0,9.839516639709473,10.673745155334473,15.937477111816406,47.52899169921875
4772.5,9.931011199951172,10.624735832214355,15.93747615814209,47.52899169921875
4774.0,10.36439323425293,11.255043029785156,15.937477111816406,47.52899169921875
4775.5,10.85991096496582,11.917206764221191,15.937479019165039,47.52899169921875
4777.0,11.04129695892334,12.31258773803711,15.937479972839355,47.52899169921875
4778.5,11.495261192321777,12.334187507629395,15.937479972839355,47.52899169921875
4780.0,12.096002578735352,13.517766952514648,15.937481880187988,47.52899169921875
4781.5,10.99757194519043,11.958932876586914,15.937479972839355,47.52899169921875
4783.0,11.424306869506836,12.378469467163086,15.937477111816406,47.52899169921875
4784.5,11.505807876586914,12.453401565551758,15.937475204467773,47.52899169921875
4786.0,11.381149291992188,12.293585777282715,15.937475204467773,47.52899169921875
4787.5,11.784282684326172,12.620452880859375,15.937475204467773,47.52899169921875
4789.0,11.514296531677246,12.268091201782227,15.93747615814209,47.518470764160156
4790.5,11.662059783935547,12.413949966430664,15.93747615814209,47.518470764160156
4792.0,11.306121826171875,12.393953323364258,15.937477111816406,47.518470764160156
4793.5,11.00595760345459,11.807161331176758,15.937478065490723,47.518470764160156
4795.0,11.955759048461914,12.75648307800293,15.937479019165039,47.518470764160156
4796.5,11.731925964355469,12.761000633239746,15.937479019165039,47.518470764160156
4798.0,12.240874290466309,13.115230560302734,15.937479972839355,47.518470764160156
4799.5,12.03791618347168,13.077030181884766,15.937478065490723,47.518470764160156
4801.0,11.480612754821777,12.52926254272461,15.93747615814209,47.518470764160156
4802.5,11.67311954498291,12.720657348632812,15.93747615814209,47.52899169921875
4804.0,12.146556854248047,13.395589828491211,15.937477111816406,47.52899169921875
4805.5,11.72336196899414,12.64531135559082,15.937479019165039,47.52899169921875
4807.0,12.29904556274414,13.404460906982422,15.906074523925781,47.518470764160156
4808.5,12.481877326965332,13.473103523254395,15.906073570251465,47.52899169921875
4810.0,11.909163475036621,13.04295825958252,15.906072616577148,47.52899169921875
4811.5,11.905031204223633,12.71365737915039,15.906072616577148,47.52899169921875
4813.0,11.894468307495117,12.878866195678711,15.906073570251465,47.52899169921875
4814.5,11.625284194946289,12.503063201904297,15.906074523925781,47.52899169921875
4816.0,11.960044860839844,12.962396621704102,15.906076431274414,47.52899169921875
4817.5,12.199831008911133,13.031396865844727,15.90608024597168,47.52899169921875
4819.0,13.598567008972168,14.88177490234375,15.874618530273438,47.51847457885742
4820.5,12.58238410949707,13.551055908203125,15.874618530273438,47.51847457885742
4822.0,12.435362815856934,13.467278480529785,15.874619483947754,47.51847457885742
4823.5,12.154260635375977,12.937938690185547,15.874617576599121,47.51847457885742
4825.0,12.18707275390625,13.450751304626465,15.874613761901855,47.518470764160156
4826.5,10.845487594604492,11.685165405273438,15.874612808227539,47.518470764160156
4828.0,11.232627868652344,12.289905548095703,15.874613761901855,47.518470764160156
4829.5,10.940929412841797,11.737920761108398,15.874614715576172,47.51847457885742
4831.0,11.47894287109375,12.32996940612793,15.874614715576172,47.518470764160156
4832.5,11.899040222167969,13.018681526184082,15.874612808227539,47.518470764160156
4834.0,11.569226264953613,12.431723594665527,15.874615669250488,47.51847457885742
4835.5,12.318883895874023,13.307701110839844,15.874618530273438,47.51847457885742
4837.0,12.261414527893066,13.258142471313477,15.874616622924805,47.51847457885742
4838.5,12.49370002746582,13.350244522094727,15.874615669250488,47.518470764160156
4840.0,12.914072036743164,14.177544593811035,15.874618530273438,47.51847457885742
4841.5,12.773120880126953,13.907527923583984,15.874617576599121,47.51847457885742
4843.0,13.328186988830566,14.648860931396484,15.843086242675781,47.50794982910156
4844.5,13.400595664978027,14.507805824279785,15.843085289001465,47.50794982910156
4846.0,13.349363327026367,14.713661193847656,15.843085289001465,47.5079460144043
4847.5,13.627312660217285,14.66995906829834,15.843088150024414,47.4974250793457
4849.0,13.55518913269043,14.725221633911133,15.843087196350098,47.4974250793457
4850.5,13.322305679321289,14.547243118286133,15.843082427978516,47.49742126464844
4852.0,13.12877368927002,14.244935035705566,15.8430814743042,47.49742126464844
4853.5,12.779281616210938,13.659626007080078,15.8430814743042,47.49742126464844
4855.0,12.54677963256836,13.793294906616211,15.843082427978516,47.49742126464844
4856.5,12.942500114440918,14.079963684082031,15.843077659606934,47.49742126464844
4858.0,13.095687866210938,13.983818054199219,15.843074798583984,47.497413635253906
4859.5,13.193363189697266,14.191659927368164,15.843073844909668,47.497413635253906
4861.0,12.34028434753418,13.412887573242188,15.843073844909668,47.497413635253906
4862.5,12.876531600952148,13.696619033813477,15.843080520629883,47.49742126464844
4864.0,12.568821907043457,13.567924499511719,15.843080520629883,47.49742126464844
4865.5,12.127082824707031,13.017581939697266,15.843073844909668,47.49741744995117
4867.0,12.307048797607422,13.236079216003418,15.843073844909668,47.497413635253906
4868.5,12.059757232666016,12.807121276855469,15.843076705932617,47.49741744995117
4870.0,12.383728981018066,13.170304298400879,15.84307861328125,47.49741744995117
4871.5,13.186131477355957,14.277807235717773,15.84307861328125,47.49741744995117
4873.0,12.573936462402344,13.396175384521484,15.843072891235352,47.497413635253906
4874.5,12.761507034301758,13.560662269592285,15.843073844909668,47.497413635253906
4876.0,13.384068489074707,14.212564468383789,15.843077659606934,47.49741744995117
4877.5,13.801847457885742,14.775813102722168,15.84307861328125,47.49741744995117
4879.0,15.227973937988281,16.651750564575195,15.843080520629883,47.49742126464844
4880.5,14.723804473876953,15.937439918518066,15.874610900878906,47.5079460144043
4882.0,14.800177574157715,16.01529312133789,15.874611854553223,47.5079460144043
4883.5,13.547569274902344,14.349876403808594,15.874610900878906,47.5079460144043
4885.0,14.326128959655762,15.641815185546875,15.87460994720459,47.5079460144043
4886.5,13.90465259552002,14.803781509399414,15.874608993530273,47.50794219970703
4888.0,13.198623657226562,14.05644702911377,15.874606132507324,47.50794219970703
4889.5,12.802339553833008,13.583366394042969,15.84307861328125,47.5079460144043
4891.0,12.73061752319336,13.715205192565918,15.84307861328125,47.5079460144043
4892.5,13.198648452758789,14.24914264678955,15.84307861328125,47.5079460144043
4894.0,12.897699356079102,13.898096084594727,15.843079566955566,47.518470764160156
4895.5,14.341068267822266,15.69747543334961,15.8430814743042,47.518470764160156
4897.0,13.030488014221191,14.110782623291016,15.8430814743042,47.518470764160156
4898.5,13.280210494995117,14.37112808227539,15.843080520629883,47.518470764160156
4900.0,12.877445220947266,13.603170394897461,15.84307861328125,47.518470764160156
4901.5,12.783012390136719,13.827798843383789,15.843077659606934,47.518470764160156
4903.0,12.220497131347656,13.154882431030273,15.8430757522583,47.518470764160156
4904.5,12.104164123535156,13.067705154418945,15.8430757522583,47.518470764160156
4906.0,11.813497543334961,12.924140930175781,15.84307861328125,47.518470764160156
4907.5,12.012794494628906,13.113726615905762,15.843079566955566,47.52899169921875
4909.0,11.491544723510742,12.24061107635498,15.8430757522583,47.52899169921875
4910.5,11.94011116027832,13.115230560302734,15.843072891235352,47.52898406982422
4912.0,12.086624145507812,13.04654312133789,15.843072891235352,47.52898406982422
4913.5,12.170696258544922,13.11526107788086,15.843072891235352,47.52898406982422
4915.0,12.821053504943848,13.757725715637207,15.843073844909668,47.52898406982422
4916.5,12.98758602142334,14.033014297485352,15.8430757522583,47.528987884521484
4918.0,13.049663543701172,14.127983093261719,15.843076705932617,47.52899169921875
4919.5,12.852645874023438,13.6756591796875,15.843071937561035,47.52898406982422
4921.0,12.970447540283203,13.843423843383789,15.843066215515137,47.52898406982422
4922.5,12.135086059570312,12.964990615844727,15.843067169189453,47.52898406982422
4924.0,12.775752067565918,13.66655158996582,15.843072891235352,47.52898406982422
4925.5,12.550300598144531,13.646252632141113,15.8430757522583,47.53950500488281
4927.0,12.743602752685547,13.965749740600586,15.843076705932617,47.528987884521484
4928.5,12.819695472717285,13.952522277832031,15.843074798583984,47.528987884521484
4930.0,12.770364761352539,13.878454208374023,15.843073844909668,47.52898406982422
4931.5,12.456900596618652,13.302579879760742,15.843073844909668,47.52898406982422
4933.0,12.599821090698242,13.702605247497559,15.843074798583984,47.52898406982422
4934.5,12.639486312866211,13.583831787109375,15.843073844909668,47.52898406982422
4936.0,12.870487213134766,14.071050643920898,15.843072891235352,47.52898406982422
4937.5,13.823684692382812,15.234563827514648,15.843076705932617,47.528987884521484
4939.0,15.088773727416992,16.463464736938477,15.84307861328125,47.528987884521484
4940.5,14.219554901123047,15.325037002563477,15.8430757522583,47.52898406982422
4942.0,13.900848388671875,15.044979095458984,15.843074798583984,47.53950500488281
4943.5,13.612451553344727,14.916081428527832,15.843076705932617,47.53950500488281
4945.0,14.10741901397705,15.116695404052734,15.843076705932617,47.53950500488281
4946.5,13.125955581665039,14.276557922363281,15.843073844909668,47.53950500488281
4948.0,13.679740905761719,14.7452392578125,15.811483383178711,47.528987884521484
4949.5,13.72809886932373,14.665714263916016,15.811487197875977,47.52899169921875
4951.0,14.013334274291992,15.325740814208984,15.81148624420166,47.52899169921875
4952.5,13.790031433105469,14.808835983276367,15.811487197875977,47.52899169921875
4954.0,13.884855270385742,14.877779006958008,15.843080520629883,47.53950881958008
4955.5,14.102362632751465,15.132953643798828,15.843082427978516,47.53950881958008
4957.0,13.140628814697266,14.043662071228027,15.843076705932617,47.53950881958008
4958.5,13.170476913452148,14.29460620880127,15.843069076538086,47.53950500488281
4960.0,14.0048828125,15.206042289733887,15.843070030212402,47.53950500488281
4961.5,13.140242576599121,14.2513427734375,15.843073844909668,47.53950500488281
4963.0,12.958651542663574,13.937259674072266,15.843074798583984,47.53950500488281
4964.5,13.839380264282227,15.081125259399414,15.843076705932617,47.55002212524414
4966.0,13.477035522460938,14.498302459716797,15.843077659606934,47.55002212524414
4967.5,13.542875289916992,14.511080741882324,15.84307861328125,47.550025939941406
4969.0,13.343526840209961,14.30313491821289,15.843079566955566,47.550025939941406
4970.5,13.079957962036133,13.732161521911621,15.84307861328125,47.57105255126953
4972.0,13.628202438354492,14.601219177246094,15.843080520629883,47.57105255126953
4973.5,14.422971725463867,15.690582275390625,15.843084335327148,47.57105255126953
4975.0,13.356008529663086,14.437057495117188,15.843084335327148,47.57105255126953
4976.5,13.124849319458008,14.02454948425293,15.843083381652832,47.57105255126953
4978.0,13.71922492980957,14.729549407958984,15.811493873596191,47.53950881958008
4979.5,13.439371109008789,14.78616714477539,15.811495780944824,47.539512634277344
4981.0,13.636651992797852,14.818050384521484,15.811497688293457,47.539512634277344
4982.5,12.994012832641602,14.008267402648926,15.811498641967773,47.539512634277344
4984.0,12.733717918395996,13.72079086303711,15.811495780944824,47.52899169921875
4985.5,14.012002944946289,15.33778190612793,15.811495780944824,47.528995513916016
4987.0,13.89207649230957,15.19996452331543,15.81149673461914,47.528995513916016
4988.5,13.75883674621582,14.628684997558594,15.779844284057617,47.51847457885742
4990.0,13.641115188598633,14.923905372619629,15.779842376708984,47.51847457885742
4991.5,14.319208145141602,15.663935661315918,15.779840469360352,47.518470764160156
4993.0,13.333824157714844,14.38184642791748,15.779839515686035,47.518470764160156
4994.5,14.636543273925781,15.840543746948242,15.779840469360352,47.52899169921875
4996.0,14.729408264160156,15.91899299621582,15.77983570098877,47.52899169921875
4997.5,14.385265350341797,15.405460357666016,15.779834747314453,47.52899169921875
4999.0,15.033348083496094,16.29131317138672,15.77983283996582,47.528987884521484
5000.5,13.593923568725586,14.591516494750977,15.779829025268555,47.52898406982422
5002.0,13.765287399291992,14.874372482299805,15.779828071594238,47.52898406982422
5003.5,13.990306854248047,14.822282791137695,15.779829025268555,47.52898406982422
5005.0,15.152946472167969,16.411420822143555,15.779829025268555,47.52898406982422
5006.5,14.59553050994873,15.565919876098633,15.779827117919922,47.52898406982422
5008.0,14.142014503479004,15.00821304321289,15.779826164245605,47.52898406982422
5009.5,14.26001262664795,15.450040817260742,15.779827117919922,47.52898406982422
5011.0,14.196935653686523,15.486324310302734,15.779828071594238,47.52898406982422
5012.5,14.119290351867676,15.171884536743164,15.779827117919922,47.53950500488281
5014.0,13.672334671020508,14.733694076538086,15.779823303222656,47.53950119018555
5015.5,14.26019287109375,15.297744750976562,15.779823303222656,47.53950500488281
5017.0,14.728126525878906,16.01097297668457,15.779826164245605,47.53950500488281
5018.5,14.123946189880371,15.269987106323242,15.779826164245605,47.53950500488281
5020.0,13.472532272338867,14.477214813232422,15.779825210571289,47.53950500488281
5021.5,12.972321510314941,13.81448745727539,15.779827117919922,47.53950500488281
5023.0,13.351980209350586,14.691722869873047,15.779827117919922,47.550018310546875
5024.5,13.697973251342773,14.93751335144043,15.779827117919922,47.550018310546875
5026.0,13.510327339172363,14.772207260131836,15.779829025268555,47.550018310546875
5027.5,12.80064582824707,13.616704940795898,15.779828071594238,47.550018310546875
5029.0,13.199033737182617,14.31017780303955,15.779826164245605,47.550018310546875
5030.5,12.69798755645752,13.554412841796875,15.779828071594238,47.550018310546875
5032.0,12.194665908813477,13.017776489257812,15.779829025268555,47.550018310546875
5033.5,12.697786331176758,13.6579008102417,15.779830932617188,47.550018310546875
5035.0,12.704434394836426,13.850790023803711,15.779829025268555,47.550018310546875
5036.5,12.976007461547852,13.970296859741211,15.779826164245605,47.550018310546875
5038.0,12.227346420288086,13.350661277770996,15.779825210571289,47.550018310546875
5039.5,13.113520622253418,14.302848815917969,15.779826164245605,47.550018310546875
5041.0,13.182123184204102,14.425691604614258,15.77982234954834,47.550018310546875
5042.5,13.64506721496582,14.834268569946289,15.779820442199707,47.55001449584961
5044.0,13.289323806762695,14.46391773223877,15.77982234954834,47.550018310546875
5045.5,13.436010360717773,14.375554084777832,15.779828071594238,47.550018310546875
5047.0,13.816164016723633,15.018758773803711,15.779829978942871,47.550018310546875
5048.5,13.561578750610352,14.713994979858398,15.779828071594238,47.550018310546875
5050.0,13.921424865722656,15.014686584472656,15.811479568481445,47.5605354309082
5051.5,13.37830924987793,14.430606842041016,15.811477661132812,47.5605354309082
5053.0,12.938767433166504,14.123279571533203,15.811478614807129,47.5605354309082
5054.5,12.45489501953125,13.409770965576172,15.811477661132812,47.5605354309082
5056.0,13.60688591003418,14.637565612792969,15.779827117919922,47.550018310546875
5057.5,12.306525230407715,13.326502799987793,15.779827117919922,47.5605354309082
5059.0,12.797588348388672,13.835355758666992,15.779828071594238,47.5605354309082
5060.5,13.170555114746094,14.349650382995605,15.779828071594238,47.5605354309082
5062.0,13.647985458374023,14.913944244384766,15.779829025268555,47.5605354309082
5063.5,13.645763397216797,14.814050674438477,15.779828071594238,47.5605354309082
5065.0,14.462251663208008,15.681756019592285,15.779829025268555,47.5605354309082
5066.5,13.643508911132812,14.618413925170898,15.779828071594238,47.571044921875
5068.0,13.707759857177734,14.833097457885742,15.779826164245605,47.571044921875
5069.5,13.786015510559082,14.79147720336914,15.779828071594238,47.592063903808594
5071.0,13.057099342346191,14.135795593261719,15.779830932617188,47.592063903808594
5072.5,12.516998291015625,13.443697929382324,15.779829978942871,47.592063903808594
5074.0,13.580843925476074,14.622888565063477,15.779826164245605,47.592063903808594
5075.5,13.854947090148926,15.293173789978027,15.779824256896973,47.592063903808594
5077.0,13.719595909118652,14.805862426757812,15.74810791015625,47.5605354309082
5078.5,13.173416137695312,14.307392120361328,15.74810791015625,47.5605354309082
5080.0,13.061378479003906,14.062820434570312,15.7481050491333,47.5605354309082
5081.5,12.865469932556152,13.885622024536133,15.7481050491333,47.56053161621094
5083.0,13.900497436523438,15.112476348876953,15.748113632202148,47.5605354309082
5084.5,13.806970596313477,14.972972869873047,15.74811840057373,47.57105255126953
5086.0,13.627166748046875,14.665994644165039,15.748120307922363,47.57105255126953
5087.5,14.392889022827148,15.87433910369873,15.748123168945312,47.560543060302734
5089.0,13.514341354370117,14.825698852539062,15.74812126159668,47.56053924560547
5090.5,13.40048599243164,14.513136863708496,15.748115539550781,47.5605354309082
5092.0,13.01942253112793,14.137575149536133,15.748112678527832,47.5605354309082
5093.5,13.43026351928711,14.723949432373047,15.748112678527832,47.5605354309082
5095.0,13.551966667175293,14.969669342041016,15.7481107711792,47.5605354309082
5096.5,13.151334762573242,14.109733581542969,15.7481107711792,47.5605354309082
5098.0,13.464889526367188,14.59228229522705,15.7481107711792,47.5605354309082
5099.5,13.084835052490234,14.245172500610352,15.748108863830566,47.5605354309082
5101.0,12.75596809387207,13.636052131652832,15.748109817504883,47.5605354309082
5102.5,13.633825302124023,14.691183090209961,15.7481107711792,47.5605354309082
5104.0,13.362323760986328,14.312789916992188,15.748108863830566,47.550018310546875
5105.5,13.061899185180664,14.089361190795898,15.748106956481934,47.5605354309082
5107.0,13.097100257873535,14.02580451965332,15.748106956481934,47.5605354309082
5108.5,13.371539115905762,14.3348970413208,15.748106002807617,47.5605354309082
5110.0,13.916748046875,15.032516479492188,15.748106002807617,47.5605354309082
5111.5,14.058812141418457,15.222749710083008,15.748106956481934,47.5605354309082
5113.0,14.613550186157227,15.995410919189453,15.74810791015625,47.550018310546875
5114.5,14.219117164611816,15.23904037475586,15.7481107711792,47.550018310546875
5116.0,14.311521530151367,15.572890281677246,15.748109817504883,47.550018310546875
5117.5,13.872665405273438,14.89820671081543,15.748109817504883,47.550018310546875
5119.0,13.9562406539917,15.00082778930664,15.748111724853516,47.550018310546875
5120.5,14.344705581665039,15.348655700683594,15.748109817504883,47.550018310546875
5122.0,13.499421119689941,14.773661613464355,15.74810791015625,47.550018310546875
5123.5,12.698368072509766,13.528053283691406,15.748106002807617,47.550018310546875
5125.0,13.42620849609375,14.481740951538086,15.748104095458984,47.550018310546875
5126.5,13.357315063476562,14.264446258544922,15.748104095458984,47.550018310546875
5128.0,13.909405708312988,15.115180969238281,15.748104095458984,47.550018310546875
5129.5,13.279654502868652,14.655588150024414,15.748104095458984,47.550018310546875
5131.0,13.372079849243164,14.55911636352539,15.7481050491333,47.550018310546875
5132.5,13.563567161560059,14.619928359985352,15.74810791015625,47.550018310546875
5134.0,13.919068336486816,15.09391975402832,15.748108863830566,47.550018310546875
5135.5,13.863333702087402,14.928741455078125,15.748109817504883,47.550018310546875
5137.0,14.207944869995117,15.499037742614746,15.7481107711792,47.550018310546875
5138.5,14.612201690673828,15.755289077758789,15.7481107711792,47.550018310546875
5140.0,14.74710464477539,16.04175567626953,15.74810791015625,47.550018310546875
5141.5,14.424297332763672,15.469947814941406,15.74810791015625,47.550018310546875
5143.0,14.242578506469727,15.241328239440918,15.748108863830566,47.550018310546875
5144.5,14.567825317382812,15.738086700439453,15.748109817504883,47.550018310546875
5146.0,14.01230239868164,15.050008773803711,15.748108863830566,47.550018310546875
5147.5,14.213910102844238,15.279132843017578,15.7481107711792,47.550018310546875
5149.0,14.186150550842285,15.33715534210205,15.748109817504883,47.550018310546875
5150.5,14.452838897705078,15.454249382019043,15.748111724853516,47.550018310546875
5152.0,14.531286239624023,15.818800926208496,15.748111724853516,47.550018310546875
5153.5,13.692777633666992,14.564303398132324,15.748112678527832,47.550018310546875
5155.0,12.608774185180664,13.239851951599121,15.748113632202148,47.55002212524414
5156.5,13.534234046936035,14.435362815856934,15.748114585876465,47.550025939941406
5158.0,12.6349458694458,13.628707885742188,15.748112678527832,47.55002212524414
5159.5,13.033960342407227,14.217546463012695,15.7481107711792,47.550018310546875
5161.0,12.310583114624023,13.133914947509766,15.748108863830566,47.550018310546875
5162.5,13.347477912902832,14.471407890319824,15.748108863830566,47.550018310546875
5164.0,13.533449172973633,14.694478034973145,15.748106956481934,47.550018310546875
5165.5,13.283166885375977,14.25374984741211,15.748106002807617,47.550018310546875
5167.0,13.954374313354492,15.203763961791992,15.748102188110352,47.53950119018555
5168.5,13.9332275390625,15.032440185546875,15.716317176818848,47.52898025512695
5170.0,13.853022575378418,15.070825576782227,15.716317176818848,47.52898025512695
5171.5,14.174792289733887,15.179393768310547,15.716320037841797,47.52898406982422
5173.0,14.05607795715332,15.134319305419922,15.716316223144531,47.51845932006836
5174.5,13.344770431518555,14.197171211242676,15.716314315795898,47.51845932006836
5176.0,14.498228073120117,15.643712043762207,15.716320037841797,47.51845932006836
5177.5,14.562037467956543,15.759995460510254,15.716324806213379,47.518463134765625
5179.0,14.253746032714844,15.596988677978516,15.716324806213379,47.51845932006836
5180.5,14.058967590332031,15.264436721801758,15.716324806213379,47.518463134765625
5182.0,13.658946990966797,14.607067108154297,15.71632194519043,47.51845932006836
5183.5,13.313746452331543,14.206375122070312,15.716316223144531,47.53949737548828
5185.0,12.737902641296387,13.41170883178711,15.71631145477295,47.539493560791016
5186.5,12.980775833129883,13.929665565490723,15.716314315795898,47.53949737548828
5188.0,13.463364601135254,14.534268379211426,15.716324806213379,47.53950500488281
5189.5,13.830137252807617,14.868810653686523,15.716333389282227,47.53950500488281
5191.0,14.393712997436523,15.508195877075195,15.71633243560791,47.518470764160156
5192.5,14.441967010498047,15.346601486206055,15.716328620910645,47.518463134765625
5194.0,13.693611145019531,14.652624130249023,15.716322898864746,47.51845932006836
5195.5,13.827337265014648,14.660066604614258,15.716323852539062,47.51845932006836
5197.0,14.434202194213867,15.766458511352539,15.716324806213379,47.518463134765625
5198.5,14.29855728149414,15.624987602233887,15.716333389282227,47.518470764160156
5200.0,14.617912292480469,15.9028902053833,15.716343879699707,47.51847457885742
5201.5,14.227897644042969,15.312253952026367,15.71634292602539,47.518470764160156
5203.0,14.182943344116211,15.403244972229004,15.716339111328125,47.52899169921875
5204.5,14.637548446655273,16.21746063232422,15.716338157653809,47.52899169921875
5206.0,14.384225845336914,15.729866981506348,15.716330528259277,47.52898406982422
5207.5,13.713388442993164,14.632730484008789,15.716322898864746,47.52898406982422
5209.0,14.751967430114746,16.01046371459961,15.716323852539062,47.52898406982422
5210.5,14.129678726196289,15.188541412353516,15.716325759887695,47.53950500488281
5212.0,15.028671264648438,16.36731719970703,15.716330528259277,47.53950500488281
5213.5,14.456853866577148,15.536500930786133,15.716329574584961,47.53950500488281
5215.0,14.675342559814453,15.822386741638184,15.716327667236328,47.53950500488281
5216.5,14.319183349609375,15.095760345458984,15.716325759887695,47.53950500488281
5218.0,13.616118431091309,14.643510818481445,15.716325759887695,47.53950500488281
5219.5,15.666979789733887,16.881664276123047,15.716330528259277,47.53950500488281
5221.0,14.839630126953125,16.139089584350586,15.716331481933594,47.53950500488281
5222.5,13.248296737670898,14.152458190917969,15.716328620910645,47.53950500488281
5224.0,14.889726638793945,16.164758682250977,15.716329574584961,47.53950500488281
5225.5,14.597875595092773,15.790824890136719,15.716334342956543,47.53950881958008
5227.0,13.755783081054688,14.693048477172852,15.716329574584961,47.53950500488281
5228.5,14.008466720581055,15.05375862121582,15.716320037841797,47.53949737548828
5230.0,13.72528076171875,14.850801467895508,15.748101234436035,47.55001449584961
5231.5,14.267024993896484,15.367706298828125,15.748106002807617,47.550018310546875
5233.0,14.30044174194336,15.632413864135742,15.7481107711792,47.550018310546875
5234.5,13.826011657714844,14.92384147644043,15.74810791015625,47.550018310546875
5236.0,14.18524169921875,15.630817413330078,15.748106002807617,47.550018310546875
5237.5,13.849859237670898,14.847480773925781,15.748106956481934,47.550018310546875
5239.0,13.607964515686035,14.545501708984375,15.748114585876465,47.550025939941406
5240.5,14.800529479980469,16.103553771972656,15.748124122619629,47.550025939941406
5242.0,13.855731010437012,14.796463966369629,15.748119354248047,47.550025939941406
5243.5,13.440393447875977,14.350639343261719,15.74810791015625,47.550018310546875
5245.0,13.490943908691406,14.445610046386719,15.748106002807617,47.550018310546875
5246.5,14.33218765258789,15.253334045410156,15.748106956481934,47.550018310546875
5248.0,14.20824909210205,15.240825653076172,15.748106956481934,47.550018310546875
5249.5,14.471691131591797,15.580845832824707,15.748108863830566,47.550018310546875
5251.0,14.58426570892334,16.22146224975586,15.748111724853516,47.550018310546875
5252.5,13.722074508666992,15.350858688354492,15.748111724853516,47.550018310546875
5254.0,13.792398452758789,14.974451065063477,15.74810791015625,47.550018310546875
5255.5,13.705121040344238,14.52719497680664,15.748111724853516,47.550018310546875
5257.0,14.441560745239258,15.728578567504883,15.74812126159668,47.56053924560547
5258.5,13.338908195495605,14.3849458694458,15.748124122619629,47.56053924560547
5260.0,12.708952903747559,13.67473030090332,15.748115539550781,47.56053924560547
5261.5,13.00486946105957,14.140579223632812,15.748108863830566,47.5605354309082
5263.0,12.318422317504883,13.245473861694336,15.7481050491333,47.56053161621094
5264.5,12.036157608032227,12.871417045593262,15.748100280761719,47.56052780151367
5266.0,11.625814437866211,12.63180923461914,15.74809741973877,47.56052780151367
5267.5,12.009756088256836,12.988334655761719,15.74809741973877,47.56052780151367
5269.0,12.715917587280273,13.643091201782227,15.748098373413086,47.56052780151367
5270.5,12.481782913208008,13.369365692138672,15.748100280761719,47.56052780151367
5272.0,12.704307556152344,13.765016555786133,15.748102188110352,47.56052780151367
5273.5,12.630521774291992,13.535423278808594,15.748103141784668,47.56053161621094
5275.0,12.633553504943848,13.46409797668457,15.7481050491333,47.56053161621094
5276.5,13.087326049804688,14.064932823181152,15.7481107711792,47.5605354309082
5278.0,13.984140396118164,15.299631118774414,15.748117446899414,47.56053924560547
5279.5,13.188610076904297,14.261155128479004,15.748113632202148,47.5605354309082
5281.0,12.833800315856934,13.790445327758789,15.74810791015625,47.5605354309082
5282.5,13.38337516784668,14.336816787719727,15.748106956481934,47.5605354309082
5284.0,14.17133903503418,15.178529739379883,15.7481050491333,47.56053161621094
5285.5,13.693277359008789,14.792497634887695,15.748106002807617,47.56053161621094
5287.0,14.065019607543945,15.267367362976074,15.748108863830566,47.5605354309082
5288.5,13.676773071289062,14.7399263381958,15.7481107711792,47.5605354309082
5290.0,13.415658950805664,14.578536033630371,15.748109817504883,47.5605354309082
5291.5,12.694122314453125,13.485149383544922,15.748109817504883,47.5605354309082
5293.0,13.206225395202637,14.55119514465332,15.748109817504883,47.5605354309082
5294.5,14.16958236694336,15.428633689880371,15.7481107711792,47.5605354309082
5333.5,13.962368965148926,15.107288360595703,15.748115539550781,47.56053924560547
5335.0,13.928442001342773,15.296197891235352,15.748111724853516,47.5605354309082
5336.5,14.326980590820312,15.373918533325195,15.748111724853516,47.5605354309082
5338.0,14.884527206420898,15.956611633300781,15.748112678527832,47.5605354309082
5339.5,14.877537727355957,16.16046714782715,15.748113632202148,47.5605354309082
5341.0,14.795385360717773,15.914178848266602,15.7481107711792,47.5605354309082
5342.5,14.363662719726562,15.323646545410156,15.748109817504883,47.5605354309082
5344.0,14.380386352539062,15.567346572875977,15.748111724853516,47.5605354309082
5345.5,14.68419361114502,15.979012489318848,15.748113632202148,47.5605354309082
5347.0,13.72593879699707,14.851076126098633,15.748111724853516,47.5605354309082
5348.5,13.573423385620117,14.549729347229004,15.7481107711792,47.5605354309082
5350.0,13.935461044311523,15.167644500732422,15.748114585876465,47.56053924560547
5351.5,14.967670440673828,16.190420150756836,15.748119354248047,47.56053924560547
5353.0,14.461992263793945,15.649653434753418,15.748117446899414,47.56053924560547
5354.5,14.202285766601562,15.275050163269043,15.748113632202148,47.5605354309082
5356.0,14.993843078613281,16.58717155456543,15.748115539550781,47.56053924560547
5357.5,16.058326721191406,17.714069366455078,15.748120307922363,47.56053924560547
5359.0,15.833419799804688,17.729393005371094,15.74811840057373,47.56053924560547
5360.5,15.099084854125977,16.370738983154297,15.748113632202148,47.56053924560547
5362.0,14.993969917297363,16.522531509399414,15.7481107711792,47.5605354309082
5363.5,15.555557250976562,16.839752197265625,15.7481107711792,47.5605354309082
5365.0,15.157829284667969,16.363359451293945,15.74810791015625,47.5605354309082
5366.5,14.162355422973633,15.063471794128418,15.74810791015625,47.5605354309082
5368.0,13.802032470703125,14.665809631347656,15.748108863830566,47.5605354309082
5369.5,13.762380599975586,14.893274307250977,15.748109817504883,47.5605354309082
5371.0,13.640748977661133,14.809720993041992,15.74810791015625,47.5605354309082
5372.5,13.918420791625977,15.148885726928711,15.748106956481934,47.5605354309082
5374.0,14.150025367736816,15.241552352905273,15.748108863830566,47.5605354309082
5375.5,14.352487564086914,15.66254997253418,15.748112678527832,47.5605354309082
5377.0,14.025017738342285,15.041370391845703,15.748114585876465,47.56053924560547
5378.5,14.390350341796875,15.548351287841797,15.748113632202148,47.5605354309082
5380.0,13.84499454498291,15.095335960388184,15.748111724853516,47.5605354309082
5381.5,13.943385124206543,14.796014785766602,15.748111724853516,47.5605354309082
5383.0,14.261219024658203,15.464025497436523,15.7481107711792,47.571044921875
5384.5,14.242704391479492,15.570096969604492,15.7481107711792,47.571044921875
5386.0,14.237074851989746,15.399612426757812,15.7481107711792,47.5815544128418
5387.5,14.708688735961914,16.01300811767578,15.748111724853516,47.58155822753906
5389.0,14.839485168457031,15.80389404296875,15.748112678527832,47.58155822753906
5390.5,14.188223838806152,15.227907180786133,15.7481107711792,47.5815544128418
5392.0,13.817954063415527,14.719486236572266,15.748111724853516,47.5815544128418
5393.5,14.13723373413086,15.188862800598145,15.748112678527832,47.58155822753906
5395.0,13.379755020141602,14.80975341796875,15.748111724853516,47.5815544128418
5396.5,13.077333450317383,14.127706527709961,15.748108863830566,47.5815544128418
5398.0,13.301987648010254,14.265104293823242,15.74810791015625,47.5815544128418
5399.5,13.017711639404297,13.917486190795898,15.748106956481934,47.5815544128418
5401.0,13.667415618896484,14.901583671569824,15.748108863830566,47.5815544128418
5402.5,13.060504913330078,14.263284683227539,15.748108863830566,47.5815544128418
5404.0,14.095710754394531,15.244096755981445,15.748109817504883,47.5815544128418
5405.5,13.630752563476562,14.748723030090332,15.748106956481934,47.5815544128418
5407.0,13.738368034362793,15.30439567565918,15.748106956481934,47.5815544128418
5408.5,14.32044506072998,16.933815002441406,15.748108863830566,47.5815544128418
5410.0,13.747017860412598,16.373546600341797,15.7481107711792,47.5815544128418
5411.5,13.431968688964844,15.122297286987305,15.748109817504883,47.5815544128418
5413.0,13.887358665466309,15.178228378295898,15.7481107711792,47.5815544128418
5414.5,13.152368545532227,14.46664047241211,15.748113632202148,47.58155822753906
5416.0,13.90896987915039,15.289224624633789,15.748115539550781,47.58155822753906
5417.5,13.654670715332031,14.654176712036133,15.748116493225098,47.58155822753906
5419.0,14.306846618652344,15.72244930267334,15.74811840057373,47.58156204223633
5420.5,13.688153266906738,15.056489944458008,15.748117446899414,47.58156204223633
5422.0,13.59737777709961,15.179422378540039,15.748115539550781,47.58155822753906
5423.5,13.596040725708008,14.95926284790039,15.748115539550781,47.58155822753906
5425.0,13.66569709777832,15.014776229858398,15.748114585876465,47.58155822753906
5426.5,13.537504196166992,14.714214324951172,15.716333389282227,47.57105255126953
5428.0,13.533036231994629,14.880561828613281,15.716334342956543,47.57105255126953
5429.5,12.650826454162598,13.640600204467773,15.71633243560791,47.571048736572266
5431.0,12.619415283203125,13.798295974731445,15.716330528259277,47.571048736572266
5432.5,12.600092887878418,13.699213027954102,15.716331481933594,47.571048736572266
5434.0,13.37850284576416,14.779062271118164,15.716333389282227,47.56053924560547
5435.5,13.88184928894043,15.139896392822266,15.716334342956543,47.56053924560547
5437.0,13.512791633605957,14.686004638671875,15.716334342956543,47.5605354309082
5438.5,13.265061378479004,14.511343002319336,15.716334342956543,47.56053924560547
5440.0,12.941625595092773,14.087471961975098,15.716337203979492,47.56053924560547
5441.5,13.467792510986328,14.577604293823242,15.716337203979492,47.56053924560547
5443.0,14.118841171264648,15.382086753845215,15.716339111328125,47.56053924560547
5444.5,14.03219223022461,15.019577980041504,15.716338157653809,47.56053924560547
5446.0,13.220235824584961,14.182878494262695,15.716336250305176,47.56053924560547
5447.5,13.855985641479492,15.122353553771973,15.716336250305176,47.56053924560547
5449.0,14.121651649475098,15.299795150756836,15.716337203979492,47.56053924560547
5450.5,13.88757610321045,15.232946395874023,15.716337203979492,47.56053924560547
5452.0,14.504569053649902,15.752228736877441,15.716339111328125,47.56053924560547
5453.5,13.296004295349121,14.117975234985352,15.716338157653809,47.59206771850586
5455.0,13.56480598449707,14.7026948928833,15.716336250305176,47.59206771850586
5456.5,13.542827606201172,14.741943359375,15.716334342956543,47.592063903808594
5458.0,12.588581085205078,13.583026885986328,15.716338157653809,47.59206771850586
5459.5,13.465914726257324,14.69198226928711,15.716360092163086,47.592079162597656
5461.0,12.601091384887695,13.831562042236328,15.71639347076416,47.592098236083984
5462.5,13.486127853393555,14.710575103759766,15.716476440429688,47.59213638305664
5464.0,12.833887100219727,14.096210479736328,15.716443061828613,47.59212112426758
5465.5,12.479108810424805,13.664557456970215,15.716375350952148,47.59208679199219
5467.0,13.742024421691895,15.015159606933594,15.716346740722656,47.592071533203125
5468.5,13.515366554260254,14.542264938354492,15.716341018676758,47.59206771850586
5470.0,14.023185729980469,15.321210861206055,15.716340065002441,47.59206771850586
5471.5,14.22066593170166,15.356926918029785,15.716340065002441,47.59206771850586
5473.0,14.160216331481934,15.237674713134766,15.716339111328125,47.59206771850586
5474.5,15.015546798706055,16.45945167541504,15.716338157653809,47.59206771850586
5476.0,14.62148666381836,15.899211883544922,15.716338157653809,47.59206771850586
5477.5,14.04513168334961,15.148961067199707,15.716334342956543,47.59206771850586
5479.0,14.620916366577148,16.156021118164062,15.716334342956543,47.592063903808594
5480.5,13.875232696533203,14.779196739196777,15.716337203979492,47.59206771850586
5482.0,14.296310424804688,15.368295669555664,15.716338157653809,47.59206771850586
5483.5,14.567423820495605,15.852428436279297,15.716341018676758,47.592071533203125
5485.0,14.351162910461426,15.433175086975098,15.716343879699707,47.592071533203125
5486.5,13.899999618530273,15.153557777404785,15.716343879699707,47.592071533203125
5488.0,13.884072303771973,15.064393997192383,15.716340065002441,47.592071533203125
5489.5,13.979427337646484,15.167684555053711,15.716337203979492,47.59206771850586
5491.0,14.055234909057617,15.130607604980469,15.716337203979492,47.59206771850586
5492.5,14.55638313293457,15.8965482711792,15.716338157653809,47.59206771850586
5494.0,13.957334518432617,15.048959732055664,15.716337203979492,47.59206771850586
5495.5,13.051426887512207,13.991778373718262,15.716337203979492,47.59206771850586
5497.0,14.028875350952148,15.272985458374023,15.716336250305176,47.59206771850586
5498.5,14.141919136047363,15.394441604614258,15.716337203979492,47.59206771850586
5500.0,14.388427734375,15.733654022216797,15.716338157653809,47.59206771850586
5501.5,13.54228401184082,14.686222076416016,15.716339111328125,47.58156204223633
5503.0,13.970322608947754,15.141607284545898,15.716338157653809,47.58156204223633
5504.5,13.595154762268066,14.848224639892578,15.716337203979492,47.58156204223633
5506.0,13.902914047241211,15.363486289978027,15.716338157653809,47.58156204223633
5507.5,14.02000617980957,15.53373908996582,15.716336250305176,47.58156204223633
5509.0,14.346393585205078,15.973365783691406,15.716337203979492,47.58156204223633
5510.5,14.046121597290039,15.199148178100586,15.716338157653809,47.58156204223633
5512.0,13.808871269226074,15.084158897399902,15.716338157653809,47.58156204223633
5513.5,14.44083023071289,15.93335247039795,15.716338157653809,47.58156204223633
5515.0,14.119779586791992,15.428640365600586,15.716341018676758,47.58156204223633
5516.5,14.633356094360352,15.99772834777832,15.71634292602539,47.581565856933594
5518.0,14.909292221069336,16.214082717895508,15.716341972351074,47.58156204223633
5519.5,14.329994201660156,15.551132202148438,15.716340065002441,47.58156204223633
5521.0,13.849388122558594,15.207136154174805,15.716341972351074,47.58156204223633
5522.5,13.613901138305664,14.763477325439453,15.716344833374023,47.581565856933594
5524.0,14.100427627563477,15.33884048461914,15.716341972351074,47.58156204223633
5525.5,14.040822982788086,15.248605728149414,15.716339111328125,47.58156204223633
5527.0,13.997575759887695,15.338388442993164,15.716339111328125,47.58156204223633
5528.5,13.86087417602539,15.306934356689453,15.716338157653809,47.59206771850586
5530.0,13.571779251098633,14.699480056762695,15.716336250305176,47.59206771850586
5531.5,14.087985038757324,15.24991226196289,15.716336250305176,47.59206771850586
5533.0,13.639176368713379,14.879802703857422,15.716337203979492,47.59206771850586
5534.5,13.701759338378906,15.126747131347656,15.716339111328125,47.59206771850586
5536.0,14.305240631103516,15.883893966674805,15.716338157653809,47.59206771850586
5537.5,14.124099731445312,15.329425811767578,15.716338157653809,47.59206771850586
5539.0,14.083915710449219,15.114643096923828,15.716339111328125,47.59206771850586
5540.5,14.496862411499023,15.638750076293945,15.748122215270996,47.60257339477539
5542.0,14.626861572265625,15.870952606201172,15.748126029968262,47.60257339477539
5543.5,14.700319290161133,15.920072555541992,15.748135566711426,47.60258102416992
5545.0,15.05622673034668,16.568206787109375,15.748143196105957,47.60258102416992
5546.5,14.799423217773438,16.15646743774414,15.748143196105957,47.60258102416992
5548.0,13.77565860748291,14.871428489685059,15.716351509094238,47.592071533203125
5549.5,13.68115234375,14.915454864501953,15.71634578704834,47.592071533203125
5551.0,13.501396179199219,14.706525802612305,15.716347694396973,47.592071533203125
5552.5,12.877912521362305,14.1749267578125,15.716344833374023,47.592071533203125
5554.0,12.799959182739258,13.817248344421387,15.716341018676758,47.58156204223633
5555.5,12.967835426330566,14.066436767578125,15.716340065002441,47.58156204223633
5557.0,14.292320251464844,15.572758674621582,15.716339111328125,47.58156204223633
5558.5,13.184749603271484,14.342700958251953,15.716339111328125,47.58156204223633
5560.0,13.391897201538086,14.529424667358398,15.716340065002441,47.58156204223633
5561.5,13.69190788269043,14.847822189331055,15.716340065002441,47.59206771850586
5563.0,14.152523040771484,15.629228591918945,15.716340065002441,47.59206771850586
5564.5,14.322198867797852,15.576204299926758,15.716353416442871,47.592071533203125
5566.0,15.552607536315918,17.146915435791016,15.716363906860352,47.592079162597656
5567.5,14.168664932250977,15.710197448730469,15.716352462768555,47.592071533203125
5569.0,13.409879684448242,14.709068298339844,15.716341018676758,47.59206771850586
5570.5,14.076948165893555,15.270874977111816,15.716343879699707,47.592071533203125
5572.0,14.67747688293457,16.424774169921875,15.71634578704834,47.592071533203125
5573.5,14.186275482177734,15.591888427734375,15.716352462768555,47.59207534790039
5575.0,15.033841133117676,16.67784881591797,15.716361045837402,47.592079162597656
5576.5,11.649755477905273,13.7984037399292,15.716716766357422,47.59225845336914
5578.0,25.295574188232422,32.88154602050781,15.718750953674316,47.593299865722656
5579.5,32.70188522338867,40.730255126953125,15.72070026397705,47.60477066040039
5581.0,12.860790252685547,15.079397201538086,15.717896461486816,47.592857360839844
5582.5,9.618359565734863,10.571332931518555,15.716583251953125,47.592193603515625
5584.0,16.31565284729004,18.04641342163086,15.716360092163086,47.592079162597656
5585.5,14.65810775756836,15.949670791625977,15.716344833374023,47.592071533203125
5587.0,14.143271446228027,15.323933601379395,15.716340065002441,47.59206771850586
5588.5,14.18256950378418,15.313831329345703,15.716341018676758,47.59206771850586
5590.0,13.74678897857666,15.073891639709473,15.716353416442871,47.59207534790039
5591.5,14.152792930603027,15.611763000488281,15.716357231140137,47.592079162597656
5593.0,13.11728286743164,14.306854248046875,15.716346740722656,47.592071533203125
5594.5,12.303937911987305,13.353469848632812,15.716338157653809,47.59206771850586
5596.0,12.037137031555176,13.084511756896973,15.716336250305176,47.59206771850586
5597.5,11.25196647644043,12.279972076416016,15.716338157653809,47.59206771850586
5599.0,11.861960411071777,13.19134521484375,15.716344833374023,47.592071533203125
5600.5,11.232734680175781,12.712644577026367,15.71634292602539,47.592071533203125
5602.0,10.960884094238281,12.188640594482422,15.716337203979492,47.59206771850586
5603.5,11.318805694580078,12.441099166870117,15.71633529663086,47.59206771850586
5605.0,11.383081436157227,12.397704124450684,15.71634292602539,47.592071533203125
5606.5,13.115957260131836,14.541557312011719,15.716361999511719,47.592079162597656
5608.0,13.32284927368164,14.926395416259766,15.716362953186035,47.592079162597656
5609.5,12.21202564239502,13.463611602783203,15.716346740722656,47.592071533203125
5611.0,12.318957328796387,13.443216323852539,15.716341018676758,47.592071533203125
5612.5,12.30628776550293,13.447158813476562,15.716340065002441,47.59206771850586
5614.0,12.432480812072754,13.517064094543457,15.716339111328125,47.59206771850586
5615.5,11.15310001373291,12.027056694030762,15.716338157653809,47.59206771850586
5617.0,11.675027847290039,12.742263793945312,15.716337203979492,47.59206771850586
5618.5,12.64226245880127,13.894006729125977,15.716343879699707,47.592071533203125
5620.0,13.08609676361084,14.25377368927002,15.716347694396973,47.592071533203125
5621.5,13.31907844543457,14.39523696899414,15.716341972351074,47.59206771850586
5623.0,13.17827033996582,14.443944931030273,15.71634292602539,47.592071533203125
5624.5,13.118182182312012,14.464570999145508,15.716355323791504,47.592079162597656
5626.0,14.448139190673828,15.97892951965332,15.716362953186035,47.592079162597656
5627.5,14.065569877624512,15.211532592773438,15.716351509094238,47.592071533203125
5629.0,13.545614242553711,14.53647232055664,15.716343879699707,47.592071533203125
5630.5,14.383806228637695,15.595678329467773,15.716341972351074,47.59206771850586
5632.0,13.881977081298828,14.977079391479492,15.71634292602539,47.59206771850586
5633.5,13.230979919433594,14.353925704956055,15.71634292602539,47.592071533203125
5635.0,13.501836776733398,14.780367851257324,15.684497833251953,47.58156204223633
5636.5,13.609081268310547,14.837725639343262,15.684496879577637,47.58156204223633
5638.0,12.950419425964355,14.167884826660156,15.68449592590332,47.58156204223633
5639.5,12.982710838317871,14.344098091125488,15.68449878692627,47.581565856933594
5641.0,13.401700973510742,14.489978790283203,15.684503555297852,47.581565856933594
5642.5,12.905655860900879,14.09450626373291,15.684501647949219,47.581565856933594
5644.0,12.84157943725586,13.833906173706055,15.684499740600586,47.581565856933594
5645.5,14.153619766235352,15.3716402053833,15.684505462646484,47.592071533203125
5647.0,14.82379150390625,16.293315887451172,15.684514999389648,47.592079162597656
5648.5,14.192651748657227,15.323888778686523,15.6845121383667,47.592079162597656
5650.0,14.406953811645508,15.637080192565918,15.684502601623535,47.592071533203125
5651.5,14.059293746948242,15.293952941894531,15.684500694274902,47.592071533203125
5653.0,14.857833862304688,16.168865203857422,15.684501647949219,47.581565856933594
5654.5,14.728108406066895,16.057889938354492,15.684501647949219,47.581565856933594
5656.0,14.51683235168457,15.717058181762695,15.684499740600586,47.581565856933594
5657.5,14.857844352722168,16.18549346923828,15.684499740600586,47.581565856933594
5659.0,13.84292984008789,14.97852897644043,15.684499740600586,47.581565856933594
5660.5,14.318087577819824,15.511096000671387,15.684500694274902,47.581565856933594
5662.0,14.089401245117188,15.548605918884277,15.684500694274902,47.581565856933594
5663.5,13.875662803649902,14.917176246643066,15.684503555297852,47.581565856933594
5665.0,14.62849235534668,16.014816284179688,15.684507369995117,47.581565856933594
5666.5,14.723487854003906,16.25327491760254,15.68450927734375,47.58156967163086
5668.0,14.444219589233398,15.884449005126953,15.684511184692383,47.58156967163086
5669.5,15.254323959350586,16.56401824951172,15.684514999389648,47.58156967163086
5671.0,15.557926177978516,17.1890869140625,15.68452262878418,47.58157730102539
5672.5,15.636784553527832,17.004844665527344,15.684526443481445,47.58157730102539
5674.0,16.157062530517578,17.713817596435547,15.684528350830078,47.58157730102539
5675.5,15.975249290466309,17.45932388305664,15.684523582458496,47.58157730102539
5677.0,15.872586250305176,17.30443000793457,15.68451976776123,47.581573486328125
5678.5,15.000545501708984,16.15082550048828,15.684517860412598,47.581573486328125
5680.0,14.908204078674316,16.337617874145508,15.684517860412598,47.581573486328125
5681.5,15.978757858276367,17.356836318969727,15.68452262878418,47.58157730102539
5683.0,14.64986801147461,16.036834716796875,15.684532165527344,47.581581115722656
5684.5,15.272915840148926,16.97665786743164,15.68455696105957,47.58159255981445
5686.0,15.013420104980469,16.654190063476562,15.684564590454102,47.58159637451172
5687.5,13.934974670410156,15.233956336975098,15.68457317352295,47.581600189208984
5689.0,15.353437423706055,16.784465789794922,15.684571266174316,47.581600189208984
5690.5,14.641512870788574,16.006080627441406,15.684579849243164,47.581607818603516
5692.0,14.824313163757324,16.298311233520508,15.684581756591797,47.581607818603516
5693.5,15.437215805053711,16.95619773864746,15.6845703125,47.581600189208984
5695.0,16.2414608001709,17.934694290161133,15.68454647064209,47.58158493041992
5696.5,15.899457931518555,17.423015594482422,15.684537887573242,47.58158493041992
5698.0,14.149051666259766,15.537376403808594,15.684534072875977,47.57107162475586
5699.5,13.646564483642578,14.79433536529541,15.684529304504395,47.571067810058594
5701.0,14.207382202148438,15.602542877197266,15.684528350830078,47.571067810058594
5702.5,13.63913345336914,15.062216758728027,15.684528350830078,47.571067810058594
5704.0,13.317329406738281,14.38724422454834,15.68452262878418,47.571067810058594
5705.5,13.678823471069336,14.985822677612305,15.684518814086914,47.57106399536133
5707.0,14.437313079833984,16.1099796295166,15.684517860412598,47.571067810058594
5708.5,13.1807861328125,14.302855491638184,15.684515953063965,47.57106018066406
5710.0,13.024162292480469,14.19827651977539,15.684515953063965,47.57106399536133
5711.5,14.008926391601562,15.260289192199707,15.684517860412598,47.57106018066406
5713.0,15.058942794799805,16.412763595581055,15.684521675109863,47.571067810058594
5714.5,14.746490478515625,16.364730834960938,15.684521675109863,47.571067810058594
5716.0,15.927447319030762,17.536911010742188,15.684518814086914,47.57106399536133
5717.5,14.963139533996582,16.181133270263672,15.684517860412598,47.57106399536133
5719.0,15.456053733825684,17.108701705932617,15.684520721435547,47.56055450439453
5720.5,15.915063858032227,17.439311981201172,15.684520721435547,47.56055450439453
5722.0,16.47734832763672,18.173276901245117,15.684521675109863,47.56055450439453
5723.5,16.02004051208496,17.43227195739746,15.684521675109863,47.56055450439453
5725.0,15.145988464355469,16.360546112060547,15.684521675109863,47.571067810058594
5726.5,15.440618515014648,16.75835609436035,15.684521675109863,47.571067810058594
5728.0,15.393881797790527,16.875516891479492,15.684520721435547,47.571067810058594
5729.5,16.04971694946289,17.246122360229492,15.684518814086914,47.571067810058594
5731.0,15.666491508483887,17.027088165283203,15.684517860412598,47.560550689697266
5732.5,15.550997734069824,16.864511489868164,15.684516906738281,47.560550689697266
5734.0,15.565080642700195,16.717302322387695,15.684516906738281,47.560550689697266
5735.5,15.247556686401367,16.44043731689453,15.684517860412598,47.560550689697266
5737.0,15.185907363891602,16.632740020751953,15.684517860412598,47.560550689697266
5738.5,15.416424751281738,16.78052520751953,15.684516906738281,47.560550689697266
5740.0,15.042299270629883,16.12843132019043,15.684516906738281,47.560550689697266
5741.5,14.967514038085938,16.389448165893555,15.684515953063965,47.560550689697266
5743.0,15.676596641540527,16.97016716003418,15.684516906738281,47.560550689697266
5744.5,15.98351764678955,17.59796714782715,15.684516906738281,47.560550689697266
5746.0,16.06220817565918,17.743934631347656,15.684517860412598,47.560550689697266
5747.5,15.88985538482666,17.05768585205078,15.684518814086914,47.560550689697266
5749.0,16.163759231567383,17.6115665435791,15.684517860412598,47.560550689697266
5750.5,16.016714096069336,17.394683837890625,15.684516906738281,47.560550689697266
5752.0,16.97022247314453,18.569812774658203,15.684517860412598,47.560550689697266
5753.5,17.171367645263672,18.591312408447266,15.684518814086914,47.560550689697266
5755.0,15.990143775939941,17.274635314941406,15.684516906738281,47.560550689697266
5756.5,16.656391143798828,18.097579956054688,15.684517860412598,47.57106018066406
5758.0,15.987874984741211,17.04081916809082,15.684518814086914,47.57106399536133
5759.5,15.455398559570312,16.929519653320312,15.68451976776123,47.57106399536133
5761.0,16.09282684326172,17.887493133544922,15.684521675109863,47.571067810058594
5762.5,15.456113815307617,16.643310546875,15.68451976776123,47.592079162597656
5764.0,15.697074890136719,16.910951614379883,15.684517860412598,47.592079162597656
5765.5,15.655523300170898,17.02576446533203,15.684524536132812,47.59208297729492
5767.0,14.899725914001465,15.957948684692383,15.68454360961914,47.59209442138672
5768.5,13.28776741027832,14.289834022521973,15.68454360961914,47.59209442138672
5770.0,13.300152778625488,14.395877838134766,15.684547424316406,47.571075439453125
5771.5,14.856508255004883,16.28293800354004,15.684556007385254,47.571083068847656
5773.0,15.168658256530762,16.96179962158203,15.684552192687988,47.571083068847656
5774.5,13.945077896118164,14.91564655303955,15.684538841247559,47.571075439453125
5776.0,14.820663452148438,16.31296730041504,15.684523582458496,47.571067810058594
5777.5,15.372257232666016,16.6666259765625,15.684521675109863,47.571067810058594
5779.0,15.068575859069824,16.275714874267578,15.684521675109863,47.571067810058594
5780.5,15.015787124633789,16.176671981811523,15.684520721435547,47.58157730102539
5782.0,15.101696014404297,16.67064094543457,15.68451976776123,47.581573486328125
5783.5,15.649576187133789,17.01441764831543,15.68451976776123,47.58157730102539
5785.0,15.363033294677734,16.502159118652344,15.68451976776123,47.58157730102539
5786.5,15.314070701599121,16.7314453125,15.68451976776123,47.58157730102539
5788.0,15.656301498413086,17.277503967285156,15.68452262878418,47.58157730102539
5789.5,13.578025817871094,14.461380004882812,15.684538841247559,47.58158493041992
5791.0,14.610221862792969,15.718315124511719,15.684556007385254,47.58159255981445
5792.5,16.211708068847656,17.712438583374023,15.684569358825684,47.581600189208984
5794.0,15.787320137023926,16.91109848022461,15.684561729431152,47.58159637451172
5795.5,16.12252426147461,17.469989776611328,15.684536933898926,47.58158493041992
5797.0,16.516843795776367,17.7852840423584,15.684529304504395,47.581581115722656
5798.5,15.77485466003418,17.05531120300293,15.684526443481445,47.58157730102539
5800.0,16.135135650634766,17.76088523864746,15.684524536132812,47.58157730102539
5801.5,16.602216720581055,18.25700569152832,15.684525489807129,47.58157730102539
5803.0,17.268634796142578,19.076738357543945,15.684528350830078,47.581581115722656
5804.5,16.127758026123047,17.3685359954834,15.684528350830078,47.581581115722656
5806.0,16.14406967163086,17.5957088470459,15.684527397155762,47.58157730102539
5807.5,16.554134368896484,18.386398315429688,15.684527397155762,47.58157730102539
5809.0,16.244239807128906,17.719707489013672,15.684527397155762,47.58157730102539
5810.5,16.022884368896484,17.628189086914062,15.684529304504395,47.581581115722656
5812.0,15.633411407470703,16.907840728759766,15.684528350830078,47.581581115722656
5813.5,15.784006118774414,17.350936889648438,15.684526443481445,47.58157730102539
5815.0,15.926986694335938,17.622638702392578,15.684527397155762,47.58157730102539
5816.5,15.433433532714844,16.82994270324707,15.684526443481445,47.58157730102539
5818.0,14.753314018249512,16.074623107910156,15.684527397155762,47.58157730102539
5819.5,15.630280494689941,16.856510162353516,15.684528350830078,47.58157730102539
5821.0,15.72459888458252,17.596786499023438,15.684531211853027,47.581581115722656
5822.5,16.242576599121094,17.537097930908203,15.68453311920166,47.581581115722656
5824.0,15.665226936340332,16.854393005371094,15.68453311920166,47.57107162475586
5825.5,15.973943710327148,17.51632308959961,15.68453311920166,47.57107162475586
5827.0,15.643340110778809,16.923139572143555,15.68453311920166,47.57107162475586
5828.5,16.069324493408203,17.515087127685547,15.68453311920166,47.57107162475586
5830.0,16.19314956665039,17.647907257080078,15.684532165527344,47.57107162475586
5831.5,16.346315383911133,17.7464599609375,15.68453311920166,47.57107162475586
5833.0,16.10227394104004,17.53602409362793,15.684535026550293,47.57107162475586
5834.5,15.859570503234863,17.169158935546875,15.684535026550293,47.57107162475586
5836.0,15.202411651611328,16.705020904541016,15.684535026550293,47.57107162475586
5837.5,15.704792022705078,16.897747039794922,15.684535026550293,47.57107162475586
5839.0,16.185625076293945,17.61301612854004,15.684537887573242,47.571075439453125
5840.5,15.75149917602539,17.473703384399414,15.68453598022461,47.571075439453125
5842.0,15.448587417602539,17.163169860839844,15.684535026550293,47.57107162475586
5843.5,15.609564781188965,17.18419075012207,15.684536933898926,47.571075439453125
5845.0,15.313066482543945,16.99370002746582,15.684538841247559,47.571075439453125
5846.5,15.446004867553711,17.20916748046875,15.684537887573242,47.571075439453125
5848.0,15.33305549621582,16.834449768066406,15.71638298034668,47.58158493041992
5849.5,15.499618530273438,17.0695743560791,15.716382026672363,47.581581115722656
5851.0,15.065329551696777,16.355327606201172,15.71638298034668,47.58158493041992
5852.5,15.013470649719238,16.313533782958984,15.716383934020996,47.58158493041992
5854.0,15.251222610473633,16.603485107421875,15.71638298034668,47.58158493041992
5855.5,14.724666595458984,15.959638595581055,15.716384887695312,47.58158493041992
5857.0,14.16989803314209,15.348878860473633,15.716384887695312,47.58158493041992
5858.5,14.91136360168457,16.223514556884766,15.716384887695312,47.58158493041992
5860.0,14.968276977539062,16.278348922729492,15.716385841369629,47.58158493041992
5861.5,15.551056861877441,17.111629486083984,15.716387748718262,47.58158493041992
5863.0,16.304773330688477,17.898971557617188,15.716389656066895,47.58158493041992
5864.5,15.858830451965332,17.23676300048828,15.716394424438477,47.58158493041992
5866.0,16.559173583984375,17.926855087280273,15.716415405273438,47.581600189208984
5867.5,18.39498519897461,20.60995101928711,15.716460227966309,47.58162307739258
5869.0,18.53970718383789,21.211219787597656,15.716485023498535,47.58163833618164
5870.5,17.61660385131836,19.636383056640625,15.71646499633789,47.58162307739258
5872.0,15.536044120788574,16.61873435974121,15.716428756713867,47.581607818603516
5873.5,15.613648414611816,17.02039909362793,15.716415405273438,47.581600189208984
5875.0,17.774377822875977,19.887083053588867,15.716419219970703,47.581600189208984
5876.5,16.331607818603516,17.98607063293457,15.716416358947754,47.581600189208984
5878.0,15.668341636657715,16.946449279785156,15.716409683227539,47.58159637451172
5879.5,16.34357452392578,17.843387603759766,15.716403007507324,47.58159255981445
5881.0,15.855423927307129,17.302616119384766,15.716398239135742,47.571083068847656
5882.5,15.571474075317383,17.105310440063477,15.716398239135742,47.571083068847656
5884.0,15.792280197143555,17.3562068939209,15.716400146484375,47.571083068847656
5885.5,15.55993366241455,16.886699676513672,15.716404914855957,47.57108688354492
5887.0,14.987911224365234,16.14545440673828,15.716418266296387,47.57109069824219
5888.5,12.3843412399292,12.911749839782715,15.716524124145508,47.57114791870117
5890.0,14.341718673706055,16.385757446289062,15.716943740844727,47.57135772705078
5891.5,21.393009185791016,25.671493530273438,15.718151092529297,47.571983337402344
5893.0,15.278648376464844,17.205554962158203,15.717830657958984,47.571807861328125
5894.5,12.209213256835938,13.278759002685547,15.71697998046875,47.571380615234375
5896.0,17.27356719970703,19.97282600402832,15.716851234436035,47.57131576538086
5897.5,20.37479019165039,24.7197265625,15.717427253723145,47.57160949707031
5899.0,13.753900527954102,15.130524635314941,15.717231750488281,47.571502685546875
5900.5,8.199934005737305,8.31897258758545,15.716631889343262,47.57120132446289
5902.0,11.593597412109375,12.231266975402832,15.71641731262207,47.57109069824219
5903.5,12.505804061889648,13.049278259277344,15.716409683227539,47.57108688354492
5905.0,15.786857604980469,17.14211082458496,15.716416358947754,47.57109069824219
5906.5,18.60654067993164,21.169116973876953,15.716422080993652,47.57109069824219
5908.0,17.32378578186035,19.42864990234375,15.716432571411133,47.581607818603516
5909.5,15.270223617553711,16.662830352783203,15.716429710388184,47.581607818603516
5911.0,14.907672882080078,16.261201858520508,15.716415405273438,47.581600189208984
5912.5,15.51937484741211,17.003929138183594,15.716410636901855,47.58159637451172
5914.0,14.2525634765625,15.190189361572266,15.716414451599121,47.581600189208984
5915.5,15.462699890136719,16.921367645263672,15.716442108154297,47.58161544799805
5917.0,18.41796875,20.866161346435547,15.716492652893066,47.58163833618164
5918.5,14.477751731872559,15.799722671508789,15.716468811035156,47.592132568359375
5920.0,13.966985702514648,15.074013710021973,15.716423988342285,47.59210968017578
5921.5,15.27444076538086,17.031261444091797,15.71641731262207,47.59210968017578
5923.0,15.755317687988281,17.240745544433594,15.71642017364502,47.59210968017578
5924.5,15.40573501586914,16.996116638183594,15.716432571411133,47.581607818603516
5926.0,16.45352554321289,18.018705368041992,15.716449737548828,47.58161544799805
5927.5,15.810234069824219,17.42645263671875,15.716447830200195,47.58161544799805
5929.0,14.55771255493164,16.058258056640625,15.716426849365234,47.58160400390625
5930.5,14.870346069335938,16.454341888427734,15.716419219970703,47.581600189208984
5932.0,13.981285095214844,15.634382247924805,15.716425895690918,47.581607818603516
5933.5,16.063186645507812,17.92475128173828,15.716468811035156,47.581626892089844
5935.0,17.68710708618164,19.8127384185791,15.716510772705078,47.58164596557617
5936.5,15.290244102478027,16.70282554626465,15.716466903686523,47.581626892089844
5938.0,14.945720672607422,16.19668197631836,15.716424942016602,47.57109832763672
5939.5,15.417311668395996,16.792783737182617,15.716419219970703,47.57109069824219
5941.0,15.078012466430664,16.445369720458984,15.71641731262207,47.57109069824219
5942.5,15.158899307250977,16.49207305908203,15.71641731262207,47.57109069824219
5944.0,15.500870704650879,16.880205154418945,15.716416358947754,47.57109069824219
5945.5,15.802013397216797,17.05184555053711,15.716424942016602,47.57109832763672
5947.0,16.832704544067383,18.445823669433594,15.716444969177246,47.57110595703125
5948.5,17.23770523071289,19.040607452392578,15.716448783874512,47.57110595703125
5950.0,14.451028823852539,15.515442848205566,15.7164306640625,47.57109832763672
5951.5,13.829317092895508,14.94536018371582,15.716426849365234,47.57109832763672
5953.0,16.239269256591797,17.906702041625977,15.716443061828613,47.57110595703125
5954.5,15.622220993041992,17.13982582092285,15.684638023376465,47.56061553955078
5956.0,13.572547912597656,14.489971160888672,15.684647560119629,47.56062316894531
5957.5,14.096805572509766,15.168542861938477,15.684609413146973,47.550086975097656
5959.0,14.28160572052002,15.643497467041016,15.684571266174316,47.55006790161133
5960.5,15.08582592010498,16.497478485107422,15.684569358825684,47.55006408691406
5962.0,14.834901809692383,16.276174545288086,15.6845703125,47.55006790161133
5963.5,14.19253921508789,15.594917297363281,15.6845703125,47.55006790161133
5965.0,15.107697486877441,16.321596145629883,15.684572219848633,47.55006790161133
5966.5,15.812488555908203,17.12183380126953,15.684572219848633,47.55006790161133
5968.0,14.374794960021973,15.50047492980957,15.684572219848633,47.55006790161133
5969.5,14.258957862854004,15.46437931060791,15.684574127197266,47.55006790161133
5971.0,15.930462837219238,17.41110610961914,15.684584617614746,47.550071716308594
5972.5,15.862252235412598,17.495912551879883,15.68459415435791,47.55007553100586
5974.0,14.781831741333008,16.24123764038086,15.68458366394043,47.550071716308594
5975.5,14.572738647460938,15.821617126464844,15.684574127197266,47.55006790161133
5977.0,15.437732696533203,16.7872314453125,15.684584617614746,47.550071716308594
5978.5,16.777904510498047,18.223628997802734,15.684612274169922,47.550086975097656
5980.0,16.164905548095703,17.566335678100586,15.684613227844238,47.550086975097656
5981.5,14.311567306518555,15.58709716796875,15.684582710266113,47.550071716308594
5983.0,14.941976547241211,16.17264175415039,15.6845703125,47.55006790161133
5984.5,15.242218017578125,16.297590255737305,15.684568405151367,47.55006408691406
5986.0,15.415390014648438,16.798648834228516,15.684565544128418,47.5500602722168
5987.5,15.117037773132324,16.211177825927734,15.684565544128418,47.5500602722168
5989.0,14.80538272857666,16.12727165222168,15.684564590454102,47.5500602722168
5990.5,14.325425148010254,15.776227951049805,15.684565544128418,47.5500602722168
5992.0,14.816662788391113,16.298568725585938,15.684565544128418,47.5500602722168
5993.5,14.419775009155273,15.6710844039917,15.684564590454102,47.5500602722168
5995.0,14.712028503417969,15.891157150268555,15.684563636779785,47.5500602722168
5996.5,14.758817672729492,15.912296295166016,15.684565544128418,47.5500602722168
5998.0,14.315332412719727,15.706010818481445,15.716415405273438,47.56058120727539
5999.5,14.514531135559082,15.593300819396973,15.716423034667969,47.57109069824219
6001.0,14.829120635986328,16.109655380249023,15.71642017364502,47.57109069824219
6002.5,15.212566375732422,16.596256256103516,15.716413497924805,47.57108688354492
6004.0,14.808250427246094,15.88272762298584,15.716415405273438,47.57109069824219
6005.5,16.153457641601562,17.661104202270508,15.716428756713867,47.57109832763672
6007.0,15.874058723449707,17.27547264099121,15.684578895568848,47.56058120727539
6008.5,15.244562149047852,16.449552536010742,15.684563636779785,47.56057357788086
6010.0,15.597078323364258,16.748292922973633,15.684556007385254,47.560569763183594
6011.5,15.56903076171875,17.10498046875,15.684555053710938,47.560569763183594
6013.0,14.846065521240234,16.208290100097656,15.716402053833008,47.571083068847656
6014.5,14.945852279663086,16.1391658782959,15.716401100158691,47.571083068847656
6016.0,14.77747631072998,16.033714294433594,15.716401100158691,47.571083068847656
6017.5,15.662235260009766,16.85770606994629,15.716400146484375,47.58159255981445
6019.0,14.96796989440918,16.066951751708984,15.684552192687988,47.571083068847656
6020.5,14.799991607666016,16.027048110961914,15.684551239013672,47.571083068847656
6022.0,14.117292404174805,15.072657585144043,15.684548377990723,47.571083068847656
6023.5,14.434792518615723,15.700122833251953,15.684547424316406,47.58159255981445
6025.0,14.037925720214844,15.191125869750977,15.684545516967773,47.571083068847656
6026.5,14.96321964263916,16.02515983581543,15.684548377990723,47.571083068847656
6028.0,15.843513488769531,17.157800674438477,15.684552192687988,47.571083068847656
6029.5,14.647706031799316,16.030529022216797,15.684554100036621,47.571083068847656
6031.0,14.460662841796875,15.645755767822266,15.684555053710938,47.571083068847656
6032.5,14.578106880187988,15.894134521484375,15.716402053833008,47.592098236083984
6034.0,15.361553192138672,16.560400009155273,15.748185157775879,47.602603912353516
6035.5,14.905022621154785,16.378129959106445,15.748190879821777,47.60260772705078
6037.0,15.179266929626465,16.454158782958984,15.748188018798828,47.58159637451172
6038.5,14.422435760498047,15.615966796875,15.716398239135742,47.571083068847656
6040.0,14.461706161499023,15.517413139343262,15.68454647064209,47.56056594848633
6041.5,14.900812149047852,16.22206687927246,15.68454647064209,47.56056594848633
6043.0,14.205490112304688,15.29397964477539,15.684545516967773,47.56056594848633
6044.5,14.40179443359375,15.209405899047852,15.684544563293457,47.56056594848633
6046.0,14.495532989501953,15.587034225463867,15.68454360961914,47.56056594848633
6047.5,13.53584098815918,14.674957275390625,15.684542655944824,47.56056594848633
6049.0,13.532179832458496,14.517398834228516,15.684542655944824,47.58158493041992
6050.5,13.56196403503418,14.399053573608398,15.684541702270508,47.58158493041992
6052.0,13.397027015686035,14.461149215698242,15.684539794921875,47.58158493041992
6053.5,13.00459098815918,13.91012954711914,15.684538841247559,47.58158493041992
6055.0,13.065912246704102,14.074467658996582,15.684537887573242,47.56056213378906
6056.5,13.630525588989258,14.636375427246094,15.684537887573242,47.56056213378906
6058.0,14.070011138916016,14.829753875732422,15.684537887573242,47.56056213378906
6059.5,13.65776252746582,14.452729225158691,15.684537887573242,47.56056213378906
6061.0,13.89583683013916,15.103326797485352,15.684536933898926,47.56056213378906
6062.5,14.757373809814453,16.08599281311035,15.684537887573242,47.56056213378906
6064.0,14.871593475341797,16.172887802124023,15.684540748596191,47.56056594848633
6065.5,13.955984115600586,14.919656753540039,15.684538841247559,47.56056594848633
6067.0,13.11240005493164,13.978195190429688,15.684536933898926,47.56056213378906
6068.5,13.707292556762695,14.444746017456055,15.684540748596191,47.56056594848633
6070.0,14.419711112976074,15.542430877685547,15.684541702270508,47.56056594848633
6071.5,15.017642974853516,16.249679565429688,15.684544563293457,47.56056594848633
6073.0,14.685907363891602,15.984037399291992,15.684550285339355,47.560569763183594
6074.5,15.603168487548828,17.01494598388672,15.684541702270508,47.56056594848633
6076.0,16.261661529541016,17.768077850341797,15.684535026550293,47.5605583190918
6077.5,14.506562232971191,15.269815444946289,15.684536933898926,47.5605583190918
6079.0,14.102008819580078,15.147329330444336,15.684534072875977,47.5605583190918
6080.5,14.338388442993164,15.417024612426758,15.68453311920166,47.5605583190918
6082.0,13.761358261108398,14.560009002685547,15.684532165527344,47.5605583190918
6083.5,13.872148513793945,14.789331436157227,15.684532165527344,47.5605583190918
6085.0,14.291606903076172,15.291141510009766,15.684532165527344,47.5605583190918
6086.5,13.43585205078125,14.346628189086914,15.684531211853027,47.5605583190918
6088.0,13.989184379577637,15.04449462890625,15.684532165527344,47.5605583190918
6089.5,15.152620315551758,16.583322525024414,15.684532165527344,47.5605583190918
6091.0,14.301103591918945,15.23855209350586,15.68453311920166,47.5605583190918
6092.5,13.973409652709961,14.91439437866211,15.716378211975098,47.5605583190918
6094.0,13.577445983886719,14.360160827636719,15.716377258300781,47.5605583190918
6095.5,13.785231590270996,14.593816757202148,15.716379165649414,47.5605583190918
6097.0,14.233014106750488,15.388782501220703,15.716382026672363,47.56056213378906
6098.5,13.893632888793945,14.653621673583984,15.71638298034668,47.56056594848633
6100.0,14.48123836517334,15.305242538452148,15.716383934020996,47.56056213378906
6101.5,15.047017097473145,16.218149185180664,15.716383934020996,47.56056594848633
6103.0,14.546196937561035,15.951498985290527,15.716381072998047,47.5605583190918
6104.5,14.225329399108887,15.187003135681152,15.716382026672363,47.5605583190918
6106.0,14.274970054626465,15.057044982910156,15.716386795043945,47.56056594848633
6107.5,14.443714141845703,15.40145206451416,15.716386795043945,47.56056594848633
6109.0,15.714569091796875,17.228382110595703,15.716387748718262,47.56056594848633
6110.5,14.745233535766602,16.23862648010254,15.716388702392578,47.56056594848633
6112.0,15.139518737792969,16.241613388061523,15.716385841369629,47.56056594848633
6113.5,15.84238052368164,17.342933654785156,15.716390609741211,47.56056594848633
6115.0,15.2102632522583,16.454965591430664,15.71639347076416,47.56056594848633
6116.5,14.294567108154297,15.224782943725586,15.716391563415527,47.56056594848633
6118.0,14.209123611450195,15.180081367492676,15.716385841369629,47.56056594848633
6119.5,14.429254531860352,15.367664337158203,15.748163223266602,47.571075439453125
6121.0,14.383644104003906,15.354537963867188,15.748161315917969,47.57107162475586
6122.5,14.189623832702637,15.191157341003418,15.748159408569336,47.57107162475586
6124.0,14.369522094726562,15.426281929016113,15.748157501220703,47.57107162475586
6125.5,13.982625961303711,14.830191612243652,15.748157501220703,47.571067810058594
6127.0,13.102132797241211,13.90155029296875,15.748156547546387,47.57107162475586
6128.5,13.47250747680664,14.367640495300293,15.74815559387207,47.571067810058594
6130.0,13.909046173095703,15.095355987548828,15.74815559387207,47.571067810058594
6131.5,13.922057151794434,14.787378311157227,15.748154640197754,47.571067810058594
6133.0,14.624454498291016,15.558038711547852,15.748153686523438,47.58157730102539
6134.5,15.53624153137207,16.863426208496094,15.748150825500488,47.58157730102539
6136.0,15.271350860595703,16.941471099853516,15.748150825500488,47.58157730102539
6137.5,15.031798362731934,16.466732025146484,15.748153686523438,47.58157730102539
6139.0,15.089126586914062,16.654644012451172,15.748159408569336,47.581581115722656
6140.5,15.255315780639648,16.56679916381836,15.748167991638184,47.58158493041992
6142.0,13.905548095703125,14.848145484924316,15.7481689453125,47.571075439453125
6143.5,13.588838577270508,14.290937423706055,15.748162269592285,47.57107162475586
6145.0,15.451406478881836,16.669736862182617,15.748165130615234,47.571075439453125
6146.5,15.072509765625,16.293540954589844,15.748169898986816,47.571075439453125
6148.0,15.050957679748535,15.939286231994629,15.748164176940918,47.57107162475586
6149.5,14.828933715820312,15.854512214660645,15.748154640197754,47.571067810058594
6151.0,13.478830337524414,14.187498092651367,15.748150825500488,47.571067810058594
6152.5,13.832742691040039,14.56937026977539,15.748161315917969,47.57107162475586
6154.0,15.627157211303711,17.01521110534668,15.748170852661133,47.571075439453125
6155.5,15.461763381958008,16.90795135498047,15.748167991638184,47.571075439453125
6157.0,14.954230308532715,16.223793029785156,15.748162269592285,47.57107162475586
6158.5,15.712411880493164,16.818965911865234,15.748157501220703,47.57107162475586
6160.0,16.569913864135742,18.26183319091797,15.748154640197754,47.571067810058594
6161.5,14.897087097167969,16.189117431640625,15.748156547546387,47.571067810058594
6163.0,15.429174423217773,16.684829711914062,15.748160362243652,47.57107162475586
6164.5,14.906167984008789,16.22083854675293,15.748159408569336,47.57107162475586
6166.0,13.840251922607422,14.457538604736328,15.748152732849121,47.571067810058594
6167.5,14.125261306762695,14.851269721984863,15.748149871826172,47.571067810058594
6169.0,13.840972900390625,14.612892150878906,15.748148918151855,47.571067810058594
6170.5,14.735352516174316,15.749144554138184,15.748157501220703,47.57107162475586
6172.0,15.06765365600586,16.365589141845703,15.748174667358398,47.57107925415039
6173.5,14.31584358215332,15.352289199829102,15.748177528381348,47.571083068847656
6175.0,12.788591384887695,13.564908027648926,15.748161315917969,47.57107162475586
6176.5,13.182587623596191,13.892234802246094,15.748153686523438,47.571067810058594
6178.0,14.266056060791016,15.399726867675781,15.748157501220703,47.57107162475586
6179.5,13.637587547302246,14.50064754486084,15.748153686523438,47.571067810058594
6181.0,13.673637390136719,14.518746376037598,15.748146057128906,47.571067810058594
6182.5,13.861211776733398,14.75558853149414,15.748143196105957,47.57106018066406
6184.0,13.250022888183594,13.838980674743652,15.748144149780273,47.560550689697266
6185.5,13.641386032104492,14.449092864990234,15.748147010803223,47.56055450439453
6187.0,13.538408279418945,14.677206039428711,15.748147964477539,47.56055450439453
6188.5,13.81357479095459,14.729151725769043,15.748144149780273,47.560550689697266
6190.0,14.38558578491211,15.260700225830078,15.748144149780273,47.560550689697266
6191.5,13.982149124145508,14.764139175415039,15.748144149780273,47.560550689697266
6193.0,13.80752944946289,14.57326602935791,15.748146057128906,47.56055450439453
6194.5,15.271062850952148,16.43544578552246,15.748150825500488,47.56055450439453
6196.0,14.86284065246582,15.978649139404297,15.748150825500488,47.56055450439453
6197.5,13.748991012573242,14.431269645690918,15.748146057128906,47.56055450439453
6199.0,14.688166618347168,15.603440284729004,15.74814224243164,47.560550689697266
6200.5,14.814024925231934,15.761932373046875,15.748141288757324,47.560550689697266
6202.0,14.715267181396484,15.734724998474121,15.748147010803223,47.56055450439453
6203.5,14.953545570373535,16.106693267822266,15.748159408569336,47.5605583190918
6205.0,14.551252365112305,15.65272331237793,15.748169898986816,47.56056594848633
6206.5,14.548730850219727,15.814061164855957,15.748159408569336,47.5605583190918
6208.0,15.502572059631348,16.587970733642578,15.748144149780273,47.560550689697266
6209.5,16.2354679107666,17.307422637939453,15.748143196105957,47.560550689697266
6211.0,16.9790096282959,18.611282348632812,15.748143196105957,47.560550689697266
6212.5,15.989038467407227,17.345945358276367,15.748147964477539,47.560550689697266
6214.0,16.075939178466797,17.525558471679688,15.748151779174805,47.56055450439453
6215.5,15.310463905334473,16.271209716796875,15.748151779174805,47.56055450439453
6217.0,14.377655982971191,15.163015365600586,15.748147010803223,47.560550689697266
6218.5,14.726763725280762,15.599845886230469,15.748140335083008,47.560550689697266
6220.0,14.322978019714355,15.119200706481934,15.748140335083008,47.560550689697266
6221.5,14.394413948059082,15.237554550170898,15.748148918151855,47.56055450439453
6223.0,16.00448226928711,17.366024017333984,15.748165130615234,47.56056594848633
6224.5,14.932138442993164,15.787894248962402,15.748167991638184,47.56056594848633
6226.0,14.938763618469238,15.77933120727539,15.748154640197754,47.5605583190918
6227.5,15.333215713500977,16.369705200195312,15.748143196105957,47.560550689697266
6229.0,14.58067512512207,15.544764518737793,15.748139381408691,47.560550689697266
6230.5,14.162178039550781,14.94112777709961,15.748139381408691,47.58156967163086
6232.0,14.820470809936523,15.877614974975586,15.748138427734375,47.58156967163086
6233.5,16.34110450744629,17.45126724243164,15.748147964477539,47.581573486328125
6235.0,15.765459060668945,16.90860366821289,15.74817943572998,47.58159255981445
6236.5,15.066191673278809,16.253662109375,15.7482328414917,47.58161544799805
6238.0,16.664331436157227,18.57526397705078,15.748269081115723,47.560611724853516
6239.5,17.62161636352539,19.461414337158203,15.748237609863281,47.56060028076172
6241.0,15.587950706481934,16.71530532836914,15.74819564819336,47.56058120727539
6242.5,14.931716918945312,15.990255355834961,15.748186111450195,47.56057357788086
6244.0,15.018087387084961,16.09748649597168,15.748186111450195,47.56057357788086
6245.5,15.019405364990234,16.03993797302246,15.748176574707031,47.56056594848633
6247.0,14.42339038848877,15.434356689453125,15.748162269592285,47.5605583190918
6248.5,14.784930229187012,15.531444549560547,15.748150825500488,47.56055450439453
6250.0,15.5707426071167,16.428993225097656,15.748148918151855,47.56055450439453
6251.5,14.549325942993164,15.427118301391602,15.74814510345459,47.560550689697266
6253.0,14.533293724060059,15.531184196472168,15.748139381408691,47.560550689697266
6254.5,14.39487361907959,15.162836074829102,15.748135566711426,47.560546875
6256.0,14.721771240234375,15.8690185546875,15.748136520385742,47.560550689697266
6257.5,14.568893432617188,15.680912971496582,15.748161315917969,47.5605583190918
6259.0,15.804540634155273,17.12203598022461,15.748220443725586,47.56058883666992
6260.5,17.078781127929688,19.01519203186035,15.748250007629395,47.560604095458984
6262.0,15.626092910766602,16.925769805908203,15.748212814331055,47.560585021972656
6263.5,14.14787483215332,15.09183406829834,15.748164176940918,47.56056213378906
6265.0,14.707304000854492,15.640388488769531,15.748159408569336,47.5605583190918
6266.5,15.116107940673828,16.526031494140625,15.748174667358398,47.56056594848633
6268.0,15.1539306640625,16.53017807006836,15.748178482055664,47.560569763183594
6269.5,14.37582015991211,15.214375495910645,15.7481689453125,47.56056594848633
6271.0,14.692306518554688,15.779417991638184,15.748157501220703,47.5605583190918
6272.5,15.201512336730957,16.37796401977539,15.748148918151855,47.56055450439453
6274.0,15.262301445007324,16.56502914428711,15.74814510345459,47.55004119873047
6275.5,15.973955154418945,17.252134323120117,15.748148918151855,47.56055450439453
6277.0,15.133655548095703,16.177021026611328,15.77987289428711,47.571067810058594
6278.5,15.089330673217773,15.994156837463379,15.81153392791748,47.581581115722656
6280.0,15.092328071594238,16.394868850708008,15.811529159545898,47.581581115722656
6281.5,14.677909851074219,15.462306022644043,15.779866218566895,47.571067810058594
6283.0,14.787052154541016,15.687076568603516,15.779858589172363,47.57106018066406
6284.5,15.159439086914062,16.12788200378418,15.77985668182373,47.57106018066406
6286.0,16.925167083740234,18.146451950073242,15.748140335083008,47.560550689697266
6287.5,16.598283767700195,17.931913375854492,15.748170852661133,47.56056594848633
6289.0,17.2222900390625,18.92588233947754,15.748220443725586,47.56058883666992
6290.5,16.909717559814453,18.40386962890625,15.748231887817383,47.57110595703125
6292.0,14.95678997039795,15.9410400390625,15.74817943572998,47.571083068847656
6293.5,14.71351432800293,15.76812744140625,15.748146057128906,47.57106399536133
6295.0,15.874370574951172,17.053203582763672,15.748140335083008,47.57106018066406
6296.5,15.689780235290527,16.68292236328125,15.748147010803223,47.57106399536133
6298.0,16.990325927734375,18.240840911865234,15.748162269592285,47.57107162475586
6299.5,15.775350570678711,17.07063865661621,15.748297691345215,47.57114028930664
6301.0,11.708446502685547,12.665933609008789,15.748708724975586,47.571353912353516
6302.5,15.780295372009277,17.761260986328125,15.748946189880371,47.571475982666016
6304.0,23.340614318847656,27.816173553466797,15.748703002929688,47.57135009765625
6305.5,19.26920509338379,22.01114273071289,15.748294830322266,47.57114028930664
6307.0,18.24386978149414,20.07354164123535,15.748208045959473,47.57109832763672
6308.5,18.30545425415039,20.237428665161133,15.748260498046875,47.57112121582031
6310.0,17.549726486206055,19.41983413696289,15.748245239257812,47.57111358642578
6311.5,16.817203521728516,18.240875244140625,15.748188972473145,47.57108688354492
6313.0,15.591862678527832,16.6707763671875,15.748146057128906,47.57106399536133
6314.5,16.09101104736328,17.086624145507812,15.748138427734375,47.57106018066406
6316.0,16.181589126586914,17.263010025024414,15.748135566711426,47.57106018066406
6317.5,14.887842178344727,15.86131763458252,15.748133659362793,47.5710563659668
6319.0,15.511058807373047,16.493160247802734,15.748130798339844,47.5710563659668
6320.5,15.014778137207031,15.806690216064453,15.748136520385742,47.57106018066406
6322.0,14.546302795410156,15.520706176757812,15.748156547546387,47.5605583190918
6323.5,16.039400100708008,17.189851760864258,15.748170852661133,47.56056594848633
6325.0,15.619682312011719,16.826980590820312,15.748161315917969,47.5605583190918
6326.5,15.49039077758789,16.745763778686523,15.748143196105957,47.560550689697266
6328.0,16.188026428222656,17.32602310180664,15.748141288757324,47.58156967163086
6329.5,15.466465950012207,16.659706115722656,15.74816608428955,47.58158493041992
6331.0,16.114038467407227,17.560768127441406,15.748210906982422,47.581607818603516
6332.5,15.623647689819336,16.923145294189453,15.748213768005371,47.581607818603516
6334.0,14.959762573242188,16.138320922851562,15.748170852661133,47.56056594848633
6335.5,15.114683151245117,16.142723083496094,15.74813461303711,47.560543060302734
6337.0,15.208057403564453,16.161767959594727,15.748123168945312,47.56053924560547
6338.5,14.505929946899414,15.305707931518555,15.748120307922363,47.57105255126953
6340.0,13.648910522460938,14.329362869262695,15.74812126159668,47.57105255126953
6341.5,13.47169303894043,14.112091064453125,15.74812126159668,47.57105255126953
6343.0,13.613044738769531,14.443439483642578,15.74812126159668,47.57105255126953
6344.5,14.273161888122559,15.438549041748047,15.748123168945312,47.57105255126953
6346.0,14.829154968261719,15.870811462402344,15.748123168945312,47.57105255126953
6347.5,13.76986312866211,14.638538360595703,15.748124122619629,47.5710563659668
6349.0,14.444852828979492,15.518335342407227,15.779851913452148,47.58156967163086
6350.5,15.496020317077637,16.700180053710938,15.779863357543945,47.581573486328125
6352.0,14.373845100402832,15.635024070739746,15.779858589172363,47.58156967163086
6353.5,13.799758911132812,14.7469482421875,15.779842376708984,47.58156204223633
6355.0,15.108112335205078,15.929304122924805,15.77983570098877,47.592063903808594
6356.5,14.352689743041992,15.288795471191406,15.779852867126465,47.59207534790039
6358.0,14.140082359313965,15.068503379821777,15.779886245727539,47.59209060668945
6359.5,15.378006935119629,16.885007858276367,15.779878616333008,47.59208679199219
6361.0,14.905099868774414,16.226030349731445,15.779852867126465,47.59207534790039
6362.5,16.036165237426758,17.3866024017334,15.779853820800781,47.59207534790039
6364.0,15.661660194396973,16.885162353515625,15.779923439025879,47.59210968017578
6365.5,14.72571849822998,16.072101593017578,15.780023574829102,47.592159271240234
6367.0,16.902923583984375,19.154855728149414,15.780010223388672,47.59215545654297
6368.5,17.014114379882812,18.894527435302734,15.779902458190918,47.592098236083984
6370.0,15.051624298095703,16.338472366333008,15.779838562011719,47.59206771850586
6371.5,13.695850372314453,14.64663314819336,15.779829978942871,47.5815544128418
6373.0,13.629207611083984,14.512735366821289,15.779828071594238,47.5815544128418
6374.5,13.373220443725586,14.196023941040039,15.779828071594238,47.5815544128418
6376.0,12.968282699584961,13.94096565246582,15.779829025268555,47.5815544128418
6377.5,12.417438507080078,13.239837646484375,15.779829025268555,47.5815544128418
6379.0,12.06045913696289,12.824283599853516,15.77983283996582,47.5815544128418
6380.5,12.164609909057617,12.934643745422363,15.779841423034668,47.58156204223633
6382.0,11.783655166625977,12.627298355102539,15.7798433303833,47.581565856933594
6383.5,11.446337699890137,12.239988327026367,15.77983570098877,47.58156204223633
6385.0,11.494906425476074,12.184503555297852,15.779829978942871,47.5815544128418
6386.5,12.529500961303711,13.3749361038208,15.779839515686035,47.58156204223633
6388.0,14.105001449584961,15.358430862426758,15.779854774475098,47.58156967163086
6389.5,13.451248168945312,14.680831909179688,15.779853820800781,47.58156967163086
6391.0,12.366135597229004,13.170843124389648,15.779836654663086,47.58156204223633
6392.5,12.968467712402344,13.683807373046875,15.779827117919922,47.5815544128418
6394.0,13.158977508544922,13.836849212646484,15.779823303222656,47.5815544128418
6395.5,12.933284759521484,13.642996788024902,15.811476707458496,47.59206008911133
6397.0,13.670987129211426,14.534488677978516,15.811476707458496,47.59206008911133
6398.5,14.497721672058105,15.430341720581055,15.811476707458496,47.59206008911133
6400.0,13.586006164550781,14.269837379455566,15.81147575378418,47.59206008911133
6401.5,13.682706832885742,14.380722045898438,15.811474800109863,47.59205627441406
6403.0,13.952964782714844,14.706815719604492,15.811474800109863,47.59206008911133
6404.5,13.436164855957031,14.179906845092773,15.77981948852539,47.5815544128418
6406.0,13.426557540893555,14.303640365600586,15.779820442199707,47.5815544128418
6407.5,13.702580451965332,14.486903190612793,15.77981948852539,47.5815544128418
6409.0,13.516633987426758,14.329120635986328,15.779817581176758,47.58155059814453
6410.5,13.994974136352539,14.672798156738281,15.779817581176758,47.59205627441406
6412.0,14.23503303527832,14.948637962341309,15.779817581176758,47.59205627441406
6413.5,14.338298797607422,15.196395874023438,15.779820442199707,47.59205627441406
6415.0,14.65687370300293,15.620716094970703,15.779827117919922,47.59206008911133
6416.5,13.590458869934082,14.283127784729004,15.779826164245605,47.59206008911133
6418.0,13.53017807006836,14.113731384277344,15.779821395874023,47.59206008911133
6419.5,14.012466430664062,14.787127494812012,15.77981948852539,47.59205627441406
6421.0,13.75993537902832,14.770145416259766,15.779826164245605,47.592063903808594
6422.5,14.513500213623047,15.528831481933594,15.779830932617188,47.592063903808594
6424.0,14.078071594238281,15.026756286621094,15.779828071594238,47.592063903808594
6425.5,13.472317695617676,14.134029388427734,15.77982234954834,47.59205627441406
6427.0,13.58563232421875,14.056774139404297,15.779820442199707,47.59206008911133
6428.5,13.691152572631836,14.292842864990234,15.77982234954834,47.59206008911133
6430.0,13.648881912231445,14.257768630981445,15.779820442199707,47.59205627441406
6431.5,13.271648406982422,13.712664604187012,15.779816627502441,47.59205627441406
6433.0,14.234588623046875,15.12609577178955,15.779813766479492,47.59205627441406
6434.5,14.173063278198242,14.927504539489746,15.779813766479492,47.59205627441406
6436.0,13.640726089477539,14.555994033813477,15.779813766479492,47.59205627441406
6437.5,13.687908172607422,14.293458938598633,15.779813766479492,47.59205627441406
6439.0,13.764876365661621,14.400196075439453,15.779814720153809,47.613059997558594
6440.5,14.440291404724121,15.330085754394531,15.779813766479492,47.613059997558594
6442.0,14.460211753845215,15.4359130859375,15.779812812805176,47.613059997558594
6443.5,14.212753295898438,14.991815567016602,15.779812812805176,47.613059997558594
6445.0,14.910253524780273,15.828773498535156,15.779813766479492,47.613059997558594
6446.5,14.533975601196289,15.441909790039062,15.779812812805176,47.613059997558594
6448.0,13.950794219970703,14.525321960449219,15.779812812805176,47.613059997558594
6449.5,14.0394287109375,14.945329666137695,15.779813766479492,47.613059997558594
6451.0,14.128860473632812,15.303914070129395,15.779814720153809,47.59205627441406
6452.5,14.16862678527832,14.94837760925293,15.779817581176758,47.59205627441406
6454.0,14.510211944580078,15.33863353729248,15.77981948852539,47.59205627441406
6455.5,13.613191604614258,14.414384841918945,15.779816627502441,47.59205627441406
6457.0,13.099054336547852,13.722663879394531,15.779813766479492,47.59205627441406
6458.5,13.779544830322266,14.700533866882324,15.779816627502441,47.59205627441406
6460.0,13.90886116027832,14.89871597290039,15.77981948852539,47.59205627441406
6461.5,14.446444511413574,15.122030258178711,15.779818534851074,47.59205627441406
6463.0,14.933719635009766,15.776630401611328,15.77981948852539,47.59205627441406
6464.5,16.312875747680664,17.841026306152344,15.779834747314453,47.59206771850586
6466.0,16.067386627197266,17.52416229248047,15.779862403869629,47.592079162597656
6467.5,14.815681457519531,15.71187686920166,15.811529159545898,47.60258865356445
6469.0,16.318204879760742,17.71344566345215,15.811514854431152,47.60258102416992
6470.5,16.589351654052734,18.009708404541016,15.811504364013672,47.602577209472656
6472.0,15.302719116210938,16.569353103637695,15.779857635498047,47.592079162597656
6473.5,15.206610679626465,16.388643264770508,15.779860496520996,47.592079162597656
6475.0,14.595199584960938,15.42768383026123,15.779839515686035,47.59206771850586
6476.5,14.515705108642578,15.459346771240234,15.779818534851074,47.59205627441406
6478.0,14.299812316894531,15.273771286010742,15.779816627502441,47.59205627441406
6479.5,14.069332122802734,14.896055221557617,15.77982234954834,47.59206008911133
6481.0,14.78658676147461,15.945441246032715,15.779823303222656,47.59206008911133
6482.5,14.118782043457031,14.971708297729492,15.779815673828125,47.59205627441406
6484.0,13.347750663757324,13.944143295288086,15.779809951782227,47.59205627441406
6485.5,13.894296646118164,14.548564910888672,15.77980899810791,47.5920524597168
6487.0,14.124994277954102,14.801431655883789,15.779808044433594,47.5920524597168
6488.5,14.100732803344727,14.597393989562988,15.779807090759277,47.5920524597168
6490.0,13.928915977478027,14.554450988769531,15.811461448669434,47.60255813598633
6491.5,14.140241622924805,14.702814102172852,15.811460494995117,47.60255813598633
6493.0,14.52248764038086,15.330460548400879,15.811460494995117,47.60255813598633
6494.5,15.023275375366211,16.072399139404297,15.811460494995117,47.60255813598633
6496.0,15.917160034179688,17.221912384033203,15.8114595413208,47.60255813598633
6497.5,15.507987976074219,16.557762145996094,15.811469078063965,47.60255813598633
6499.0,14.873743057250977,16.151161193847656,15.779847145080566,47.592071533203125
6500.5,15.968084335327148,17.332202911376953,15.779891967773438,47.59209442138672
6880.0,13.45770263671875,14.134824752807617,15.811457633972168,47.59204864501953
6881.5,13.780673027038574,14.534589767456055,15.811464309692383,47.59205627441406
6883.0,14.340108871459961,15.496063232421875,15.811473846435547,47.59206008911133
6884.5,14.229349136352539,15.434701919555664,15.811470985412598,47.59205627441406
6886.0,13.693443298339844,14.605792999267578,15.8114595413208,47.5920524597168
6887.5,13.363190650939941,14.259317398071289,15.811454772949219,47.59204864501953
6889.0,13.288951873779297,14.15218734741211,15.8114652633667,47.59205627441406
6890.5,13.957881927490234,14.959500312805176,15.811494827270508,47.592071533203125
6892.0,14.334516525268555,15.784160614013672,15.81151008605957,47.592079162597656
6893.5,13.733739852905273,14.880390167236328,15.811488151550293,47.592063903808594
6895.0,13.47138786315918,14.193321228027344,15.81146240234375,47.5920524597168
6896.5,13.895265579223633,14.61266803741455,15.811458587646484,47.5920524597168
6898.0,14.417747497558594,15.36990737915039,15.811454772949219,47.59204864501953
6899.5,14.655012130737305,15.703115463256836,15.811455726623535,47.59204864501953
6901.0,15.030779838562012,16.16541862487793,15.811469078063965,47.59205627441406
6902.5,15.31171703338623,16.391063690185547,15.811504364013672,47.59207534790039
6904.0,15.299667358398438,16.46472930908203,15.811507225036621,47.59207534790039
6905.5,14.106115341186523,15.085287094116211,15.81147289276123,47.59205627441406
6907.0,13.473018646240234,14.193336486816406,15.811453819274902,47.59204864501953
6908.5,14.114032745361328,14.900111198425293,15.81144905090332,47.59204864501953
6910.0,14.556785583496094,15.491403579711914,15.811447143554688,47.592044830322266
6911.5,15.164950370788574,16.146018981933594,15.811452865600586,47.59204864501953
6913.0,14.593827247619629,15.539284706115723,15.779821395874023,47.5815544128418
6914.5,13.205092430114746,14.175355911254883,15.779857635498047,47.581573486328125
6916.0,14.034720420837402,15.23066520690918,15.779854774475098,47.58156967163086
6917.5,14.049053192138672,14.840764999389648,15.779814720153809,47.58155059814453
6919.0,13.83802604675293,14.438323974609375,15.779791831970215,47.58153533935547
6920.5,14.787190437316895,15.697590827941895,15.779790878295898,47.58153533935547
6922.0,14.951133728027344,15.949798583984375,15.77979850769043,47.581539154052734
6923.5,14.052816390991211,15.078392028808594,15.779834747314453,47.58155822753906
6925.0,14.641342163085938,15.855107307434082,15.7799072265625,47.58159637451172
6926.5,15.42652416229248,16.79208755493164,15.779901504516602,47.58159255981445
6928.0,14.572307586669922,15.856893539428711,15.779834747314453,47.58155822753906
6929.5,14.507034301757812,15.489652633666992,15.77979850769043,47.581539154052734
6931.0,14.566505432128906,15.489727020263672,15.779790878295898,47.58153533935547
6932.5,13.577486038208008,14.296821594238281,15.779788970947266,47.58153533935547
6934.0,13.678192138671875,14.314029693603516,15.779787063598633,47.58153533935547
6935.5,14.249788284301758,15.074145317077637,15.779787063598633,47.58153533935547
6937.0,14.898427963256836,15.922595977783203,15.779786109924316,47.58153533935547
6938.5,14.87304973602295,15.925244331359863,15.779792785644531,47.58153533935547
6940.0,13.514595985412598,14.378728866577148,15.779815673828125,47.58155059814453
6941.5,13.182640075683594,13.781825065612793,15.779841423034668,47.58156204223633
6943.0,14.510274887084961,15.332010269165039,15.779839515686035,47.58156204223633
6944.5,14.541813850402832,15.482416152954102,15.77980899810791,47.581546783447266
6946.0,14.2666015625,15.318103790283203,15.779789924621582,47.58153533935547
6947.5,15.102898597717285,16.218482971191406,15.779793739318848,47.581539154052734
6949.0,14.289441108703613,15.248878479003906,15.779829978942871,47.5815544128418
6950.5,12.876791000366211,13.533885955810547,15.779897689819336,47.58159255981445
6952.0,13.565210342407227,14.315664291381836,15.779950141906738,47.58161544799805
6953.5,14.826128005981445,15.809161186218262,15.779867172241211,47.58157730102539
6955.0,14.807109832763672,15.928401947021484,15.779802322387695,47.58154296875
6956.5,14.906454086303711,16.018009185791016,15.779790878295898,47.58153533935547
6958.0,14.597305297851562,15.445526123046875,15.779790878295898,47.58153533935547
6959.5,13.728473663330078,14.300421714782715,15.779789924621582,47.58153533935547
6961.0,13.340255737304688,14.014172554016113,15.779788970947266,47.58153533935547
6962.5,13.497612953186035,14.219345092773438,15.77978801727295,47.58153533935547
6964.0,14.006536483764648,14.680412292480469,15.779786109924316,47.58153533935547
6965.5,14.124776840209961,14.850759506225586,15.77978801727295,47.58153533935547
6967.0,13.698016166687012,14.314125061035156,15.779788970947266,47.592041015625
6968.5,13.584659576416016,14.321507453918457,15.779790878295898,47.592044830322266
6970.0,13.867603302001953,14.58874225616455,15.779801368713379,47.60255432128906
6971.5,14.866043090820312,15.849724769592285,15.811476707458496,47.613067626953125
6973.0,15.065887451171875,16.499183654785156,15.843074798583984,47.63406753540039
6974.5,14.30795669555664,15.435312271118164,15.84305191040039,47.634056091308594
6976.0,14.75604248046875,15.57945728302002,15.843036651611328,47.63404846191406
6977.5,14.135395050048828,14.888569831848145,15.84304141998291,47.63405227661133
6979.0,13.902824401855469,14.876718521118164,15.843074798583984,47.623573303222656
6980.5,16.148691177368164,17.54856300354004,15.84311580657959,47.623592376708984
6982.0,15.9678373336792,17.438209533691406,15.779862403869629,47.592079162597656
6983.5,14.161596298217773,15.196300506591797,15.779813766479492,47.59205627441406
6985.0,14.792503356933594,15.884828567504883,15.779789924621582,47.592041015625
6986.5,14.293697357177734,15.179756164550781,15.77978801727295,47.592041015625
6988.0,13.659725189208984,14.347679138183594,15.779788970947266,47.592041015625
6989.5,14.03713607788086,14.73269271850586,15.779788970947266,47.592041015625
6991.0,14.009994506835938,14.815378189086914,15.77978801727295,47.592041015625
6992.5,14.095060348510742,14.754325866699219,15.77978801727295,47.592041015625
6994.0,14.453255653381348,15.064483642578125,15.779786109924316,47.592041015625
6995.5,14.509291648864746,15.274965286254883,15.779786109924316,47.592041015625
6997.0,14.159625053405762,14.874903678894043,15.779786109924316,47.592041015625
6998.5,14.099295616149902,14.812091827392578,15.77978801727295,47.592041015625
7000.0,14.322272300720215,15.231508255004883,15.779788970947266,47.592041015625
7001.5,13.979552268981934,14.771787643432617,15.77978801727295,47.592041015625
7003.0,13.81152057647705,14.509380340576172,15.779789924621582,47.592041015625
7004.5,14.311285018920898,14.933206558227539,15.779799461364746,47.59204864501953
7006.0,15.066591262817383,16.169118881225586,15.779809951782227,47.59205627441406
7007.5,14.905359268188477,15.973603248596191,15.779804229736328,47.59204864501953
7009.0,14.49077033996582,15.428502082824707,15.779791831970215,47.592044830322266
7010.5,14.401395797729492,15.216035842895508,15.779790878295898,47.592044830322266
7012.0,14.585447311401367,15.424449920654297,15.779807090759277,47.5920524597168
7013.5,15.269771575927734,16.409507751464844,15.779828071594238,47.592063903808594
7015.0,15.364938735961914,16.618946075439453,15.7481050491333,47.5815544128418
7016.5,14.442352294921875,15.455554008483887,15.748079299926758,47.6025505065918
7018.0,14.067856788635254,14.999523162841797,15.748065948486328,47.60254669189453
7019.5,14.436752319335938,15.162550926208496,15.748064994812012,47.602542877197266
7021.0,14.339765548706055,15.133249282836914,15.748065948486328,47.602542877197266
7022.5,13.993242263793945,14.742633819580078,15.748065948486328,47.602542877197266
7024.0,13.941387176513672,14.684586524963379,15.748064994812012,47.602542877197266
7025.5,13.87474250793457,14.529911041259766,15.748064994812012,47.5815315246582
7027.0,13.804771423339844,14.407553672790527,15.748064041137695,47.5815315246582
7028.5,13.63046646118164,14.342202186584473,15.748064041137695,47.5815315246582
7030.0,13.257486343383789,13.9784517288208,15.748064994812012,47.5815315246582
7031.5,13.330636978149414,13.968267440795898,15.748066902160645,47.58153533935547
7033.0,13.461021423339844,14.215911865234375,15.748066902160645,47.58153533935547
7034.5,12.995780944824219,13.609633445739746,15.748064994812012,47.58153533935547
7036.0,12.818897247314453,13.489938735961914,15.748064994812012,47.58153533935547
7037.5,13.041484832763672,13.78506088256836,15.748064041137695,47.58153533935547
7039.0,12.941412925720215,13.522505760192871,15.748064041137695,47.5815315246582
7040.5,13.204061508178711,13.867851257324219,15.748064994812012,47.5815315246582
7042.0,13.780876159667969,14.575342178344727,15.748071670532227,47.58153533935547
7043.5,13.809995651245117,14.621776580810547,15.748077392578125,47.581539154052734
7045.0,13.699899673461914,14.271561622619629,15.748077392578125,47.581539154052734
7046.5,13.639511108398438,14.25402545928955,15.74807357788086,47.58153533935547
7048.0,14.188029289245605,15.12926959991455,15.748078346252441,47.581539154052734
7049.5,14.731731414794922,15.587481498718262,15.74809455871582,47.581546783447266
7051.0,14.645512580871582,15.457630157470703,15.748099327087402,47.571044921875
7052.5,14.303722381591797,15.07964038848877,15.748090744018555,47.57103729248047
7054.0,14.283956527709961,15.233804702758789,15.748079299926758,47.57102966308594
7055.5,14.625516891479492,15.616357803344727,15.748074531555176,47.57102966308594
7057.0,14.846985816955566,15.933568954467773,15.748071670532227,47.57102584838867
7058.5,14.477396965026855,15.45478630065918,15.748069763183594,47.57102584838867
7060.0,14.201034545898438,15.049758911132812,15.748067855834961,47.57102584838867
7061.5,14.256202697753906,15.168718338012695,15.748067855834961,47.57102584838867
7063.0,14.124574661254883,14.872392654418945,15.748068809509277,47.57102584838867
7064.5,14.560918807983398,15.488496780395508,15.74807071685791,47.57102584838867
7066.0,14.08788776397705,15.038522720336914,15.748072624206543,47.57102584838867
7067.5,13.942001342773438,14.684945106506348,15.74807357788086,47.57102966308594
7069.0,14.700435638427734,15.50848388671875,15.74807357788086,47.58153533935547
7070.5,13.936227798461914,14.613344192504883,15.74807357788086,47.58153533935547
7072.0,13.475671768188477,14.026793479919434,15.74807357788086,47.58153533935547
7073.5,14.248324394226074,15.058046340942383,15.748072624206543,47.58153533935547
7075.0,14.453092575073242,15.345024108886719,15.748071670532227,47.58153533935547
7076.5,14.250181198120117,15.16417121887207,15.748071670532227,47.58153533935547
7078.0,14.299996376037598,15.189435005187988,15.748071670532227,47.56051254272461
7079.5,14.241389274597168,15.141554832458496,15.748071670532227,47.56051254272461
7081.0,14.503541946411133,15.467540740966797,15.748071670532227,47.560516357421875
7082.5,14.200231552124023,15.353736877441406,15.748072624206543,47.560516357421875
7084.0,14.260887145996094,15.37885570526123,15.748076438903809,47.56052017211914
7085.5,15.065195083618164,16.13670539855957,15.748076438903809,47.56052017211914
7087.0,14.389506340026855,15.455958366394043,15.748072624206543,47.560516357421875
7088.5,13.946094512939453,15.875322341918945,15.748072624206543,47.560516357421875
7090.0,14.43597412109375,17.25301170349121,15.748078346252441,47.56052017211914
7091.5,14.473064422607422,16.983619689941406,15.74808120727539,47.56052017211914
7093.0,14.225517272949219,15.984622955322266,15.748077392578125,47.56052017211914
7094.5,13.966375350952148,14.948858261108398,15.748071670532227,47.56051254272461
7096.0,13.904037475585938,14.736795425415039,15.748068809509277,47.56051254272461
7097.5,13.797622680664062,14.725598335266113,15.748066902160645,47.56051254272461
7099.0,13.720041275024414,14.633376121520996,15.748065948486328,47.56051254272461
7100.5,12.962676048278809,13.746095657348633,15.748065948486328,47.56051254272461
7102.0,12.679361343383789,13.271684646606445,15.748065948486328,47.56051254272461
7103.5,13.010106086730957,13.844306945800781,15.748065948486328,47.56051254272461
7105.0,13.073753356933594,14.115730285644531,15.748065948486328,47.56051254272461
7106.5,12.870490074157715,13.641874313354492,15.748065948486328,47.56051254272461
7108.0,12.866636276245117,13.706624984741211,15.748064994812012,47.56051254272461
7109.5,12.598222732543945,13.474191665649414,15.748064994812012,47.56051254272461
7111.0,12.24616527557373,13.09636116027832,15.748065948486328,47.56051254272461
7112.5,12.780721664428711,13.738038063049316,15.748065948486328,47.56051254272461
7114.0,12.741880416870117,13.646071434020996,15.748064994812012,47.56051254272461
7115.5,12.703027725219727,13.377008438110352,15.748064994812012,47.56051254272461
7117.0,13.08796501159668,13.712507247924805,15.748064994812012,47.56051254272461
7118.5,13.396444320678711,14.059309959411621,15.748064994812012,47.56051254272461
7120.0,13.561311721801758,14.338264465332031,15.748064994812012,47.56051254272461
7121.5,13.662813186645508,14.615815162658691,15.748064994812012,47.56051254272461
7123.0,13.464838981628418,14.275659561157227,15.748064994812012,47.56051254272461
7124.5,13.231858253479004,13.84268856048584,15.748064994812012,47.56051254272461
7126.0,13.330018997192383,13.878808975219727,15.748065948486328,47.56051254272461
7127.5,13.87289047241211,14.535776138305664,15.748066902160645,47.56051254272461
7129.0,14.056318283081055,14.857324600219727,15.748071670532227,47.56051254272461
7130.5,13.91840934753418,14.639396667480469,15.779790878295898,47.57102966308594
7132.0,13.928213119506836,14.658807754516602,15.77978801727295,47.57102584838867
7133.5,14.263368606567383,15.188907623291016,15.779788970947266,47.57102584838867
7135.0,14.287921905517578,15.109477996826172,15.779790878295898,47.560516357421875
7136.5,13.7333984375,14.426578521728516,15.779788970947266,47.57102966308594
7138.0,13.418821334838867,14.175209999084473,15.779786109924316,47.57102584838867
7139.5,13.774452209472656,14.493535995483398,15.779783248901367,47.571022033691406
7141.0,14.325665473937988,15.161114692687988,15.779783248901367,47.571022033691406
7142.5,14.148988723754883,15.105579376220703,15.779786109924316,47.57102584838867
7144.0,14.05989933013916,14.919904708862305,15.779791831970215,47.58153533935547
7145.5,13.971721649169922,14.808170318603516,15.77979564666748,47.581539154052734
7147.0,13.925039291381836,14.864482879638672,15.779797554016113,47.581539154052734
7148.5,14.138635635375977,14.923828125,15.77979564666748,47.581539154052734
7150.0,14.19710922241211,15.013421058654785,15.779792785644531,47.58153533935547
7151.5,13.943090438842773,14.887577056884766,15.779790878295898,47.58153533935547
7153.0,14.08039665222168,14.955558776855469,15.779788970947266,47.58153533935547
7154.5,13.930291175842285,14.774103164672852,15.779786109924316,47.58153533935547
7156.0,13.666830062866211,14.448930740356445,15.77978515625,47.58153533935547
7157.5,13.650935173034668,14.21092414855957,15.77978515625,47.58153533935547
7159.0,13.911127090454102,14.522674560546875,15.77978515625,47.5815315246582
7160.5,13.891738891601562,14.875909805297852,15.779786109924316,47.58153533935547
7162.0,13.82016658782959,14.70827865600586,15.779787063598633,47.58153533935547
7163.5,13.838533401489258,14.477861404418945,15.77978801727295,47.58153533935547
7165.0,13.624711990356445,14.54488754272461,15.77978801727295,47.592041015625
7166.5,14.095085144042969,15.035030364990234,15.77978801727295,47.592041015625
7168.0,14.441598892211914,15.234917640686035,15.77978801727295,47.592041015625
7169.5,13.777241706848145,14.634346008300781,15.77978801727295,47.592041015625
7171.0,13.35636043548584,14.235347747802734,15.779788970947266,47.592041015625
7172.5,13.71235466003418,14.537795066833496,15.779788970947266,47.592041015625
7174.0,14.1353759765625,14.866641998291016,15.779788970947266,47.592041015625
7175.5,14.21684455871582,15.012557983398438,15.779788970947266,47.592041015625
7177.0,14.552770614624023,15.37564468383789,15.779791831970215,47.592041015625
7178.5,14.476960182189941,15.34048843383789,15.779792785644531,47.592044830322266
7180.0,13.835063934326172,14.654763221740723,15.779790878295898,47.592041015625
7181.5,13.738591194152832,14.54553508758545,15.779791831970215,47.592041015625
7183.0,14.204673767089844,14.933664321899414,15.779791831970215,47.592041015625
7184.5,14.213330268859863,14.97492790222168,15.779790878295898,47.592041015625
7186.0,13.993234634399414,14.785869598388672,15.779788970947266,47.592041015625
7187.5,13.870485305786133,14.64765453338623,15.779787063598633,47.592041015625
7189.0,13.775009155273438,14.630380630493164,15.77978515625,47.592041015625
7190.5,13.610564231872559,14.355827331542969,15.779784202575684,47.592041015625
7192.0,13.787412643432617,14.456461906433105,15.779784202575684,47.592041015625
7193.5,13.963481903076172,14.807242393493652,15.779783248901367,47.592041015625
7195.0,13.688203811645508,14.535989761352539,15.779783248901367,47.592041015625
7196.5,13.631729125976562,14.437845230102539,15.779783248901367,47.592041015625
7198.0,13.677305221557617,14.469196319580078,15.77978229522705,47.592041015625
7199.5,13.488443374633789,14.284490585327148,15.77978229522705,47.592041015625
7201.0,13.244070053100586,14.077240943908691,15.779784202575684,47.592041015625
7202.5,13.476957321166992,14.241216659545898,15.779786109924316,47.58153533935547
7204.0,13.683036804199219,14.507608413696289,15.779786109924316,47.58153533935547
7205.5,13.481573104858398,14.113665580749512,15.779784202575684,47.58153533935547
7207.0,13.344820022583008,13.880046844482422,15.779784202575684,47.5815315246582
7208.5,13.625297546386719,14.43333625793457,15.779784202575684,47.58153533935547
7210.0,13.618221282958984,14.40709114074707,15.779783248901367,47.58153533935547
7211.5,13.287971496582031,13.905882835388184,15.779784202575684,47.58153533935547
7213.0,13.304365158081055,14.018460273742676,15.779783248901367,47.58153533935547
7214.5,13.473625183105469,14.112298965454102,15.77978229522705,47.5815315246582
7216.0,15.675094604492188,16.447490692138672,15.779783248901367,47.5815315246582
7217.5,13.080877304077148,13.857709884643555,15.779783248901367,47.5815315246582
7219.0,13.174002647399902,13.843191146850586,15.77978229522705,47.5815315246582
7220.5,13.224214553833008,13.96632194519043,15.779783248901367,47.5815315246582
7222.0,13.24240493774414,13.999330520629883,15.779783248901367,47.58153533935547
7223.5,13.433816909790039,14.145454406738281,15.779786109924316,47.58153533935547
7225.0,13.9876708984375,14.79079818725586,15.779788970947266,47.58153533935547
7226.5,14.126225471496582,14.992412567138672,15.77978801727295,47.58153533935547
7228.0,13.71524429321289,14.502212524414062,15.77978801727295,47.58153533935547
7229.5,14.297513008117676,15.108667373657227,15.77978801727295,47.58153533935547
7231.0,14.786553382873535,15.64784049987793,15.77978801727295,47.58153533935547
7232.5,13.984633445739746,14.802534103393555,15.77978801727295,47.58153533935547
7234.0,13.796043395996094,14.671424865722656,15.779788970947266,47.58153533935547
7235.5,13.97450065612793,14.90095329284668,15.779791831970215,47.58153533935547
7237.0,14.190885543823242,15.313154220581055,15.779793739318848,47.581539154052734
7238.5,15.157320976257324,16.601287841796875,15.779814720153809,47.58155059814453
7240.0,12.317514419555664,13.105375289916992,15.77989673614502,47.58159255981445
7241.5,9.58488941192627,9.892999649047852,15.780059814453125,47.58167266845703
7243.0,12.447650909423828,13.441976547241211,15.780168533325195,47.581729888916016
7244.5,16.307552337646484,18.053314208984375,15.7800931930542,47.581695556640625
7246.0,14.045513153076172,15.220754623413086,15.780078887939453,47.58168411254883
7247.5,12.515168190002441,13.579553604125977,15.7800931930542,47.58169174194336
7249.0,14.8446683883667,16.633895874023438,15.780035018920898,47.581661224365234
7250.5,15.956745147705078,17.556427001953125,15.779867172241211,47.58157730102539
7252.0,15.066390037536621,16.312625885009766,15.779804229736328,47.581546783447266
7253.5,14.648517608642578,15.864601135253906,15.779812812805176,47.58155059814453
7255.0,13.579510688781738,14.987173080444336,15.779850006103516,47.58156967163086
7256.5,13.236638069152832,14.541213035583496,15.779855728149414,47.58156967163086
7258.0,14.803316116333008,16.29452896118164,15.779829978942871,47.5815544128418
7259.5,14.732528686523438,16.104389190673828,15.779805183410645,47.581546783447266
7261.0,13.842920303344727,14.778878211975098,15.779791831970215,47.58153533935547
7262.5,13.860616683959961,14.560909271240234,15.779787063598633,47.58153533935547
7264.0,14.040550231933594,14.727550506591797,15.779787063598633,47.58153533935547
7265.5,14.007976531982422,14.801162719726562,15.77978801727295,47.58153533935547
7267.0,13.60948657989502,14.50872802734375,15.779788970947266,47.58153533935547
7268.5,13.83588695526123,14.723974227905273,15.779792785644531,47.58153533935547
7270.0,14.306129455566406,15.485925674438477,15.77979850769043,47.59204864501953
7271.5,14.42078971862793,15.852169036865234,15.779799461364746,47.60255432128906
7273.0,14.608978271484375,16.055953979492188,15.77979564666748,47.6025505065918
7274.5,15.246369361877441,16.441986083984375,15.779806137084961,47.60255813598633
7276.0,14.427553176879883,15.696861267089844,15.779878616333008,47.602596282958984
7277.5,11.47071361541748,12.752853393554688,15.780149459838867,47.60273361206055
7279.0,12.782499313354492,14.454867362976074,15.780335426330566,47.59232711791992
7280.5,16.8983154296875,18.950603485107422,15.7800931930542,47.59219741821289
7282.0,18.839168548583984,21.136981964111328,15.779860496520996,47.592079162597656
7283.5,15.71273136138916,17.081790924072266,15.779821395874023,47.59206008911133
7285.0,12.791833877563477,13.586954116821289,15.779873847961426,47.59208679199219
7286.5,13.520550727844238,14.437901496887207,15.779934883117676,47.59211730957031
7288.0,15.989270210266113,17.613544464111328,15.779916763305664,47.59210968017578
7289.5,16.547948837280273,18.224578857421875,15.779845237731934,47.592071533203125
7291.0,14.879875183105469,16.052921295166016,15.779800415039062,47.59204864501953
7292.5,14.017287254333496,14.914226531982422,15.779794692993164,47.592044830322266
7294.0,13.923078536987305,14.880130767822266,15.779794692993164,47.59204864501953
7295.5,13.22994327545166,14.004451751708984,15.779799461364746,47.59204864501953
7297.0,14.0620756149292,15.11205768585205,15.779818534851074,47.59206008911133
7298.5,15.652182579040527,17.05707550048828,15.77983283996582,47.592063903808594
7300.0,14.749811172485352,16.059221267700195,15.779818534851074,47.59206008911133
7301.5,13.547966957092285,14.404470443725586,15.779794692993164,47.592044830322266
7303.0,13.917659759521484,14.856578826904297,15.779793739318848,47.592044830322266
7304.5,13.688142776489258,14.877946853637695,15.77983283996582,47.592063903808594
7306.0,14.184377670288086,15.47215461730957,15.779887199401855,47.59209442138672
7307.5,14.629423141479492,15.80670166015625,15.779866218566895,47.59208297729492
7309.0,13.910344123840332,14.784945487976074,15.779814720153809,47.59205627441406
7310.5,13.826301574707031,14.636407852172852,15.779793739318848,47.59204864501953
7312.0,13.944963455200195,14.956995964050293,15.779794692993164,47.59204864501953
7313.5,14.032451629638672,15.053365707397461,15.779801368713379,47.59204864501953
7315.0,14.823810577392578,16.22598648071289,15.779809951782227,47.59205627441406
7316.5,13.837373733520508,15.233312606811523,15.779890060424805,47.59209442138672
7318.0,11.920035362243652,13.021567344665527,15.780077934265137,47.59218978881836
7319.5,13.83734130859375,15.303641319274902,15.811738967895508,47.602699279785156
7321.0,17.23802375793457,18.89398193359375,15.811582565307617,47.60261917114258
7322.5,16.442195892333984,17.836315155029297,15.811469078063965,47.602561950683594
7324.0,14.993322372436523,16.16672706604004,15.811440467834473,47.60254669189453
7325.5,14.445245742797852,15.538198471069336,15.843029022216797,47.6130485534668
7327.0,13.8497314453125,14.81285285949707,15.843029975891113,47.6130485534668
7328.5,13.546213150024414,14.210882186889648,15.84304428100586,47.61305236816406
7330.0,12.25670051574707,12.908868789672852,15.843101501464844,47.61308670043945
7331.5,12.484691619873047,13.245088577270508,15.843173027038574,47.634117126464844
7333.0,15.741358757019043,17.012388229370117,15.811556816101074,47.62360382080078
7334.5,15.864188194274902,17.205385208129883,15.811479568481445,47.62356948852539
7336.0,14.278968811035156,15.344700813293457,15.779790878295898,47.592041015625
7337.5,14.028721809387207,15.041635513305664,15.77978515625,47.592041015625
7339.0,14.218450546264648,15.152020454406738,15.779788970947266,47.592041015625
7340.5,14.079854965209961,14.93558120727539,15.7798433303833,47.592071533203125
7342.0,12.99322509765625,14.010956764221191,15.780068397521973,47.592185974121094
7343.5,12.682332992553711,14.29557991027832,15.78018569946289,47.592247009277344
7345.0,13.978425979614258,15.506673812866211,15.780050277709961,47.5921745300293
7346.5,16.366004943847656,17.96255874633789,15.779864311218262,47.59208297729492
7348.0,16.222545623779297,17.507349014282227,15.779800415039062,47.59204864501953
7349.5,14.763827323913574,15.950172424316406,15.779792785644531,47.592041015625
7351.0,13.745926856994629,14.6630859375,15.779790878295898,47.592041015625
7352.5,13.964485168457031,15.055304527282715,15.779790878295898,47.592041015625
7354.0,14.10474681854248,15.153324127197266,15.779791831970215,47.592044830322266
7355.5,14.40684700012207,15.559856414794922,15.779789924621582,47.592041015625
7357.0,15.593910217285156,17.17823028564453,15.779789924621582,47.592041015625
7358.5,14.849085807800293,16.04608917236328,15.779817581176758,47.59205627441406
7360.0,12.624757766723633,13.577926635742188,15.77988052368164,47.59209442138672
7361.5,13.825508117675781,15.324271202087402,15.779923439025879,47.59210968017578
7363.0,15.181461334228516,16.781665802001953,15.77987289428711,47.58157730102539
7364.5,13.945332527160645,15.125344276428223,15.779807090759277,47.581546783447266
7366.0,13.674362182617188,14.65007495880127,15.779789924621582,47.58153533935547
7367.5,14.835041999816895,15.838064193725586,15.779794692993164,47.581539154052734
7369.0,14.416656494140625,15.389984130859375,15.779837608337402,47.58156204223633
7370.5,11.881226539611816,12.491981506347656,15.77999496459961,47.581642150878906
7372.0,13.121874809265137,14.359916687011719,15.780115127563477,47.581703186035156
7373.5,17.826295852661133,19.562883377075195,15.780014038085938,47.5816535949707
7375.0,17.262943267822266,19.116024017333984,15.7798433303833,47.58156204223633
7376.5,14.864992141723633,16.227336883544922,15.77979850769043,47.581539154052734
7378.0,14.12421989440918,15.313637733459473,15.779788970947266,47.58153533935547
7379.5,13.78038215637207,14.749536514282227,15.779786109924316,47.58153533935547
7381.0,14.071438789367676,14.986634254455566,15.779784202575684,47.58153533935547
7382.5,13.974348068237305,14.838951110839844,15.779784202575684,47.58153533935547
7384.0,13.605648040771484,14.396102905273438,15.77978515625,47.58153533935547
7385.5,13.577470779418945,14.399140357971191,15.779786109924316,47.58153533935547
7387.0,13.365621566772461,14.019527435302734,15.779784202575684,47.58153533935547
7388.5,13.576910972595215,14.290627479553223,15.77978515625,47.571022033691406
7390.0,14.423416137695312,15.394540786743164,15.779788970947266,47.57102584838867
7391.5,13.674715042114258,14.506930351257324,15.779801368713379,47.5710334777832
7393.0,12.741888046264648,13.581701278686523,15.779833793640137,47.57105255126953
7394.5,13.787192344665527,14.813132286071777,15.779869079589844,47.571067810058594
7396.0,14.713558197021484,15.899717330932617,15.779858589172363,47.57106399536133
7397.5,13.886959075927734,14.756059646606445,15.779809951782227,47.57103729248047
7399.0,13.559144973754883,14.28299331665039,15.779787063598633,47.57102584838867
7400.5,13.676665306091309,14.493513107299805,15.811448097229004,47.581539154052734
7402.0,12.492500305175781,13.055246353149414,15.811493873596191,47.58156204223633
7403.5,11.662283897399902,12.101524353027344,15.81160831451416,47.58162307739258
7405.0,14.325820922851562,15.605836868286133,15.811657905578613,47.58164596557617
7406.5,15.283705711364746,16.760467529296875,15.81153678894043,47.58158493041992
7408.0,14.494626998901367,15.579300880432129,15.811455726623535,47.58154296875
7409.5,14.343301773071289,15.54399299621582,15.81143856048584,47.58153533935547
7411.0,13.90356731414795,15.022956848144531,15.779781341552734,47.571022033691406
7412.5,13.311447143554688,14.192316055297852,15.779783248901367,47.571022033691406
7414.0,13.338563919067383,14.282346725463867,15.779787063598633,47.57102584838867
7415.5,13.590429306030273,14.605812072753906,15.77978801727295,47.57102584838867
7417.0,13.511878967285156,14.554616928100586,15.779787063598633,47.57102584838867
7418.5,13.490889549255371,14.485933303833008,15.779786109924316,47.60254669189453
7420.0,13.622055053710938,14.619897842407227,15.77978515625,47.60254669189453
7421.5,13.254447937011719,13.947028160095215,15.779784202575684,47.60254669189453
7423.0,13.086414337158203,13.732917785644531,15.77978229522705,47.60254669189453
7424.5,13.288013458251953,14.22618293762207,15.779783248901367,47.60254669189453
7426.0,13.435705184936523,14.37491512298584,15.77978515625,47.60254669189453
7427.5,13.469715118408203,14.301189422607422,15.779783248901367,47.60254669189453
7429.0,13.035904884338379,13.817516326904297,15.779787063598633,47.60254669189453
7430.5,13.291753768920898,14.064212799072266,15.779809951782227,47.57103729248047
7432.0,14.822042465209961,15.960844993591309,15.779838562011719,47.57105255126953
7433.5,14.813819885253906,16.059368133544922,15.779829978942871,47.571048736572266
7435.0,13.505577087402344,14.411444664001465,15.779800415039062,47.5710334777832
7436.5,13.580730438232422,14.51721477508545,15.779787063598633,47.57102584838867
7438.0,14.025765419006348,15.16519546508789,15.77979564666748,47.57102966308594
7439.5,13.44693374633789,14.279687881469727,15.779850959777832,47.57106018066406
7441.0,14.217690467834473,15.3976411819458,15.779898643493652,47.571083068847656
7442.5,15.234037399291992,16.643112182617188,15.779858589172363,47.57106399536133
7444.0,14.08980941772461,15.014900207519531,15.779806137084961,47.57103729248047
7445.5,13.75986385345459,14.650229454040527,15.779786109924316,47.57102584838867
7447.0,13.934450149536133,15.041180610656738,15.779783248901367,47.57102584838867
7448.5,13.25723934173584,14.041234970092773,15.77978229522705,47.57102584838867
7450.0,13.407486915588379,14.110581398010254,15.77978229522705,47.57102584838867
7451.5,13.354809761047363,14.202022552490234,15.779781341552734,47.571022033691406
7453.0,13.062681198120117,13.79377269744873,15.77978229522705,47.571022033691406
7454.5,13.283900260925293,13.990720748901367,15.779783248901367,47.57102584838867
7456.0,13.77875804901123,14.627936363220215,15.77978229522705,47.571022033691406
7457.5,13.99962329864502,14.74331283569336,15.77978229522705,47.57102584838867
7459.0,13.461129188537598,14.187585830688477,15.779783248901367,47.57102584838867
7460.5,13.40135383605957,14.105592727661133,15.779786109924316,47.57102584838867
7462.0,13.488401412963867,14.340542793273926,15.779789924621582,47.57102584838867
7463.5,13.624573707580566,14.590486526489258,15.77979850769043,47.5710334777832
7465.0,14.72686767578125,15.812612533569336,15.779807090759277,47.57103729248047
7466.5,14.526786804199219,15.56467056274414,15.779812812805176,47.571041107177734
7468.0,13.700091361999512,14.636214256286621,15.779820442199707,47.571044921875
7469.5,15.04432201385498,16.00066375732422,15.77982234954834,47.571044921875
7471.0,14.927511215209961,15.982126235961914,15.779816627502441,47.571044921875
7472.5,13.434553146362305,14.232421875,15.779827117919922,47.571044921875
7474.0,14.413698196411133,15.411795616149902,15.77985954284668,47.57106399536133
7475.5,15.303853988647461,16.53844451904297,15.779870986938477,47.571067810058594
7477.0,14.7725830078125,15.990413665771484,15.779852867126465,47.57106018066406
7478.5,15.223402976989746,16.328731536865234,15.779823303222656,47.571044921875
7480.0,15.2756929397583,16.22577667236328,15.779825210571289,47.5605354309082
7481.5,14.619123458862305,15.577866554260254,15.779867172241211,47.56055450439453
7483.0,15.080126762390137,16.408281326293945,15.779874801635742,47.5605583190918
7484.5,14.835710525512695,15.847150802612305,15.779874801635742,47.5605583190918
7486.0,14.645681381225586,15.622045516967773,15.779863357543945,47.56055450439453
7487.5,15.493315696716309,16.853252410888672,15.779838562011719,47.560543060302734
7489.0,14.727062225341797,15.844314575195312,15.779804229736328,47.57103729248047
7490.5,14.204744338989258,14.948723793029785,15.779790878295898,47.57102584838867
7492.0,14.085484504699707,14.82568645477295,15.779787063598633,47.57102584838867
7493.5,13.966109275817871,14.807374000549316,15.779789924621582,47.57102584838867
7495.0,14.905902862548828,15.927223205566406,15.779803276062012,47.57103729248047
7496.5,14.838663101196289,15.79609489440918,15.779809951782227,47.57103729248047
7498.0,13.614034652709961,14.44117546081543,15.779800415039062,47.5710334777832
7499.5,13.401138305664062,14.12476921081543,15.77978801727295,47.57102584838867
7501.0,13.699455261230469,14.459207534790039,15.77978515625,47.56051254272461
7502.5,13.582115173339844,14.399948120117188,15.779786109924316,47.56051254272461
7504.0,13.711158752441406,14.641386985778809,15.779786109924316,47.56051254272461
7505.5,13.906403541564941,14.902142524719238,15.77978515625,47.56051254272461
7507.0,13.722208976745605,14.444442749023438,15.779783248901367,47.56051254272461
7508.5,13.638561248779297,14.207335472106934,15.811437606811523,47.57102584838867
7510.0,14.085049629211426,14.852245330810547,15.811437606811523,47.57102584838867
7511.5,14.016924858093262,14.742378234863281,15.811437606811523,47.57102584838867
7513.0,13.266804695129395,14.14498233795166,15.81143569946289,47.57102584838867
7514.5,13.278168678283691,14.198616027832031,15.81143569946289,47.571022033691406
7516.0,13.469379425048828,14.105804443359375,15.811437606811523,47.571022033691406
7517.5,13.867742538452148,14.636373519897461,15.77978801727295,47.56051254272461
7519.0,14.71710205078125,15.858417510986328,15.77979850769043,47.56052017211914
7520.5,14.807886123657227,16.012521743774414,15.779803276062012,47.56052017211914
7522.0,14.746359825134277,15.888559341430664,15.779797554016113,47.56052017211914
7523.5,14.049763679504395,15.07425308227539,15.779824256896973,47.5605354309082
7525.0,12.510591506958008,13.242599487304688,15.779929161071777,47.560585021972656
7526.5,13.624585151672363,14.685416221618652,15.780038833618164,47.560646057128906
7528.0,15.820697784423828,17.6466007232666,15.779960632324219,47.560604095458984
7529.5,15.69482421875,17.371562957763672,15.77984619140625,47.560543060302734
7531.0,15.448619842529297,16.868446350097656,15.779820442199707,47.56053161621094
7532.5,15.544750213623047,17.168216705322266,15.779842376708984,47.560543060302734
7534.0,14.810447692871094,16.333553314208984,15.779845237731934,47.560543060302734
7535.5,14.074405670166016,14.959487915039062,15.779813766479492,47.56052780151367
7537.0,14.075838088989258,15.06467342376709,15.779790878295898,47.56051254272461
7538.5,14.204071044921875,15.248983383178711,15.779787063598633,47.56051254272461
7540.0,13.977455139160156,14.904804229736328,15.779789924621582,47.56051254272461
7541.5,14.727291107177734,15.613380432128906,15.779799461364746,47.56052017211914
7543.0,15.244510650634766,16.29113006591797,15.779805183410645,47.560523986816406
7544.5,14.36086654663086,15.261792182922363,15.779800415039062,47.56052017211914
7546.0,13.91816520690918,14.69952392578125,15.779789924621582,47.56051254272461
7547.5,14.059928894042969,14.840866088867188,15.779786109924316,47.56051254272461
7549.0,13.774989128112793,14.552470207214355,15.779786109924316,47.56051254272461
7550.5,13.453819274902344,14.339040756225586,15.779786109924316,47.56051254272461
7552.0,13.733052253723145,14.605743408203125,15.77978515625,47.56051254272461
7553.5,14.038384437561035,14.750011444091797,15.779787063598633,47.57102584838867
7555.0,13.866851806640625,14.59528923034668,15.779789924621582,47.58153533935547
7556.5,13.540937423706055,14.240180969238281,15.779792785644531,47.581539154052734
7558.0,13.995975494384766,14.857065200805664,15.779806137084961,47.581546783447266
7559.5,15.233716011047363,16.422727584838867,15.779829025268555,47.58155822753906
7561.0,14.418739318847656,15.461996078491211,15.779829978942871,47.58155822753906
7562.5,13.235527038574219,14.07254695892334,15.779806137084961,47.581546783447266
7564.0,13.712928771972656,14.613625526428223,15.779789924621582,47.56051254272461
7565.5,13.829241752624512,14.647035598754883,15.779787063598633,47.56051254272461
7567.0,13.943893432617188,14.638818740844727,15.77978801727295,47.56051254272461
7568.5,14.983869552612305,16.03879737854004,15.779791831970215,47.56051254272461
7570.0,15.728611946105957,17.2801456451416,15.77979850769043,47.56052017211914
7571.5,15.170970916748047,16.27920913696289,15.779830932617188,47.5605354309082
7573.0,14.381546974182129,15.294502258300781,15.77990436553955,47.56057357788086
7574.5,15.077648162841797,16.110078811645508,15.77994441986084,47.56059646606445
7576.0,16.20682144165039,17.359012603759766,15.779906272888184,47.56057357788086
7577.5,15.415229797363281,16.83287239074707,15.779826164245605,47.5605354309082
7579.0,14.282049179077148,15.54471206665039,15.77979564666748,47.56052017211914
7580.5,14.252996444702148,15.132477760314941,15.779787063598633,47.56051254272461
7582.0,13.678231239318848,14.397125244140625,15.779783248901367,47.56051254272461
7583.5,14.384621620178223,15.321630477905273,15.779783248901367,47.56051254272461
7585.0,15.460628509521484,16.750200271606445,15.779786109924316,47.56051254272461
7586.5,15.141512870788574,16.390531539916992,15.779804229736328,47.560523986816406
7588.0,15.488353729248047,16.71320343017578,15.779839515686035,47.560543060302734
7589.5,14.807851791381836,16.006498336791992,15.779841423034668,47.560543060302734
7591.0,12.982933044433594,13.814752578735352,15.779810905456543,47.56052780151367
7592.5,13.18846321105957,13.953630447387695,15.779790878295898,47.56051254272461
7594.0,14.14429759979248,15.092183113098145,15.77978801727295,47.56051254272461
7595.5,14.381086349487305,15.265909194946289,15.779796600341797,47.56052017211914
7597.0,13.784374237060547,14.42563533782959,15.779821395874023,47.56052780151367
7598.5,13.936739921569824,14.801966667175293,15.779913902282715,47.560577392578125
7600.0,17.39315414428711,19.930334091186523,15.780133247375488,47.560691833496094
7601.5,18.347434997558594,21.049516677856445,15.811959266662598,47.5712890625
7603.0,13.450611114501953,14.431171417236328,15.811914443969727,47.571266174316406
7604.5,11.082954406738281,11.655561447143555,15.811763763427734,47.571189880371094
7606.0,12.571943283081055,13.82916259765625,15.81173038482666,47.57117462158203
7607.5,12.387127876281738,13.318334579467773,15.811747550964355,47.5711784362793
7609.0,10.797313690185547,11.645706176757812,15.811729431152344,47.57117462158203
7610.5,11.963615417480469,12.637348175048828,15.811688423156738,47.57114791870117
7612.0,13.600955963134766,14.37362289428711,15.780000686645508,47.56062316894531
7613.5,12.899028778076172,13.651798248291016,15.779955863952637,47.56060028076172
7615.0,12.684070587158203,13.31462287902832,15.779912948608398,47.560577392578125
7616.5,12.50346565246582,13.04590129852295,15.779873847961426,47.571067810058594
7618.0,13.395423889160156,14.157105445861816,15.779863357543945,47.571067810058594
7619.5,15.337427139282227,16.75376319885254,15.779870986938477,47.571067810058594
7621.0,15.386395454406738,16.863414764404297,15.779869079589844,47.571067810058594
7622.5,14.105591773986816,14.94473934173584,15.779855728149414,47.57106018066406
7624.0,14.149068832397461,14.993050575256348,15.7798490524292,47.5710563659668
7625.5,14.456594467163086,15.573699951171875,15.779864311218262,47.57106399536133
7627.0,13.883544921875,14.655845642089844,15.77987289428711,47.571067810058594
7628.5,14.190685272216797,15.03121566772461,15.779915809631348,47.56058120727539
7630.0,18.169898986816406,20.51500701904297,15.780037879943848,47.56064224243164
7631.5,18.989139556884766,21.550086975097656,15.780105590820312,47.56067657470703
7633.0,14.564050674438477,15.54184341430664,15.780017852783203,47.560630798339844
7634.5,12.779943466186523,13.456886291503906,15.779903411865234,47.56057357788086
7636.0,14.106111526489258,15.224654197692871,15.779858589172363,47.560550689697266
7637.5,13.701942443847656,14.515130996704102,15.7798490524292,47.560543060302734
7639.0,12.869903564453125,13.417715072631836,15.779842376708984,47.560543060302734
7640.5,13.00803279876709,13.675254821777344,15.779837608337402,47.56053924560547
7642.0,12.8536958694458,13.449472427368164,15.779839515686035,47.56053924560547
7643.5,12.728433609008789,13.340802192687988,15.779836654663086,47.56053924560547
7645.0,13.324036598205566,14.058737754821777,15.779828071594238,47.5605354309082
7646.5,13.322786331176758,14.093259811401367,15.779827117919922,47.5605354309082
7648.0,13.147106170654297,13.962567329406738,15.779825210571289,47.5605354309082
7649.5,13.395180702209473,14.353625297546387,15.779815673828125,47.56052780151367
7651.0,12.873357772827148,13.820587158203125,15.779814720153809,47.56052780151367
7652.5,12.622420310974121,13.48382568359375,15.779820442199707,47.56053161621094
7654.0,13.16513442993164,14.26427936553955,15.779829978942871,47.5605354309082
7655.5,13.39266586303711,14.398107528686523,15.779845237731934,47.560543060302734
7657.0,13.16844367980957,14.078638076782227,15.77984619140625,47.560543060302734
7658.5,13.139912605285645,14.112669944763184,15.779816627502441,47.56052780151367
7660.0,13.313544273376465,14.36402702331543,15.779797554016113,47.56052017211914
7661.5,13.078680038452148,13.8295259475708,15.779804229736328,47.560523986816406
7663.0,13.691948890686035,14.54017448425293,15.779837608337402,47.56053924560547
7664.5,15.138601303100586,16.347488403320312,15.779871940612793,47.5605583190918
7666.0,14.754467964172363,16.09638023376465,15.779865264892578,47.56055450439453
7784.5,13.669695854187012,14.79081916809082,15.77987289428711,47.57107162475586
7786.0,12.940622329711914,13.888830184936523,15.779816627502441,47.571041107177734
7787.5,13.256555557250977,14.03072738647461,15.779797554016113,47.57102966308594
7789.0,13.649369239807129,14.643718719482422,15.77979564666748,47.57102966308594
7790.5,12.68048095703125,13.420246124267578,15.81145191192627,47.581539154052734
7792.0,13.42510986328125,14.389481544494629,15.811464309692383,47.581546783447266
7793.5,14.428289413452148,15.592418670654297,15.811508178710938,47.60258102416992
7795.0,12.177995681762695,13.081583023071289,15.811683654785156,47.60267639160156
7796.5,11.928129196166992,12.990825653076172,15.78017520904541,47.59223937988281
7798.0,13.119620323181152,14.448814392089844,15.748396873474121,47.581703186035156
7799.5,13.20911979675293,14.571401596069336,15.748181343078613,47.58159255981445
7801.0,14.112136840820312,15.421945571899414,15.748083114624023,47.58154296875
7802.5,14.126606941223145,15.343196868896484,15.748069763183594,47.58153533935547
7804.0,12.668718338012695,13.566831588745117,15.748067855834961,47.58153533935547
7805.5,12.924823760986328,13.758428573608398,15.748069763183594,47.58153533935547
7807.0,14.366151809692383,15.703376770019531,15.748077392578125,47.581539154052734
7808.5,13.482917785644531,14.577977180480957,15.748112678527832,47.602569580078125
7810.0,12.241053581237793,13.005508422851562,15.748199462890625,47.581600189208984
7811.5,13.673985481262207,14.956014633178711,15.748233795166016,47.60263442993164
7813.0,15.727731704711914,17.905677795410156,15.748167037963867,47.58158493041992
7814.5,14.978629112243652,16.638412475585938,15.748101234436035,47.58155059814453
7816.0,13.701329231262207,14.667305946350098,15.748082160949707,47.58154296875
7817.5,13.145590782165527,14.22690486907959,15.748080253601074,47.5710334777832
7819.0,13.292882919311523,14.541114807128906,15.748082160949707,47.5710334777832
7820.5,13.441961288452148,14.326057434082031,15.7481107711792,47.5605354309082
7822.0,11.41158676147461,12.075053215026855,15.716492652893066,47.55010223388672
7823.5,10.37552261352539,11.893390655517578,15.71677017211914,47.55024719238281
7825.0,12.880391120910645,15.103126525878906,15.716814041137695,47.550270080566406
7826.5,15.027535438537598,17.241722106933594,15.716507911682129,47.550113677978516
7828.0,16.121273040771484,17.859331130981445,15.716324806213379,47.550018310546875
7829.5,14.991647720336914,16.27467918395996,15.71629810333252,47.55000305175781
7831.0,14.540146827697754,15.915765762329102,15.716296195983887,47.55000305175781
7832.5,13.850482940673828,14.784652709960938,15.716294288635254,47.55000305175781
7834.0,13.203134536743164,13.978349685668945,15.716290473937988,47.54999923706055
7835.5,13.72174072265625,14.77796459197998,15.716289520263672,47.54999923706055
7837.0,14.05252456665039,15.085275650024414,15.716290473937988,47.54999923706055
7838.5,13.407159805297852,14.324756622314453,15.716288566589355,47.54999923706055
7840.0,13.608230590820312,14.655632019042969,15.716290473937988,47.54999923706055
7841.5,13.905820846557617,14.796451568603516,15.71633243560791,47.55002212524414
7843.0,13.044933319091797,13.875975608825684,15.716429710388184,47.55007553100586
7844.5,13.239328384399414,14.411893844604492,15.716452598571777,47.55008316040039
7846.0,14.043580055236816,15.46910285949707,15.71636962890625,47.55004119873047
7847.5,14.036449432373047,15.217798233032227,15.71630573272705,47.550010681152344
7849.0,13.686605453491211,14.618448257446289,15.71629524230957,47.55000305175781
7850.5,12.45332145690918,13.189214706420898,15.71631908416748,47.55001449584961
7852.0,12.369354248046875,13.27787971496582,15.716368675231934,47.55004119873047
7853.5,12.048873901367188,12.655723571777344,15.716492652893066,47.550106048583984
7855.0,9.726949691772461,10.56229019165039,15.7167387008667,47.55023193359375
7856.5,11.529376029968262,13.116042137145996,15.71683406829834,47.5502815246582
7858.0,15.601394653320312,17.677005767822266,15.716625213623047,47.5501708984375
7859.5,16.83638572692871,18.911617279052734,15.716429710388184,47.550071716308594
7861.0,15.228473663330078,16.218948364257812,15.716415405273438,47.55006790161133
7862.5,14.057023048400879,15.200689315795898,15.716499328613281,47.550106048583984
7864.0,14.03713321685791,15.60155963897705,15.716483116149902,47.55009841918945
7865.5,13.831270217895508,15.162174224853516,15.716379165649414,47.550048828125
7867.0,13.614171981811523,14.519760131835938,15.716317176818848,47.550018310546875
7868.5,13.341054916381836,14.06729507446289,15.716336250305176,47.550025939941406
7870.0,13.295446395874023,14.309341430664062,15.716391563415527,47.550052642822266
7871.5,13.497383117675781,14.598245620727539,15.716469764709473,47.55009078979492
7873.0,13.846272468566895,15.021730422973633,15.716533660888672,47.55012512207031
7874.5,14.121417045593262,15.780383110046387,15.716475486755371,47.55009841918945
7876.0,15.063386917114258,16.695558547973633,15.716363906860352,47.55004119873047
7877.5,15.171152114868164,16.452938079833984,15.716312408447266,47.55001449584961
7879.0,13.833003044128418,14.91369915008545,15.716324806213379,47.550018310546875
7880.5,13.098305702209473,14.020805358886719,15.716401100158691,47.5500602722168
7882.0,13.58316707611084,14.619425773620605,15.716452598571777,47.550086975097656
7883.5,12.803464889526367,13.855583190917969,15.71644115447998,47.550079345703125
7885.0,12.499238014221191,13.557965278625488,15.716403007507324,47.5500602722168
7886.5,14.760064125061035,16.034847259521484,15.716347694396973,47.55002975463867
7888.0,15.595710754394531,17.11325454711914,15.716318130493164,47.55001449584961
7889.5,13.685705184936523,14.844719886779785,15.716346740722656,47.55002975463867
7891.0,11.962547302246094,12.79749870300293,15.716466903686523,47.55009078979492
7892.5,12.234907150268555,13.550241470336914,15.716585159301758,47.55015182495117
7894.0,14.566715240478516,16.388031005859375,15.71650505065918,47.550113677978516
7895.5,16.975051879882812,18.96733283996582,15.71636962890625,47.55004119873047
7897.0,16.032848358154297,17.67051887512207,15.716312408447266,47.550010681152344
7898.5,13.913119316101074,15.120734214782715,15.716302871704102,47.550010681152344
7900.0,14.016666412353516,15.108661651611328,15.716299057006836,47.55000686645508
7901.5,14.272222518920898,15.405749320983887,15.71629524230957,47.55000305175781
7903.0,13.469799995422363,14.420648574829102,15.716291427612305,47.55000305175781
7904.5,13.088911056518555,13.840780258178711,15.716293334960938,47.55000305175781
7906.0,13.531173706054688,14.445398330688477,15.716296195983887,47.55000305175781
7907.5,13.62282943725586,14.554195404052734,15.716296195983887,47.56052017211914
7909.0,13.927826881408691,14.834234237670898,15.71629524230957,47.56052017211914
7910.5,14.320242881774902,15.290364265441895,15.716299057006836,47.56052017211914
7912.0,14.34585952758789,15.317440032958984,15.71632194519043,47.5605354309082
7913.5,14.43667221069336,15.309822082519531,15.71646499633789,47.560604095458984
7915.0,13.941136360168457,15.277975082397461,15.716826438903809,47.560794830322266
7916.5,13.977140426635742,15.992940902709961,15.7169828414917,47.571380615234375
7918.0,14.030567169189453,15.838550567626953,15.716737747192383,47.57126235961914
7919.5,16.540973663330078,18.4288330078125,15.71646785736084,47.57111740112305
7921.0,16.789810180664062,18.47393798828125,15.716436386108398,47.56058883666992
7922.5,13.338615417480469,14.383995056152344,15.716535568237305,47.56064224243164
7924.0,11.56187629699707,12.451648712158203,15.716598510742188,47.560672760009766
7925.5,12.396034240722656,13.62398910522461,15.716471672058105,47.560604095458984
7927.0,15.345014572143555,16.995933532714844,15.71634292602539,47.560543060302734
7928.5,15.488689422607422,17.08645248413086,15.716312408447266,47.560523986816406
7930.0,14.842191696166992,16.227947235107422,15.716310501098633,47.560523986816406
7931.5,14.364986419677734,15.36568546295166,15.71636962890625,47.56055450439453
7933.0,13.758781433105469,14.84450626373291,15.716489791870117,47.56061553955078
7934.5,14.113654136657715,15.519716262817383,15.716495513916016,47.56061935424805
7936.0,14.558581352233887,15.936978340148926,15.716413497924805,47.560577392578125
7937.5,14.319718360900879,15.653852462768555,15.716320991516113,47.56053161621094
7939.0,14.683330535888672,15.847731590270996,15.716294288635254,47.560516357421875
7940.5,14.478971481323242,15.552701950073242,15.716289520263672,47.56051254272461
7942.0,13.943916320800781,14.803699493408203,15.716289520263672,47.56051254272461
7943.5,14.113073348999023,15.00048828125,15.716291427612305,47.560516357421875
7945.0,14.311117172241211,15.341573715209961,15.71629524230957,47.560516357421875
7946.5,14.306253433227539,15.319622039794922,15.716301918029785,47.56052017211914
7948.0,14.677151679992676,15.677963256835938,15.716310501098633,47.560523986816406
7949.5,14.792043685913086,15.855680465698242,15.71634292602539,47.560543060302734
7951.0,14.750389099121094,16.12077522277832,15.716405868530273,47.56057357788086
7952.5,14.786273956298828,16.007192611694336,15.7164306640625,47.560585021972656
7954.0,14.277867317199707,15.355329513549805,15.716370582580566,47.5605583190918
7955.5,14.118868827819824,15.12896728515625,15.716306686401367,47.560523986816406
7957.0,14.609597206115723,15.551496505737305,15.716289520263672,47.56051254272461
7958.5,14.05400276184082,14.902013778686523,15.716285705566406,47.56051254272461
7960.0,13.266714096069336,14.069023132324219,15.71628475189209,47.56051254272461
7961.5,13.965088844299316,14.978477478027344,15.716286659240723,47.56051254272461
7963.0,15.040242195129395,16.200702667236328,15.716294288635254,47.56052017211914
7964.5,14.25381851196289,15.277575492858887,15.716379165649414,47.5605583190918
7966.0,14.31673812866211,15.944019317626953,15.716692924499512,47.56071853637695
7967.5,12.987985610961914,14.666925430297852,15.716821670532227,47.560787200927734
7969.0,13.154605865478516,14.591686248779297,15.716691017150879,47.56071853637695
7970.5,15.976593017578125,17.79510498046875,15.716444969177246,47.56059646606445
7972.0,16.266971588134766,17.75686264038086,15.716337203979492,47.56053924560547
7973.5,14.334283828735352,15.6082124710083,15.716304779052734,47.560523986816406
7975.0,13.747673034667969,14.803340911865234,15.716294288635254,47.560516357421875
7976.5,14.714475631713867,15.84117603302002,15.71629810333252,47.56052017211914
7978.0,15.5762939453125,17.003070831298828,15.716322898864746,47.5605354309082
7979.5,15.68838119506836,17.39605140686035,15.71638011932373,47.5605583190918
7981.0,14.426487922668457,15.715970039367676,15.716483116149902,47.560611724853516
7982.5,13.529006958007812,14.32357406616211,15.716514587402344,47.560630798339844
7984.0,14.39584732055664,15.57938003540039,15.716432571411133,47.56058883666992
7985.5,14.897324562072754,16.207666397094727,15.716327667236328,47.5605354309082
7987.0,14.812742233276367,16.026531219482422,15.716292381286621,47.560516357421875
7988.5,14.82843017578125,15.878562927246094,15.716291427612305,47.56051254272461
7990.0,14.541572570800781,15.484201431274414,15.716294288635254,47.560516357421875
7991.5,15.613969802856445,16.98714828491211,15.716302871704102,47.56052017211914
7993.0,16.761396408081055,18.416500091552734,15.716362953186035,47.560550689697266
7994.5,15.203998565673828,17.017208099365234,15.716653823852539,47.56070327758789
7996.0,13.616235733032227,15.066722869873047,15.716878890991211,47.56081771850586
7997.5,14.10604476928711,15.261417388916016,15.716717720031738,47.56073760986328
7999.0,17.894207000732422,20.431278228759766,15.71643352508545,47.56058883666992
8000.5,17.382570266723633,19.342693328857422,15.716320991516113,47.56053161621094
8002.0,15.655346870422363,17.03759002685547,15.716300964355469,47.56052017211914
8003.5,14.49931526184082,15.474664688110352,15.716297149658203,47.56052017211914
8005.0,14.543855667114258,15.505889892578125,15.71629524230957,47.56052017211914
8006.5,14.559263229370117,15.58846664428711,15.716291427612305,47.560516357421875
8008.0,13.997580528259277,14.901214599609375,15.716289520263672,47.56051254272461
8009.5,13.731710433959961,14.504026412963867,15.716288566589355,47.56051254272461
8011.0,14.39120864868164,15.386305809020996,15.716287612915039,47.56051254272461
8012.5,15.208527565002441,16.409866333007812,15.716289520263672,47.56051254272461
8014.0,15.027307510375977,16.383424758911133,15.716313362121582,47.56052780151367
8015.5,14.136232376098633,15.376786231994629,15.716403007507324,47.56057357788086
8017.0,14.04151725769043,15.173739433288574,15.716469764709473,47.56060791015625
8018.5,14.557905197143555,15.642104148864746,15.716399192810059,47.55005645751953
8020.0,14.894678115844727,16.10158348083496,15.716325759887695,47.550018310546875
8021.5,14.616653442382812,15.592645645141602,15.71631145477295,47.550010681152344
8023.0,14.885295867919922,16.158456802368164,15.716312408447266,47.55001449584961
8024.5,16.060422897338867,17.558216094970703,15.716326713562012,47.550018310546875
8026.0,15.270978927612305,16.525089263916016,15.716397285461426,47.55005645751953
8027.5,11.551643371582031,12.574491500854492,15.716607093811035,47.55016326904297
8029.0,11.543702125549316,12.685638427734375,15.748528480529785,47.56074905395508
8030.5,14.817109107971191,16.280925750732422,15.748329162597656,47.560646057128906
8032.0,16.77291488647461,18.544958114624023,15.811532974243164,47.58158493041992
8033.5,15.630849838256836,16.96588134765625,15.811476707458496,47.5815544128418
8035.0,15.164575576782227,16.392578125,15.811456680297852,47.58154296875
8036.5,14.775442123413086,15.871504783630371,15.81144905090332,47.581539154052734
8038.0,14.216747283935547,15.216567993164062,15.811445236206055,47.58153533935547
8039.5,13.644327163696289,14.371631622314453,15.811442375183105,47.58153533935547
8041.0,13.674214363098145,14.41656494140625,15.811440467834473,47.58153533935547
8042.5,13.962146759033203,14.779007911682129,15.811442375183105,47.58153533935547
8044.0,13.943649291992188,14.7225980758667,15.811443328857422,47.58153533935547
8045.5,14.17017650604248,14.97281551361084,15.811442375183105,47.58153533935547
8047.0,14.333234786987305,15.143901824951172,15.811440467834473,47.58153533935547
8048.5,13.880546569824219,14.493086814880371,15.811440467834473,47.58153533935547
8050.0,14.622316360473633,15.352598190307617,15.74807071685791,47.56051254272461
8051.5,15.883625984191895,17.106124877929688,15.748085021972656,47.56052017211914
8053.0,15.350639343261719,16.694128036499023,15.716355323791504,47.55003356933594
8054.5,14.493462562561035,15.622163772583008,15.716408729553223,47.5500602722168
8056.0,14.120057106018066,15.131738662719727,15.71638011932373,47.550048828125
8057.5,13.274070739746094,13.941962242126465,15.684471130371094,47.53949737548828
8059.0,13.642337799072266,14.472021102905273,15.684444427490234,47.53948211669922
8060.5,14.928878784179688,16.187271118164062,15.684441566467285,47.53948211669922
8062.0,14.449996948242188,15.280510902404785,15.684463500976562,47.539493560791016
8063.5,12.637457847595215,13.245641708374023,15.684558868408203,47.53954315185547
8065.0,13.327703475952148,14.363263130187988,15.68466567993164,47.53960037231445
8066.5,16.558860778808594,18.5982666015625,15.68460750579834,47.53956604003906
8068.0,16.42205810546875,18.243675231933594,15.684483528137207,47.53950500488281
8069.5,14.604212760925293,15.784542083740234,15.684447288513184,47.53948974609375
8071.0,14.429643630981445,15.468867301940918,15.684440612792969,47.54999923706055
8072.5,14.510531425476074,15.603578567504883,15.68443775177002,47.54999923706055
8074.0,14.104452133178711,15.093120574951172,15.684439659118652,47.54999923706055
8075.5,13.968730926513672,15.046823501586914,15.684442520141602,47.54999923706055
8077.0,14.435613632202148,15.832530975341797,15.684447288513184,47.55000305175781
8078.5,14.956201553344727,16.36865997314453,15.684452056884766,47.55000686645508
8080.0,14.827478408813477,15.994452476501465,15.684453964233398,47.55000686645508
8081.5,14.431870460510254,15.39769172668457,15.684450149536133,47.55000305175781
8083.0,14.463205337524414,15.613805770874023,15.68444538116455,47.55000305175781
8084.5,14.525754928588867,15.556039810180664,15.68444538116455,47.55000305175781
8086.0,14.484739303588867,15.480820655822754,15.684452056884766,47.55000686645508
8087.5,14.561850547790527,15.887231826782227,15.684457778930664,47.550010681152344
8089.0,14.928853988647461,16.279809951782227,15.684455871582031,47.550010681152344
8090.5,14.941097259521484,16.0817928314209,15.684447288513184,47.55000305175781
8092.0,14.378377914428711,15.27808952331543,15.684442520141602,47.66552734375
8093.5,14.282424926757812,15.247255325317383,15.684450149536133,47.665531158447266
8095.0,15.43730354309082,17.13359260559082,15.684475898742676,47.66554641723633
8096.5,16.720043182373047,18.855491638183594,15.684494972229004,47.66555404663086
8098.0,16.353378295898438,18.287084579467773,15.684483528137207,47.66554641723633
8099.5,15.455936431884766,16.81533432006836,15.684455871582031,47.6655387878418
8101.0,14.992671966552734,16.174720764160156,15.68444538116455,47.665531158447266
8102.5,13.830875396728516,14.758268356323242,15.684464454650879,47.6655387878418
8104.0,13.260344505310059,14.247444152832031,15.684514999389648,47.665565490722656
8105.5,15.389961242675781,17.116533279418945,15.684538841247559,47.66557693481445
8107.0,16.52367401123047,18.5905704498291,15.684514045715332,47.665565490722656
8108.5,15.309944152832031,16.74482536315918,15.684468269348145,47.6655387878418
8110.0,15.128056526184082,16.46843910217285,15.684450149536133,47.55000305175781
8111.5,15.137999534606934,16.574750900268555,15.684446334838867,47.581539154052734
8113.0,14.57827377319336,15.696943283081055,15.68444538116455,47.58153533935547
8114.5,14.327398300170898,15.294670104980469,15.68444538116455,47.57102966308594
8116.0,14.291921615600586,15.338262557983398,15.68444538116455,47.58153533935547
8117.5,14.542256355285645,15.646435737609863,15.68444538116455,47.592041015625
8119.0,14.690094947814941,15.759868621826172,15.684443473815918,47.592041015625
8120.5,14.233373641967773,15.171575546264648,15.684442520141602,47.60254669189453
8122.0,14.243748664855957,15.306650161743164,15.684442520141602,47.60254669189453
8123.5,14.804393768310547,15.968025207519531,15.684442520141602,47.592041015625
8125.0,14.609762191772461,15.668733596801758,15.684442520141602,47.57102584838867
8126.5,14.36496353149414,15.441595077514648,15.684443473815918,47.57102584838867
8128.0,14.800975799560547,15.996609687805176,15.684444427490234,47.560516357421875
8129.5,14.910667419433594,16.119672775268555,15.68444538116455,47.560516357421875
8131.0,14.664960861206055,15.78274917602539,15.68444538116455,47.54999923706055
8132.5,14.637685775756836,15.731494903564453,15.68444538116455,47.55000305175781
8134.0,14.56694507598877,15.645963668823242,15.684446334838867,47.55000305175781
8135.5,14.433256149291992,15.499885559082031,15.684447288513184,47.560516357421875
8137.0,14.452244758605957,15.618695259094238,15.684446334838867,47.560516357421875
8138.5,14.562746047973633,15.863075256347656,15.68445110321045,47.676021575927734
8140.0,15.04030704498291,16.508399963378906,15.684462547302246,47.676025390625
8141.5,15.915133476257324,17.761943817138672,15.684475898742676,47.67603302001953
8143.0,15.942081451416016,17.822368621826172,15.68447494506836,47.67603302001953
8144.5,14.840949058532715,16.225624084472656,15.684457778930664,47.676025390625
8146.0,14.43197250366211,15.565685272216797,15.684450149536133,47.676021575927734
8147.5,15.32036018371582,16.832399368286133,15.684465408325195,47.676025390625
8149.0,16.436004638671875,18.46005630493164,15.684490203857422,47.67604064941406
8150.5,16.582319259643555,18.618610382080078,15.684490203857422,47.67604064941406
8152.0,15.719305038452148,17.25581932067871,15.684467315673828,47.676029205322266
8153.5,14.937780380249023,15.849235534667969,15.684449195861816,47.56052017211914
8155.0,14.916336059570312,15.880460739135742,15.684444427490234,47.54999923706055
8156.5,14.926595687866211,16.084205627441406,15.684443473815918,47.54999923706055
8158.0,14.654708862304688,15.800668716430664,15.684442520141602,47.54999923706055
8159.5,14.874063491821289,15.921184539794922,15.684442520141602,47.54999923706055
8161.0,15.541631698608398,16.586118698120117,15.684444427490234,47.54999923706055
8162.5,15.584120750427246,16.674325942993164,15.68444538116455,47.54999923706055
8164.0,15.129339218139648,16.274234771728516,15.68444538116455,47.55000305175781
8165.5,14.773971557617188,15.924266815185547,15.684446334838867,47.55000305175781
8167.0,14.760904312133789,15.811763763427734,15.684444427490234,47.54999923706055
8168.5,14.893017768859863,15.907866477966309,15.684443473815918,47.54999923706055
8170.0,15.01978874206543,16.031156539916992,15.684443473815918,47.55000305175781
8171.5,14.848780632019043,15.783364295959473,15.684444427490234,47.54999923706055
8173.0,14.898571014404297,15.860198020935059,15.684444427490234,47.54999923706055
8174.5,15.330175399780273,16.39806365966797,15.68444538116455,47.54999923706055
8176.0,15.16226577758789,16.211807250976562,15.68444538116455,47.54999923706055
8177.5,14.368249893188477,15.271523475646973,15.68444538116455,47.55000305175781
8179.0,13.668478012084961,14.546496391296387,15.684446334838867,47.57102966308594
8180.5,13.662840843200684,14.470375061035156,15.6844482421875,47.64454650878906
8182.0,14.350486755371094,15.294763565063477,15.684450149536133,47.64454650878906
8183.5,14.58609390258789,15.850435256958008,15.68445110321045,47.64454650878906
8185.0,14.234137535095215,15.568316459655762,15.684454917907715,47.64455032348633
8186.5,14.343446731567383,15.541486740112305,15.68445873260498,47.6865119934082
8188.0,14.673551559448242,15.800834655761719,15.684465408325195,47.68651580810547
8189.5,14.535102844238281,15.564957618713379,15.684466361999512,47.68651580810547
8191.0,14.19051742553711,15.326892852783203,15.684469223022461,47.68651580810547
8192.5,14.205522537231445,15.341837882995605,15.684468269348145,47.68651580810547
8194.0,14.327129364013672,15.345129013061523,15.684465408325195,47.6865119934082
8195.5,14.856696128845215,16.12216567993164,15.684469223022461,47.68651580810547
8197.0,14.903434753417969,16.532665252685547,15.684475898742676,47.686519622802734
8198.5,14.581056594848633,16.038408279418945,15.684477806091309,47.6865234375
8200.0,14.37812328338623,15.599692344665527,15.684470176696777,47.68651580810547
8201.5,14.71337890625,15.785140991210938,15.68445873260498,47.69699478149414
8203.0,14.919571876525879,16.086688995361328,15.68445873260498,47.57103729248047
8204.5,14.251023292541504,15.205085754394531,15.716301918029785,47.58154296875
8206.0,13.775724411010742,14.450443267822266,15.716297149658203,47.581539154052734
8207.5,13.780906677246094,14.564811706542969,15.71629810333252,47.581539154052734
8209.0,13.97653579711914,14.859646797180176,15.716297149658203,47.581539154052734
8210.5,14.333108901977539,15.179266929626465,15.716297149658203,47.59204864501953
8212.0,14.898294448852539,15.98484992980957,15.71629810333252,47.59204864501953
8213.5,15.098848342895508,16.284175872802734,15.716294288635254,47.59204864501953
8215.0,14.661396026611328,15.657632827758789,15.716294288635254,47.58153533935547
8216.5,14.457990646362305,15.430010795593262,15.71629524230957,47.581539154052734
8218.0,14.72984504699707,15.894207000732422,15.684447288513184,47.57102966308594
8219.5,14.434316635131836,15.505287170410156,15.684447288513184,47.57102966308594
8221.0,14.052932739257812,14.983688354492188,15.684444427490234,47.57102584838867
8222.5,14.345598220825195,15.315902709960938,15.684443473815918,47.57102584838867
8224.0,14.668051719665527,15.769410133361816,15.716291427612305,47.58153533935547
8225.5,14.589733123779297,15.662405014038086,15.716291427612305,47.58153533935547
8227.0,14.342371940612793,15.377528190612793,15.716294288635254,47.581539154052734
8228.5,14.144861221313477,15.260676383972168,15.716294288635254,47.581539154052734
8230.0,14.078399658203125,15.178291320800781,15.716293334960938,47.58153533935547
8231.5,14.108055114746094,15.082176208496094,15.716291427612305,47.58153533935547
8233.0,14.314310073852539,15.337193489074707,15.716290473937988,47.58153533935547
8234.5,14.274036407470703,15.4391508102417,15.716288566589355,47.58153533935547
8236.0,13.791866302490234,14.962759017944336,15.716288566589355,47.58153533935547
8237.5,13.91230583190918,14.908232688903809,15.684442520141602,47.57102584838867
8239.0,14.532991409301758,15.466513633728027,15.684442520141602,47.57102584838867
8240.5,14.359371185302734,15.310880661010742,15.684442520141602,47.58153533935547
8242.0,14.139568328857422,15.316588401794434,15.684443473815918,47.58153533935547
8243.5,14.480425834655762,15.651033401489258,15.6844482421875,47.665531158447266
8245.0,14.445456504821777,15.420919418334961,15.68445110321045,47.58154296875
8246.5,14.129705429077148,15.11115837097168,15.684449195861816,47.581539154052734
8248.0,14.053689956665039,15.040793418884277,15.684447288513184,47.581539154052734
8249.5,14.28242301940918,15.363271713256836,15.684452056884766,47.581539154052734
8251.0,14.397268295288086,15.582090377807617,15.684453964233398,47.59204864501953
8252.5,14.065160751342773,15.270612716674805,15.684450149536133,47.59204864501953
8254.0,13.796473503112793,14.87841796875,15.684444427490234,47.58153533935547
8255.5,14.231751441955566,15.425350189208984,15.684444427490234,47.592041015625
8257.0,14.49327278137207,15.77448844909668,15.684446334838867,47.592044830322266
8258.5,14.008146286010742,15.162373542785645,15.6844482421875,47.59204864501953
8260.0,13.964000701904297,15.083322525024414,15.68444538116455,47.592041015625
8261.5,14.025469779968262,15.231210708618164,15.684442520141602,47.58153533935547
8263.0,13.797252655029297,14.928377151489258,15.684443473815918,47.58153533935547
8264.5,13.995502471923828,14.964638710021973,15.684442520141602,47.58153533935547
8266.0,13.950430870056152,14.879020690917969,15.684442520141602,47.58153533935547
8267.5,13.814264297485352,14.704050064086914,15.684442520141602,47.58153533935547
8269.0,14.327621459960938,15.443212509155273,15.684443473815918,47.58153533935547
8270.5,14.206164360046387,15.334753036499023,15.684442520141602,47.592041015625
8272.0,13.848821640014648,14.661077499389648,15.684444427490234,47.592041015625
8273.5,14.266292572021484,15.276844024658203,15.68444538116455,47.592044830322266
8275.0,14.385009765625,15.652610778808594,15.684444427490234,47.6025505065918
8276.5,13.773277282714844,14.844392776489258,15.684446334838867,47.70746994018555
8278.0,12.992505073547363,14.103599548339844,15.684465408325195,47.707481384277344
8279.5,12.26755428314209,13.321491241455078,15.684536933898926,47.707515716552734
8281.0,11.549356460571289,12.634742736816406,15.684666633605957,47.70758056640625
8282.5,9.907693862915039,10.350696563720703,15.684771537780762,47.59220504760742
8284.0,10.429450035095215,11.053302764892578,15.684853553771973,47.58174133300781
8285.5,13.338104248046875,14.44228744506836,15.684769630432129,47.60271072387695
8287.0,14.511390686035156,16.012977600097656,15.68464183807373,47.665626525878906
8288.5,12.212441444396973,13.115823745727539,15.684664726257324,47.6656379699707
8290.0,9.59809398651123,10.18246078491211,15.684867858886719,47.581748962402344
8291.5,10.792488098144531,11.429283142089844,15.68496036529541,47.69724655151367
8293.0,14.31207275390625,15.99990177154541,15.684810638427734,47.697174072265625
8294.5,15.085161209106445,17.053970336914062,15.684564590454102,47.69704818725586
8296.0,13.621978759765625,15.136336326599121,15.684502601623535,47.697017669677734
8297.5,12.084348678588867,13.227723121643066,15.684561729431152,47.69704818725586
8299.0,10.986193656921387,11.834638595581055,15.684706687927246,47.65517044067383
8300.5,9.300864219665527,9.896047592163086,15.684948921203613,47.65529251098633
8302.0,9.74661922454834,10.597724914550781,15.716856002807617,47.66581726074219
8303.5,11.178271293640137,12.227439880371094,15.684773445129395,47.6971549987793
8305.0,14.404973983764648,16.464290618896484,15.68454647064209,47.69704055786133
8306.5,15.812568664550781,17.795555114746094,15.684478759765625,47.69700622558594
8308.0,14.335550308227539,15.630485534667969,15.684459686279297,47.69699478149414
8309.5,12.439534187316895,13.472585678100586,15.684456825256348,47.69699478149414
8311.0,12.13287353515625,13.295330047607422,15.684489250183105,47.6970100402832
8312.5,12.645145416259766,13.859204292297363,15.6845703125,47.697052001953125
8314.0,13.644786834716797,15.421470642089844,15.684609413146973,47.67610168457031
8315.5,14.727510452270508,16.765033721923828,15.68453311920166,47.6970329284668
8317.0,14.863256454467773,16.34295654296875,15.684465408325195,47.69699478149414
8318.5,14.337690353393555,15.443849563598633,15.684450149536133,47.676021575927734
8320.0,14.212434768676758,15.380060195922852,15.684454917907715,47.676021575927734
8321.5,14.05679702758789,15.423497200012207,15.68445873260498,47.676025390625
8323.0,14.060432434082031,15.50922679901123,15.684453964233398,47.676021575927734
8324.5,14.202901840209961,15.592230796813965,15.684446334838867,47.581539154052734
8326.0,14.052931785583496,15.246809005737305,15.684442520141602,47.58153533935547
8327.5,13.855011940002441,14.734354972839355,15.684441566467285,47.57102584838867
8329.0,13.703509330749512,14.675657272338867,15.684439659118652,47.57102584838867
8330.5,13.552621841430664,14.630638122558594,15.684438705444336,47.57102584838867
8332.0,13.401664733886719,14.36008071899414,15.684440612792969,47.57102584838867
8333.5,13.519306182861328,14.602901458740234,15.684440612792969,47.57102584838867
8335.0,13.838922500610352,15.027149200439453,15.684440612792969,47.58153533935547
8336.5,14.015142440795898,15.132814407348633,15.684440612792969,47.6760139465332
8338.0,13.81788158416748,14.796010971069336,15.684444427490234,47.69698715209961
8339.5,13.689748764038086,14.779202461242676,15.684453010559082,47.696990966796875
8341.0,14.28116512298584,15.927194595336914,15.684464454650879,47.69699478149414
8342.5,13.858139038085938,15.632039070129395,15.68448543548584,47.6970100402832
8344.0,14.513225555419922,17.01041603088379,15.684606552124023,47.69706726074219
8345.5,11.093866348266602,11.963199615478516,15.68513298034668,47.571380615234375
8347.0,9.553804397583008,10.241350173950195,15.68585205078125,47.57175064086914
8348.5,14.843267440795898,17.7681884765625,15.685598373413086,47.571624755859375
8350.0,18.10523223876953,21.76758575439453,15.684898376464844,47.57125473022461
8351.5,17.579498291015625,20.75397491455078,15.684578895568848,47.69705581665039
8353.0,13.304022789001465,15.257678985595703,15.684579849243164,47.69705581665039
8354.5,9.696466445922852,10.078042030334473,15.684765815734863,47.571189880371094
8356.0,11.629369735717773,13.047050476074219,15.684869766235352,47.655250549316406
8357.5,14.729940414428711,16.734149932861328,15.684691429138184,47.697113037109375
8359.0,16.365665435791016,18.590530395507812,15.684504508972168,47.697017669677734
8360.5,15.218828201293945,16.827049255371094,15.684457778930664,47.69699478149414
8362.0,13.753443717956543,15.115606307983398,15.684459686279297,47.69699478149414
8363.5,12.41138744354248,13.434951782226562,15.684478759765625,47.69700622558594
8365.0,11.860579490661621,12.862825393676758,15.6845121383667,47.697021484375
8366.5,11.872587203979492,12.804509162902832,15.684576988220215,47.69705581665039
8368.0,12.619173049926758,14.033931732177734,15.684597969055176,47.69706726074219
8369.5,13.906000137329102,15.612823486328125,15.68453311920166,47.6970329284668
8371.0,14.57459545135498,16.167984008789062,15.716315269470215,47.707481384277344
8372.5,14.620916366577148,16.026058197021484,15.716294288635254,47.70746994018555
8374.0,14.44129467010498,15.711174011230469,15.716289520263672,47.58153533935547
8375.5,14.00544548034668,15.125922203063965,15.716289520263672,47.58153533935547
8377.0,13.861955642700195,14.772085189819336,15.716291427612305,47.581539154052734
8378.5,14.11375617980957,15.043390274047852,15.748074531555176,47.71794891357422
8380.0,14.017040252685547,15.256282806396484,15.748079299926758,47.717952728271484
8381.5,12.964951515197754,14.403413772583008,15.716324806213379,47.70748519897461
8383.0,12.203034400939941,13.624771118164062,15.716414451599121,47.70752716064453
8384.5,12.086597442626953,13.459482192993164,15.716567993164062,47.707611083984375
8386.0,12.819036483764648,14.259843826293945,15.716570854187012,47.707611083984375
8387.5,13.23354721069336,14.572607040405273,15.684560775756836,47.69704818725586
8389.0,14.080766677856445,15.502137184143066,15.684464454650879,47.696998596191406
8390.5,14.323905944824219,15.64266300201416,15.684449195861816,47.696990966796875
8392.0,14.355072021484375,15.739937782287598,15.684450149536133,47.581539154052734
8393.5,14.71051025390625,16.17263412475586,15.684452056884766,47.6550407409668
8395.0,14.331338882446289,15.605117797851562,15.68445110321045,47.6550407409668
8396.5,13.42131233215332,14.544700622558594,15.684447288513184,47.65503692626953
8398.0,14.03070068359375,15.755836486816406,15.684471130371094,47.69700241088867
8399.5,13.249993324279785,14.500702857971191,15.684722900390625,47.69712829589844
8401.0,10.706476211547852,11.740875244140625,15.685256004333496,47.571434020996094
8402.5,10.548545837402344,11.776427268981934,15.685395240783691,47.57151794433594
8404.0,9.878507614135742,10.518791198730469,15.684977531433105,47.5713005065918
8405.5,14.699193954467773,16.80340576171875,15.684556007385254,47.697044372558594
8407.0,16.391719818115234,18.361282348632812,15.684453964233398,47.696990966796875
8408.5,15.558234214782715,17.29239845275879,15.68444538116455,47.65503692626953
8410.0,14.91445255279541,16.415626525878906,15.684443473815918,47.65503692626953
8411.5,14.562555313110352,15.621452331542969,15.684443473815918,47.58153533935547
8413.0,14.032575607299805,14.838591575622559,15.68444538116455,47.58153533935547
8414.5,14.289793014526367,15.673603057861328,15.684469223022461,47.69700241088867
8416.0,14.182403564453125,15.915657997131348,15.684577941894531,47.69705581665039
8417.5,12.302526473999023,13.620498657226562,15.684794425964355,47.69716262817383
8419.0,9.980756759643555,10.84664535522461,15.68480110168457,47.69717025756836
8420.5,11.889093399047852,13.1296968460083,15.684582710266113,47.69705581665039
8422.0,15.279207229614258,17.097591400146484,15.684466361999512,47.69699478149414
8423.5,15.740228652954102,17.442508697509766,15.684449195861816,47.696990966796875
8425.0,14.89611530303955,16.32980728149414,15.68445110321045,47.696990966796875
8426.5,13.912845611572266,15.537363052368164,15.684453964233398,47.69699478149414
8428.0,14.160774230957031,16.465673446655273,15.684463500976562,47.69699478149414
8429.5,15.79528522491455,18.07783317565918,15.684561729431152,47.69704818725586
8431.0,14.843487739562988,16.68394660949707,15.68492317199707,47.57126998901367
8432.5,12.119171142578125,13.893759727478027,15.685575485229492,47.57160949707031
8434.0,9.041580200195312,9.619674682617188,15.685575485229492,47.69755554199219
8435.5,14.184114456176758,16.17888069152832,15.684882164001465,47.697208404541016
8437.0,18.33303451538086,21.500545501708984,15.684524536132812,47.697025299072266
8438.5,17.298179626464844,19.749746322631836,15.684464454650879,47.69699478149414
8440.0,14.749853134155273,16.32866859436035,15.6844482421875,47.592044830322266
8441.5,14.295511245727539,15.471770286560059,15.684442520141602,47.57102584838867
8443.0,14.525046348571777,15.642412185668945,15.684441566467285,47.58153533935547
8444.5,13.895904541015625,14.826244354248047,15.684440612792969,47.58153533935547
8446.0,14.147878646850586,15.152015686035156,15.684440612792969,47.57102584838867
8447.5,14.090940475463867,15.135564804077148,15.684440612792969,47.57102584838867
8449.0,13.52331829071045,14.445920944213867,15.684441566467285,47.57102584838867
8450.5,13.656135559082031,14.674427032470703,15.684450149536133,47.676021575927734
8452.0,13.373187065124512,14.587197303771973,15.684486389160156,47.6970100402832
8453.5,12.191919326782227,13.204904556274414,15.68462085723877,47.697078704833984
8455.0,12.027331352233887,13.07072925567627,15.684762001037598,47.59220504760742
8456.5,12.539130210876465,13.950398445129395,15.684684753417969,47.69710922241211
8458.0,14.277018547058105,15.805490493774414,15.684517860412598,47.697025299072266
8459.5,14.551912307739258,15.909024238586426,15.684454917907715,47.69699478149414
8461.0,14.194825172424316,15.412752151489258,15.652531623840332,47.66552734375
8462.5,13.965614318847656,15.214948654174805,15.652534484863281,47.68650436401367
8464.0,14.903447151184082,16.82234001159668,15.652555465698242,47.68651580810547
8465.5,14.033997535705566,15.561594009399414,15.65272045135498,47.68659210205078
8467.0,11.417410850524902,12.346144676208496,15.653175354003906,47.57135772705078
8468.5,10.104551315307617,11.173707008361816,15.653422355651855,47.64499282836914
8470.0,12.283794403076172,13.265115737915039,15.653066635131836,47.686771392822266
8471.5,17.60232162475586,20.224061965942383,15.652654647827148,47.69704818725586
8473.0,18.095787048339844,20.511634826660156,15.652542114257812,47.676021575927734
8474.5,15.593033790588379,17.180225372314453,15.652534484863281,47.676021575927734
8476.0,14.800113677978516,16.30702018737793,15.652542114257812,47.676021575927734
8477.5,14.957436561584473,16.64361572265625,15.652546882629395,47.676025390625
8479.0,14.448677062988281,15.982006072998047,15.652542114257812,47.58154296875
8480.5,13.900843620300293,15.087067604064941,15.652532577514648,47.57102584838867
8482.0,13.574021339416504,14.491227149963379,15.652527809143066,47.57102584838867
8483.5,13.333292007446289,14.216994285583496,15.65252685546875,47.571022033691406
8485.0,13.152519226074219,14.035150527954102,15.65252685546875,47.571022033691406
8486.5,13.036134719848633,13.906420707702637,15.652527809143066,47.57102584838867
8488.0,13.485576629638672,14.403460502624512,15.652528762817383,47.57102584838867
8489.5,13.673847198486328,14.606443405151367,15.652528762817383,47.69698715209961
8491.0,13.08488655090332,14.054100036621094,15.652528762817383,47.69698715209961
8492.5,12.691202163696289,13.751108169555664,15.652539253234863,47.696990966796875
8494.0,12.406535148620605,13.606792449951172,15.652599334716797,47.697021484375
8495.5,11.687993049621582,12.671754837036133,15.652753829956055,47.69709777832031
8497.0,13.550626754760742,15.154351234436035,15.652776718139648,47.69710922241211
8609.5,12.810784339904785,13.757292747497559,15.652531623840332,47.70746612548828
8611.0,12.457786560058594,13.438580513000488,15.652533531188965,47.70746612548828
8612.5,12.369182586669922,13.295111656188965,15.652541160583496,47.70747375488281
8614.0,12.720985412597656,13.766875267028809,15.652552604675293,47.707481384277344
8615.5,12.914531707763672,14.178916931152344,15.652560234069824,47.707481384277344
8617.0,12.998266220092773,14.302518844604492,15.652579307556152,47.70749282836914
8618.5,13.4264554977417,14.655261993408203,15.652593612670898,47.70750045776367
8620.0,13.713714599609375,15.181158065795898,15.65261173248291,47.7075080871582
8621.5,14.022890090942383,15.790989875793457,15.684545516967773,47.71799850463867
8623.0,14.699779510498047,16.28590202331543,15.684574127197266,47.718013763427734
8624.5,13.431131362915039,14.747310638427734,15.716436386108398,47.72850036621094
8626.0,11.075323104858398,11.99105453491211,15.716462135314941,47.67610168457031
8627.5,11.125175476074219,11.952852249145508,15.716476440429688,47.60264587402344
8629.0,12.956419944763184,14.11295223236084,15.716484069824219,47.676116943359375
8630.5,13.308435440063477,14.593122482299805,15.684651374816895,47.66563415527344
8632.0,13.078253746032715,14.38052749633789,15.684654235839844,47.59214782714844
8633.5,13.250748634338379,14.460022926330566,15.68465518951416,47.60265350341797
8635.0,13.149772644042969,14.524700164794922,15.652737617492676,47.6551399230957
8636.5,12.02590560913086,13.08732795715332,15.652721405029297,47.70756530761719
8638.0,12.089552879333496,13.390764236450195,15.652697563171387,47.707550048828125
8639.5,14.239718437194824,16.163837432861328,15.65267562866211,47.70753860473633
8641.0,14.977333068847656,16.881580352783203,15.652649879455566,47.70752716064453
8642.5,13.667182922363281,15.036116600036621,15.652626991271973,47.707515716552734
8644.0,13.954099655151367,15.40964126586914,15.652617454528809,47.70751190185547
8645.5,14.608275413513184,16.205486297607422,15.652585983276367,47.707496643066406
8647.0,13.528573989868164,14.84140396118164,15.652560234069824,47.70748519897461
8648.5,12.512554168701172,13.572029113769531,15.652568817138672,47.707489013671875
8650.0,13.009727478027344,14.282150268554688,15.652595520019531,47.70750045776367
8651.5,13.16019344329834,14.298444747924805,15.652647972106934,47.70752716064453
8653.0,12.419594764709473,13.258430480957031,15.65270709991455,47.592132568359375
8654.5,12.965158462524414,13.899740219116211,15.652709007263184,47.592132568359375
8656.0,14.095569610595703,15.4215669631958,15.652703285217285,47.59212875366211
8657.5,14.180351257324219,15.309048652648926,15.652725219726562,47.65513229370117
8659.0,14.272794723510742,15.652307510375977,15.652725219726562,47.65513229370117
8660.5,13.388361930847168,14.888042449951172,15.652714729309082,47.655128479003906
8662.0,12.464557647705078,14.034736633300781,15.652740478515625,47.6551399230957
8663.5,12.803967475891113,14.097905158996582,15.652737617492676,47.6551399230957
8665.0,13.584993362426758,15.144927024841309,15.652692794799805,47.592124938964844
8666.5,13.343912124633789,14.93381404876709,15.652698516845703,47.592124938964844
8668.0,13.633044242858887,15.376421928405762,15.652721405029297,47.59213638305664
8669.5,13.88325309753418,15.335114479064941,15.652687072753906,47.59212112426758
8671.0,13.084877014160156,14.336077690124512,15.652661323547363,47.59210968017578
8672.5,12.97054672241211,14.594766616821289,15.652688026428223,47.70754623413086
8674.0,14.307689666748047,16.526302337646484,15.65268325805664,47.707542419433594
8675.5,13.954261779785156,15.61631965637207,15.652632713317871,47.70751953125
8677.0,12.66031265258789,13.881793975830078,15.65262222290039,47.70751190185547
8678.5,13.539922714233398,15.085232734680176,15.652636528015137,47.70751953125
8680.0,14.650644302368164,16.662975311279297,15.652609825134277,47.7075080871582
8681.5,13.578224182128906,15.074882507324219,15.652586936950684,47.707496643066406
8683.0,12.669489860534668,13.791207313537598,15.652595520019531,47.707496643066406
8684.5,13.179032325744629,14.58694076538086,15.652595520019531,47.707496643066406
8686.0,13.895586013793945,15.311335563659668,15.652572631835938,47.707489013671875
8687.5,14.44146728515625,15.628227233886719,15.65256404876709,47.70748519897461
8689.0,15.241439819335938,16.768861770629883,15.68448543548584,47.71796798706055
8690.5,15.303741455078125,17.29707145690918,15.684481620788574,47.71796417236328
8692.0,14.275339126586914,15.969192504882812,15.684463500976562,47.71795654296875
8693.5,13.713254928588867,15.125911712646484,15.684457778930664,47.717952728271484
8695.0,14.411479949951172,16.01392364501953,15.684466361999512,47.717960357666016
8696.5,14.560401916503906,16.111743927001953,15.684465408325195,47.717960357666016
8698.0,13.807830810546875,15.063459396362305,15.684453964233398,47.717952728271484
8699.5,13.617181777954102,14.886683464050293,15.68445110321045,47.717952728271484
8701.0,14.097492218017578,15.628049850463867,15.652547836303711,47.70747756958008
8702.5,14.773805618286133,16.570268630981445,15.652556419372559,47.707481384277344
8704.0,15.052936553955078,16.85936737060547,15.65255355834961,47.707481384277344
8705.5,14.56566047668457,16.02167510986328,15.652543067932129,47.70747375488281
8707.0,14.177759170532227,15.472627639770508,15.652538299560547,47.70747375488281
8708.5,14.359127044677734,15.977947235107422,15.652546882629395,47.70747375488281
8710.0,14.669942855834961,16.519180297851562,15.652555465698242,47.707481384277344
8711.5,14.565640449523926,16.164213180541992,15.652549743652344,47.70747756958008
8713.0,14.044666290283203,15.204391479492188,15.652538299560547,47.68650817871094
8714.5,13.766719818115234,14.558655738830566,15.652530670166016,47.58153533935547
8716.0,13.63946533203125,14.353233337402344,15.652528762817383,47.58153533935547
8717.5,13.538028717041016,14.468463897705078,15.652525901794434,47.58153533935547
8719.0,13.747685432434082,14.895220756530762,15.652525901794434,47.58153533935547
8720.5,13.867968559265137,14.923677444458008,15.652525901794434,47.58153533935547
8722.0,13.804506301879883,14.806924819946289,15.652525901794434,47.58153533935547
8723.5,13.590644836425781,14.62795639038086,15.652525901794434,47.5815315246582
8725.0,13.255544662475586,14.220123291015625,15.652525901794434,47.58153533935547
8726.5,13.472457885742188,14.288581848144531,15.652527809143066,47.58153533935547
8728.0,13.889739990234375,14.804428100585938,15.652530670166016,47.58153533935547
8729.5,13.878622055053711,14.968681335449219,15.652533531188965,47.58153533935547
8731.0,13.812639236450195,14.82951545715332,15.652531623840332,47.58153533935547
8732.5,13.6543607711792,14.567668914794922,15.652527809143066,47.58153533935547
8734.0,13.525589942932129,14.444991111755371,15.652525901794434,47.5815315246582
8735.5,13.638578414916992,14.556211471557617,15.652524948120117,47.5815315246582
8737.0,13.670465469360352,14.684141159057617,15.652524948120117,47.5815315246582
8738.5,13.427976608276367,14.421989440917969,15.65252685546875,47.58153533935547
8740.0,13.360240936279297,14.202969551086426,15.6525297164917,47.58153533935547
8741.5,13.74398422241211,14.76698112487793,15.652533531188965,47.65503692626953
8743.0,13.900362014770508,15.227317810058594,15.652534484863281,47.68650436401367
8744.5,13.677000999450684,14.913786888122559,15.652531623840332,47.58153533935547
8746.0,13.630938529968262,14.726953506469727,15.6525297164917,47.65503692626953
8747.5,13.593299865722656,14.617742538452148,15.652528762817383,47.65503692626953
8749.0,13.559295654296875,14.558205604553223,15.652527809143066,47.5815315246582
8750.5,13.814834594726562,14.805606842041016,15.652528762817383,47.58153533935547
8752.0,14.050223350524902,15.203707695007324,15.652531623840332,47.65503692626953
8753.5,13.756031036376953,14.852088928222656,15.652533531188965,47.65503692626953
8755.0,13.360788345336914,14.229780197143555,15.6525297164917,47.58153533935547
8756.5,13.589075088500977,14.573565483093262,15.65252685546875,47.58153533935547
8758.0,13.908378601074219,15.111940383911133,15.65253734588623,47.70747375488281
8759.5,13.561365127563477,15.051395416259766,15.652604103088379,47.70750427246094
8761.0,13.2352294921875,15.034623146057129,15.65277099609375,47.70758819580078
8762.5,12.90296745300293,14.465810775756836,15.653060913085938,47.58180236816406
8764.0,12.742851257324219,14.371623992919922,15.65329647064209,47.5819206237793
8765.5,14.522710800170898,15.738897323608398,15.653122901916504,47.58183288574219
8767.0,16.828641891479492,19.092864990234375,15.652926445007324,47.58173370361328
8768.5,10.367015838623047,11.299664497375488,15.653092384338379,47.581817626953125
8770.0,10.420090675354004,11.697837829589844,15.653549194335938,47.582054138183594
8771.5,12.107003211975098,13.094338417053223,15.653393745422363,47.581974029541016
8773.0,15.867231369018555,17.440654754638672,15.68482494354248,47.59223556518555
8774.5,16.072450637817383,17.89809799194336,15.652621269226074,47.581581115722656
8776.0,15.03381061553955,16.503440856933594,15.684508323669434,47.592079162597656
8777.5,14.307574272155762,15.669062614440918,15.716510772705078,47.6026611328125
8779.0,11.715627670288086,13.0274658203125,15.716907501220703,47.60285568237305
8780.5,11.376663208007812,12.682249069213867,15.717378616333008,47.68704605102539
8782.0,11.019330024719238,11.668416976928711,15.717193603515625,47.68695831298828
8783.5,15.040653228759766,16.682764053344727,15.71667194366455,47.73909378051758
8785.0,16.97762680053711,19.290687561035156,15.65259075164795,47.717979431152344
8786.5,16.060523986816406,17.889196395874023,15.652536392211914,47.717952728271484
8788.0,14.858863830566406,16.327924728393555,15.652528762817383,47.65503692626953
8789.5,14.033526420593262,15.137901306152344,15.652534484863281,47.70746612548828
8791.0,13.280410766601562,14.752558708190918,15.652565956115723,47.70748519897461
8792.5,12.310909271240234,13.422181129455566,15.652691841125488,47.707550048828125
8794.0,13.105253219604492,14.297048568725586,15.652815818786621,47.5816764831543
8795.5,14.335037231445312,15.878011703491211,15.65273380279541,47.581634521484375
8797.0,14.695550918579102,16.430007934570312,15.652593612670898,47.707496643066406
8798.5,14.742237091064453,16.153255462646484,15.652539253234863,47.70747375488281
8800.0,14.843694686889648,16.057052612304688,15.684440612792969,47.592041015625
8801.5,14.217708587646484,15.209999084472656,15.684439659118652,47.592041015625
8803.0,13.819496154785156,14.693634033203125,15.684439659118652,47.592041015625
8804.5,14.025793075561523,15.010526657104492,15.684440612792969,47.592041015625
8806.0,14.028249740600586,15.101835250854492,15.684440612792969,47.592041015625
8807.5,13.803498268127441,14.755186080932617,15.684439659118652,47.71794509887695
8809.0,13.630437850952148,14.450862884521484,15.684439659118652,47.71794509887695
8810.5,13.787134170532227,14.7996187210083,15.684450149536133,47.717952728271484
8812.0,14.45969295501709,15.860090255737305,15.684467315673828,47.717960357666016
8813.5,14.79039192199707,16.355581283569336,15.684470176696777,47.717960357666016
8815.0,14.434707641601562,15.889361381530762,15.684454917907715,47.717952728271484
8816.5,14.121784210205078,15.305434226989746,15.684441566467285,47.592041015625
8818.0,14.228989601135254,15.319649696350098,15.65252685546875,47.5815315246582
8819.5,14.679900169372559,15.861715316772461,15.65252685546875,47.5815315246582
8821.0,14.640602111816406,15.766931533813477,15.652525901794434,47.5815315246582
8822.5,13.578231811523438,14.390459060668945,15.65252685546875,47.58153533935547
8824.0,14.041186332702637,15.160196304321289,15.652530670166016,47.58153533935547
8825.5,18.22781753540039,21.583332061767578,15.652585983276367,47.707496643066406
8827.0,20.01154327392578,24.101112365722656,15.652946472167969,47.655250549316406
8828.5,9.5398530960083,10.321634292602539,15.6541109085083,47.65583801269531
8830.0,10.864542961120605,12.460488319396973,15.655381202697754,47.58299255371094
8831.5,12.97913932800293,14.524734497070312,15.654240608215332,47.58241271972656
8833.0,16.90521812438965,19.13730812072754,15.653074264526367,47.58180618286133
8834.5,17.906797409057617,20.97686004638672,15.652704238891602,47.58162307739258
8836.0,15.680830001831055,17.88413429260254,15.652717590332031,47.58163070678711
8837.5,11.260295867919922,11.870715141296387,15.652959823608398,47.58175277709961
8839.0,10.879888534545898,12.064016342163086,15.653281211853027,47.581912994384766
8840.5,13.95624828338623,15.6027250289917,15.65311336517334,47.707759857177734
8842.0,17.442134857177734,20.060626983642578,15.652721405029297,47.70756149291992
8843.5,17.242921829223633,19.638900756835938,15.65256118774414,47.707481384277344
8845.0,15.54098129272461,17.06098175048828,15.652531623840332,47.70746612548828
8846.5,14.250776290893555,15.263015747070312,15.65253734588623,47.70747375488281
8848.0,13.688217163085938,14.790945053100586,15.652549743652344,47.70747756958008
8849.5,13.073736190795898,14.414443969726562,15.652571678161621,47.707489013671875
8851.0,11.875003814697266,12.878920555114746,15.652644157409668,47.58159255981445
8852.5,12.49392318725586,13.429759979248047,15.652726173400879,47.58163070678711
8854.0,14.550455093383789,16.10622787475586,15.652697563171387,47.58161544799805
8855.5,14.937593460083008,16.779239654541016,15.652591705322266,47.707496643066406
8857.0,14.410419464111328,15.718971252441406,15.652538299560547,47.70747375488281
8858.5,14.463617324829102,15.603931427001953,15.652530670166016,47.70746612548828
8860.0,14.224859237670898,15.402559280395508,15.6525297164917,47.70746612548828
8861.5,13.89173698425293,14.972999572753906,15.6525297164917,47.70746612548828
8863.0,13.83474063873291,15.025642395019531,15.65253734588623,47.70747375488281
8864.5,13.541849136352539,14.925125122070312,15.652551651000977,47.70747756958008
8866.0,13.452361106872559,14.835108757019043,15.652567863464355,47.70748519897461
8867.5,12.407342910766602,13.65262222290039,15.652619361877441,47.70751190185547
8869.0,9.480915069580078,9.803972244262695,15.65281867980957,47.58168029785156
8870.5,10.367660522460938,11.13702392578125,15.653054237365723,47.5817985534668
8872.0,13.02038288116455,14.271858215332031,15.65291976928711,47.581729888916016
8873.5,15.175799369812012,16.656553268432617,15.652628898620605,47.707515716552734
8875.0,15.256219863891602,16.893766403198242,15.652539253234863,47.70747375488281
8876.5,14.5645112991333,15.899836540222168,15.652527809143066,47.58153533935547
8878.0,14.49096965789795,15.864347457885742,15.652524948120117,47.5815315246582
8879.5,14.231293678283691,15.467083930969238,15.652524948120117,47.58152770996094
8881.0,13.120842933654785,13.96113109588623,15.652523040771484,47.58152770996094
8882.5,12.66012191772461,13.374354362487793,15.652524948120117,47.5815315246582
8884.0,15.69465446472168,17.715234756469727,15.652544975280762,47.70747375488281
8885.5,19.552518844604492,22.969324111938477,15.65269660949707,47.707550048828125
8887.0,16.42262840270996,18.461421966552734,15.6533203125,47.58192825317383
8888.5,12.17558765411377,14.171789169311523,15.65417766571045,47.582374572753906
8890.0,10.62781047821045,11.526596069335938,15.6539306640625,47.655731201171875
8891.5,13.51963996887207,15.426185607910156,15.652986526489258,47.707698822021484
8893.0,17.081005096435547,19.647249221801758,15.652613639831543,47.7075080871582
8894.5,16.190113067626953,18.167917251586914,15.652545928955078,47.70747375488281
8896.0,15.157096862792969,16.847185134887695,15.652533531188965,47.6550407409668
8897.5,14.53445816040039,15.922205924987793,15.65253734588623,47.70747375488281
8899.0,14.18455696105957,15.596969604492188,15.652542114257812,47.70747375488281
8900.5,14.528789520263672,16.262168884277344,15.65254020690918,47.70747375488281
8902.0,14.966889381408691,16.744571685791016,15.652552604675293,47.707481384277344
8903.5,11.404951095581055,12.119033813476562,15.652679443359375,47.707542419433594
8905.0,8.886127471923828,9.246563911437988,15.653011322021484,47.707706451416016
8906.5,10.589771270751953,11.80053424835205,15.653170585632324,47.70779037475586
8908.0,14.470921516418457,15.851715087890625,15.652897834777832,47.7076530456543
8909.5,17.460079193115234,19.899871826171875,15.652627944946289,47.707515716552734
8911.0,16.91455078125,19.065427780151367,15.652556419372559,47.707481384277344
8912.5,15.845657348632812,17.641939163208008,15.65255069732666,47.70747756958008
8914.0,14.802539825439453,16.287792205810547,15.652542114257812,47.58154296875
8915.5,13.49101448059082,14.53352165222168,15.652533531188965,47.58153533935547
8917.0,14.021780014038086,15.128887176513672,15.652535438537598,47.581539154052734
8918.5,19.481765747070312,22.303024291992188,15.652595520019531,47.70750045776367
8920.0,21.546524047851562,24.92538833618164,15.65294361114502,47.65524673461914
8921.5,12.828831672668457,14.11042594909668,15.654037475585938,47.58229446411133
8923.0,10.73656940460205,12.360188484191895,15.654661178588867,47.58262634277344
8924.5,11.034080505371094,11.581379890441895,15.653667449951172,47.582115173339844
8926.0,17.64293670654297,20.257490158081055,15.652779579162598,47.70759201049805
8927.5,18.131763458251953,20.56118392944336,15.65257740020752,47.70749282836914
8929.0,17.029178619384766,19.20462417602539,15.65255069732666,47.70747756958008
8930.5,16.441120147705078,18.519649505615234,15.652557373046875,47.707481384277344
8932.0,15.928478240966797,17.78653335571289,15.652557373046875,47.707481384277344
8933.5,14.729418754577637,16.121315002441406,15.652544021606445,47.70747375488281
8935.0,13.833702087402344,15.014238357543945,15.652535438537598,47.581539154052734
8936.5,14.166084289550781,15.43702507019043,15.652536392211914,47.581539154052734
8938.0,14.370168685913086,15.68836784362793,15.652539253234863,47.581539154052734
8939.5,13.711031913757324,14.77821159362793,15.65253734588623,47.6550407409668
8941.0,13.734134674072266,14.883827209472656,15.652535438537598,47.59204864501953
8942.5,14.826440811157227,16.32929229736328,15.652558326721191,47.707481384277344
8944.0,14.030837059020996,15.379429817199707,15.652688026428223,47.707542419433594
8945.5,11.680913925170898,12.464716911315918,15.652989387512207,47.581764221191406
8947.0,12.678691864013672,14.248430252075195,15.653081893920898,47.58181381225586
8948.5,15.071727752685547,17.135677337646484,15.652795791625977,47.5921745300293
8950.0,16.53105354309082,18.86374282836914,15.652575492858887,47.707489013671875
8951.5,15.411681175231934,16.946006774902344,15.652533531188965,47.70746612548828
8953.0,14.444449424743652,15.545449256896973,15.652524948120117,47.5815315246582
8954.5,13.973051071166992,15.115020751953125,15.6525239944458,47.5815315246582
8956.0,14.326871871948242,15.438228607177734,15.652530670166016,47.65503692626953
8957.5,16.0180606842041,17.999727249145508,15.65261173248291,47.7075080871582
8959.0,13.271430015563965,14.656797409057617,15.653121948242188,47.65533447265625
8960.5,8.69815444946289,9.261938095092773,15.65403938293457,47.65578842163086
8962.0,8.528382301330566,9.537225723266602,15.654123306274414,47.58234786987305
8963.5,12.688590049743652,13.568936347961426,15.653177261352539,47.707786560058594
8965.0,18.413114547729492,21.05983543395996,15.652620315551758,47.70751190185547
8966.5,16.90817642211914,19.064605712890625,15.652543067932129,47.70747375488281
8968.0,15.000801086425781,16.54599952697754,15.652531623840332,47.58153533935547
8969.5,14.125911712646484,15.128164291381836,15.6525297164917,47.70746612548828
8971.0,13.828582763671875,14.793303489685059,15.652531623840332,47.70746612548828
8972.5,14.32223129272461,15.693942070007324,15.652544021606445,47.70747375488281
8974.0,14.719303131103516,16.497032165527344,15.652554512023926,47.707481384277344
8975.5,14.142989158630371,15.62485122680664,15.652548789978027,47.70747756958008
8977.0,13.43708610534668,14.465461730957031,15.652536392211914,47.581539154052734
8978.5,13.388798713684082,14.180229187011719,15.652530670166016,47.58153533935547
8980.0,13.637131690979004,14.435215950012207,15.652532577514648,47.58153533935547
8981.5,14.034961700439453,15.163705825805664,15.652539253234863,47.581539154052734
8983.0,14.266247749328613,15.72981071472168,15.652547836303711,47.70747375488281
8984.5,14.031000137329102,15.516937255859375,15.652547836303711,47.70747756958008
8986.0,13.60422134399414,14.795639991760254,15.652544021606445,47.70747375488281
8987.5,12.661367416381836,13.443120002746582,15.65256404876709,47.70748519897461
8989.0,11.226144790649414,11.901487350463867,15.65265941619873,47.7075309753418
8990.5,11.628665924072266,13.210281372070312,15.652871131896973,47.707637786865234
8992.0,12.882835388183594,15.185107231140137,15.65296745300293,47.70768356323242
8993.5,14.162971496582031,15.923391342163086,15.65273380279541,47.70756912231445
8995.0,14.944320678710938,16.746898651123047,15.65259075164795,47.707496643066406
8996.5,14.933218955993652,16.849834442138672,15.652551651000977,47.70747756958008
8998.0,14.173813819885254,15.749340057373047,15.652533531188965,47.65503692626953
8999.5,13.815269470214844,14.799356460571289,15.652536392211914,47.68650817871094
9001.0,14.197004318237305,15.812668800354004,15.652602195739746,47.70750427246094
9002.5,12.844911575317383,14.817499160766602,15.652929306030273,47.58174133300781
9004.0,11.290987014770508,13.559913635253906,15.65343952178955,47.581993103027344
9005.5,10.520505905151367,11.492103576660156,15.6532564163208,47.5818977355957
9007.0,15.68851089477539,17.70805549621582,15.652750015258789,47.686614990234375
9008.5,16.690532684326172,18.849929809570312,15.65256118774414,47.707481384277344
9010.0,14.924062728881836,16.65098762512207,15.652525901794434,47.686500549316406
9011.5,13.495942115783691,14.706721305847168,15.652523040771484,47.592037200927734
9013.0,13.077982902526855,13.915548324584961,15.652522087097168,47.58152770996094
9014.5,12.82929515838623,13.61334228515625,15.652520179748535,47.58152770996094
9016.0,12.78411865234375,13.737855911254883,15.652521133422852,47.58152770996094
9017.5,13.017463684082031,14.100858688354492,15.652520179748535,47.58152770996094
9019.0,12.839458465576172,13.653865814208984,15.652520179748535,47.58152770996094
9020.5,12.472827911376953,13.04206371307373,15.652523040771484,47.58152770996094
9022.0,12.773244857788086,13.634937286376953,15.652527809143066,47.58153533935547
9023.5,13.359087944030762,14.61416244506836,15.652535438537598,47.581539154052734
9025.0,13.17304801940918,14.37185287475586,15.65253734588623,47.581539154052734
9026.5,12.533477783203125,13.402039527893066,15.6525297164917,47.58153533935547
9028.0,12.523113250732422,13.327503204345703,15.652525901794434,47.5815315246582
9029.5,12.986444473266602,13.991313934326172,15.6525297164917,47.58153533935547
9031.0,13.225849151611328,14.416460990905762,15.652535438537598,47.581539154052734
9032.5,13.126220703125,14.261817932128906,15.652534484863281,47.581539154052734
9034.0,13.13467025756836,14.150227546691895,15.6525297164917,47.58153533935547
9035.5,12.985845565795898,13.832809448242188,15.65252685546875,47.70746612548828
9037.0,12.502574920654297,13.213388442993164,15.652527809143066,47.70746612548828
9038.5,11.794076919555664,12.818558692932129,15.652568817138672,47.707489013671875
9040.0,11.806878089904785,13.252589225769043,15.652674674987793,47.70753860473633
9041.5,12.553888320922852,14.059218406677246,15.652717590332031,47.718040466308594
9043.0,13.158358573913574,14.454984664916992,15.684547424316406,47.72847366333008
9044.5,13.301887512207031,14.555253028869629,15.684468269348145,47.72843933105469
9046.0,13.670859336853027,15.070417404174805,15.684446334838867,47.676021575927734
9047.5,13.139116287231445,14.233434677124023,15.684449195861816,47.676021575927734
9049.0,12.93116569519043,14.050373077392578,15.68446159362793,47.72843551635742
9050.5,13.085094451904297,14.420015335083008,15.684590339660645,47.738975524902344
9052.0,13.68691349029541,15.573659896850586,15.684822082519531,47.59223556518555
9053.5,14.088166236877441,16.212263107299805,15.684760093688965,47.71810531616211
9055.0,14.165863990783691,16.044170379638672,15.68457317352295,47.718013763427734
9056.5,14.112706184387207,15.522202491760254,15.684466361999512,47.717960357666016
9058.0,13.898091316223145,15.08985710144043,15.684444427490234,47.592041015625
9059.5,13.641794204711914,14.762104034423828,15.684444427490234,47.59204864501953
9061.0,13.361505508422852,14.394559860229492,15.684442520141602,47.592041015625
9062.5,13.046295166015625,14.05168628692627,15.684438705444336,47.592041015625
9064.0,12.934877395629883,13.83493709564209,15.684435844421387,47.61304473876953
9065.5,13.105010986328125,14.08560562133789,15.684440612792969,47.6130485534668
9067.0,13.259644508361816,14.565590858459473,15.6844482421875,47.61305236816406
9068.5,13.422139167785645,14.78669548034668,15.68445110321045,47.61305618286133
9070.0,13.58358383178711,14.802932739257812,15.684453964233398,47.61305618286133
9071.5,13.409440994262695,14.52466869354248,15.684455871582031,47.61305618286133
9073.0,13.220803260803223,14.299962997436523,15.684457778930664,47.613059997558594
9074.5,13.20855712890625,14.243928909301758,15.684449195861816,47.61305236816406
9076.0,13.055103302001953,13.98177719116211,15.684440612792969,47.592041015625
9077.5,12.661982536315918,13.484051704406738,15.684436798095703,47.592041015625
9079.0,12.389482498168945,13.199979782104492,15.68443489074707,47.592037200927734
9080.5,12.396463394165039,13.267366409301758,15.684432983398438,47.592037200927734
9082.0,12.596864700317383,13.512527465820312,15.68443489074707,47.592037200927734
9083.5,12.577295303344727,13.458528518676758,15.684436798095703,47.592041015625
9085.0,12.356361389160156,13.111076354980469,15.684438705444336,47.592041015625
9086.5,12.467924118041992,13.23437786102295,15.684439659118652,47.592041015625
9088.0,12.905072212219238,13.918966293334961,15.684440612792969,47.592041015625
9089.5,12.734579086303711,13.705857276916504,15.684440612792969,47.71794509887695
9091.0,11.849655151367188,12.498926162719727,15.684438705444336,47.71794509887695
9092.5,12.01893424987793,12.731611251831055,15.71629810333252,47.72842788696289
9094.0,14.202066421508789,15.857215881347656,15.716343879699707,47.728450775146484
9095.5,15.987015724182129,18.527944564819336,15.71639347076416,47.728477478027344
9097.0,15.018620491027832,17.082813262939453,15.716376304626465,47.72846984863281
9098.5,13.425482749938965,14.636239051818848,15.716318130493164,47.72844314575195
9100.0,13.58395004272461,14.656384468078613,15.716291427612305,47.72842788696289
9101.5,13.87612247467041,14.902788162231445,15.716293334960938,47.72842788696289
9103.0,12.74582576751709,13.667505264282227,15.716320991516113,47.72844314575195
9104.5,11.601726531982422,12.440420150756836,15.716403007507324,47.72848129272461
9106.0,12.528322219848633,13.504404067993164,15.716460227966309,47.60263442993164
9107.5,13.718751907348633,15.313557624816895,15.716397285461426,47.728477478027344
9109.0,13.517715454101562,14.78462028503418,15.716317176818848,47.676029205322266
9110.5,12.942031860351562,13.83345890045166,15.716287612915039,47.60254669189453
9112.0,13.038865089416504,13.932058334350586,15.71628189086914,47.602542877197266
9113.5,13.22945785522461,14.098838806152344,15.68443489074707,47.592041015625
9115.0,12.948220252990723,13.800614356994629,15.684433937072754,47.592037200927734
9116.5,12.855405807495117,13.696779251098633,15.684433937072754,47.592037200927734
9118.0,13.012054443359375,13.84849739074707,15.684433937072754,47.592037200927734
9119.5,12.883092880249023,13.808182716369629,15.68443489074707,47.592037200927734
9121.0,12.66883659362793,13.626678466796875,15.68443489074707,47.592041015625
9122.5,12.641728401184082,13.54218864440918,15.68443489074707,47.592041015625
9124.0,12.607905387878418,13.41965103149414,15.684433937072754,47.592037200927734
9125.5,12.596334457397461,13.311049461364746,15.684433937072754,47.592037200927734
9127.0,12.545318603515625,13.233617782592773,15.684433937072754,47.592037200927734
9128.5,12.484682083129883,13.21124267578125,15.684433937072754,47.592037200927734
9130.0,12.305580139160156,13.059534072875977,15.684433937072754,47.592037200927734
9131.5,12.076963424682617,12.741472244262695,15.684432983398438,47.592037200927734
9133.0,12.184611320495605,12.884866714477539,15.684433937072754,47.592037200927734
9134.5,12.3726806640625,13.183738708496094,15.684435844421387,47.592041015625
9136.0,12.309347152709961,13.055343627929688,15.68443775177002,47.592041015625
9137.5,12.443357467651367,13.2021484375,15.684441566467285,47.592041015625
9139.0,12.82841682434082,13.789828300476074,15.684443473815918,47.592041015625
9140.5,12.678177833557129,13.58938980102539,15.684441566467285,47.592041015625
9142.0,12.286901473999023,13.06556224822998,15.684438705444336,47.592041015625
9143.5,12.395895004272461,13.177980422973633,15.684436798095703,47.592041015625
9145.0,12.382942199707031,13.195804595947266,15.68443489074707,47.592037200927734
9146.5,12.27372932434082,13.061141967773438,15.684432983398438,47.592037200927734
9148.0,12.583650588989258,13.439107894897461,15.68443489074707,47.592037200927734
9149.5,12.488500595092773,13.326679229736328,15.684435844421387,47.592041015625
9151.0,12.08903694152832,12.892217636108398,15.684438705444336,47.592041015625
9152.5,13.091753005981445,14.252079010009766,15.684456825256348,47.5920524597168
9154.0,15.062232971191406,16.991432189941406,15.684494972229004,47.69701385498047
9155.5,15.019495964050293,16.88693618774414,15.684518814086914,47.72846603393555
9157.0,13.02424430847168,14.181000709533691,15.684494972229004,47.60257339477539
9158.5,12.02214527130127,12.895782470703125,15.684466361999512,47.59205627441406
9160.0,12.635031700134277,13.535955429077148,15.684455871582031,47.66553497314453
9161.5,13.092327117919922,14.278409957885742,15.68447208404541,47.66554641723633
9163.0,13.767696380615234,15.508098602294922,15.684511184692383,47.71798324584961
9164.5,13.999702453613281,15.704633712768555,15.684531211853027,47.72846984863281
9166.0,12.753033638000488,13.84206771850586,15.684494018554688,47.66555404663086
9167.5,11.730871200561523,12.432966232299805,15.68445110321045,47.59204864501953
9169.0,12.191547393798828,13.043704986572266,15.684435844421387,47.592041015625
9170.5,12.568351745605469,13.496941566467285,15.68443489074707,47.592041015625
9172.0,12.23025131225586,12.990845680236816,15.68443489074707,47.592041015625
9173.5,12.299331665039062,12.929636001586914,15.684435844421387,47.592041015625
9175.0,12.62216854095459,13.321537971496582,15.684435844421387,47.592041015625
9272.5,12.509601593017578,13.356985092163086,15.684435844421387,47.592041015625
9274.0,12.423933029174805,13.173540115356445,15.684435844421387,47.592041015625
9275.5,12.20008659362793,12.823784828186035,15.684435844421387,47.592041015625
9277.0,12.238374710083008,12.91733169555664,15.684435844421387,47.592041015625
9278.5,12.499024391174316,13.271961212158203,15.684435844421387,47.592041015625
9280.0,12.523405075073242,13.300888061523438,15.684436798095703,47.592041015625
9281.5,12.351689338684082,13.110658645629883,15.684436798095703,47.592041015625
9283.0,12.392724990844727,13.166719436645508,15.684436798095703,47.592041015625
9284.5,12.39544677734375,13.178630828857422,15.684436798095703,47.592041015625
9286.0,12.038887023925781,12.774030685424805,15.684440612792969,47.592041015625
9287.5,12.093902587890625,12.819379806518555,15.684456825256348,47.59204864501953
9289.0,13.142736434936523,14.085295677185059,15.684480667114258,47.592063903808594
9290.5,14.095836639404297,15.219776153564453,15.684486389160156,47.592063903808594
9292.0,13.689277648925781,14.911128044128418,15.68447208404541,47.59205627441406
9293.5,12.73416519165039,13.600790977478027,15.684460639953613,47.5920524597168
9295.0,13.069723129272461,13.93617057800293,15.684471130371094,47.59205627441406
9296.5,13.948677062988281,15.245509147644043,15.684493064880371,47.59206771850586
9298.0,14.023591995239258,15.498735427856445,15.684493064880371,47.59206771850586
9299.5,13.697723388671875,14.897659301757812,15.684468269348145,47.59205627441406
9301.0,13.828968048095703,14.90700912475586,15.684449195861816,47.59204864501953
9302.5,13.323162078857422,14.4417724609375,15.68444538116455,47.592044830322266
9304.0,12.853967666625977,14.03768539428711,15.684447288513184,47.592044830322266
9305.5,16.769691467285156,18.50261688232422,15.684479713439941,47.66554641723633
9307.0,23.153545379638672,27.05350112915039,15.684659957885742,47.72853469848633
9308.5,19.61939239501953,22.462425231933594,15.685266494750977,47.67642593383789
9310.0,10.067023277282715,11.829072952270508,15.686115264892578,47.59287643432617
9311.5,9.253323554992676,10.43469524383545,15.686090469360352,47.59286880493164
9313.0,20.051246643066406,23.487545013427734,15.685882568359375,47.5927619934082
9314.5,17.337749481201172,19.170278549194336,15.68588924407959,47.592769622802734
9316.0,7.511386871337891,8.613438606262207,15.68676471710205,47.603721618652344
9317.5,8.249967575073242,9.896784782409668,15.686670303344727,47.66665267944336
9319.0,14.612823486328125,16.71687889099121,15.685611724853516,47.67660140991211
9320.5,18.596233367919922,21.31450653076172,15.684900283813477,47.707698822021484
9322.0,21.331769943237305,25.214874267578125,15.684764862060547,47.59220886230469
9323.5,22.264598846435547,25.315608978271484,15.684983253479004,47.59231948852539
9325.0,17.076171875,19.22708511352539,15.685879707336426,47.59276580810547
9326.5,10.054839134216309,12.382148742675781,15.687124252319336,47.59341049194336
9328.0,11.536880493164062,14.575927734375,15.686636924743652,47.60369110107422
9329.5,16.65374755859375,20.181442260742188,15.685081481933594,47.69731903076172
9331.0,17.91252899169922,20.742671966552734,15.68456745147705,47.69704818725586
9332.5,16.71432876586914,18.73126220703125,15.68453311920166,47.59209060668945
9334.0,15.869033813476562,18.193862915039062,15.684565544128418,47.592105865478516
9335.5,15.070250511169434,17.027667999267578,15.684556007385254,47.59210205078125
9337.0,15.92766284942627,17.9296932220459,15.684531211853027,47.59208679199219
9338.5,15.550596237182617,17.470348358154297,15.684624671936035,47.592140197753906
9340.0,11.64188003540039,13.123748779296875,15.684883117675781,47.66575622558594
9341.5,9.119962692260742,10.048614501953125,15.685033798217773,47.665828704833984
9343.0,10.438791275024414,11.609196662902832,15.684798240661621,47.59223175048828
9344.5,13.534025192260742,15.051483154296875,15.684558868408203,47.59210205078125
9346.0,14.155099868774414,15.496814727783203,15.68449878692627,47.592071533203125
9347.5,13.02891731262207,13.882354736328125,15.68449592590332,47.592071533203125
9349.0,12.711116790771484,13.438977241516113,15.652586936950684,47.58156204223633
9350.5,14.090137481689453,15.303653717041016,15.652607917785645,47.581573486328125
9352.0,15.493085861206055,17.424976348876953,15.652631759643555,47.58158493041992
9353.5,15.31662368774414,17.21304702758789,15.65262222290039,47.58158493041992
9355.0,14.414905548095703,15.870843887329102,15.65260124206543,47.58156967163086
9356.5,13.828263282775879,14.91343879699707,15.652582168579102,47.58156204223633
9358.0,13.661883354187012,14.718801498413086,15.65257453918457,47.5815544128418
9359.5,13.059097290039062,14.01866340637207,15.652567863464355,47.5815544128418
9361.0,12.097160339355469,12.855449676513672,15.652565956115723,47.5815544128418
9362.5,12.219627380371094,13.05076789855957,15.65257453918457,47.5815544128418
9364.0,13.62316608428955,14.777496337890625,15.684496879577637,47.592071533203125
9365.5,14.087845802307129,15.37358283996582,15.684493064880371,47.59206771850586
9367.0,12.745874404907227,13.792993545532227,15.684481620788574,47.592063903808594
9368.5,12.087614059448242,12.926383018493652,15.684478759765625,47.592063903808594
9370.0,12.812543869018555,13.708883285522461,15.684492111206055,47.59206771850586
9371.5,12.833394050598145,13.883272171020508,15.684516906738281,47.592079162597656
9373.0,14.282524108886719,16.144668579101562,15.684540748596191,47.59209442138672
9374.5,25.83421516418457,30.579458236694336,15.684741973876953,47.665679931640625
9376.0,35.573326110839844,42.107666015625,15.653813362121582,47.58218765258789
9377.5,19.332340240478516,22.56128692626953,15.656375885009766,47.583465576171875
9379.0,6.93321418762207,9.042867660522461,15.659353256225586,47.58502197265625
9380.5,6.408468723297119,7.386734962463379,15.657364845275879,47.583980560302734
9382.0,16.014619827270508,18.803897857666016,15.653785705566406,47.59269714355469
9383.5,20.790401458740234,25.022235870361328,15.652832984924316,47.59219741821289
9385.0,15.470047950744629,17.848142623901367,15.652704238891602,47.58162307739258
9386.5,12.422204971313477,13.88901138305664,15.652751922607422,47.58164596557617
9388.0,18.624614715576172,22.164440155029297,15.652905464172363,47.581729888916016
9389.5,26.560211181640625,32.61085891723633,15.653209686279297,47.592384338378906
9391.0,23.50998306274414,29.009082794189453,15.653116226196289,47.58183670043945
9392.5,13.759102821350098,15.733452796936035,15.652729034423828,47.59214401245117
9394.0,10.517339706420898,11.139202117919922,15.652568817138672,47.592063903808594
9395.5,13.08970832824707,13.993696212768555,15.652548789978027,47.59204864501953
9397.0,14.12763500213623,15.226096153259277,15.652552604675293,47.59205627441406
9398.5,12.525144577026367,13.459785461425781,15.652569770812988,47.592063903808594
9400.0,12.345379829406738,13.321330070495605,15.652587890625,47.602577209472656
9401.5,14.194534301757812,15.444121360778809,15.652612686157227,47.66556930541992
9403.0,14.024723052978516,15.370671272277832,15.652730941772461,47.665626525878906
9404.5,11.247045516967773,12.389516830444336,15.652974128723145,47.66575241088867
9406.0,9.933844566345215,11.11014175415039,15.653029441833496,47.59230422973633
9407.5,10.79799747467041,12.078540802001953,15.652745246887207,47.58164596557617
9409.0,12.517742156982422,13.76577377319336,15.652585983276367,47.58156204223633
9410.5,12.920414924621582,13.776206970214844,15.652549743652344,47.581546783447266
9412.0,12.985482215881348,13.94648551940918,15.652545928955078,47.58154296875
9413.5,13.172026634216309,14.235916137695312,15.652545928955078,47.58154296875
9415.0,13.012029647827148,13.93727970123291,15.652544975280762,47.58154296875
9416.5,12.934663772583008,13.90730094909668,15.652543067932129,47.581539154052734
9418.0,14.468942642211914,15.772512435913086,15.652558326721191,47.58155059814453
9419.5,16.21310043334961,17.752174377441406,15.65265941619873,47.581600189208984
9421.0,13.477203369140625,14.621906280517578,15.653000831604004,47.58177185058594
9422.5,8.467523574829102,8.845179557800293,15.653508186340332,47.58203125
9424.0,7.9103803634643555,8.598478317260742,15.653402328491211,47.58197784423828
9425.5,10.94223403930664,12.380990982055664,15.652955055236816,47.581748962402344
9427.0,14.70074462890625,16.817399978637695,15.652673721313477,47.581607818603516
9428.5,14.27092170715332,15.764688491821289,15.652594566345215,47.58156967163086
9430.0,13.273649215698242,14.372928619384766,15.65257453918457,47.5815544128418
9431.5,13.44767951965332,14.534807205200195,15.652569770812988,47.5815544128418
9433.0,13.94028091430664,15.066916465759277,15.652560234069824,47.58155059814453
9434.5,13.455815315246582,14.48557186126709,15.652549743652344,47.581546783447266
9436.0,12.637849807739258,13.653703689575195,15.652547836303711,47.581546783447266
9437.5,16.27285385131836,18.319868087768555,15.652566909790039,47.5815544128418
9439.0,24.13912582397461,28.02025032043457,15.652702331542969,47.58162307739258
9440.5,21.71000862121582,24.23300552368164,15.653785705566406,47.59266662597656
9442.0,8.83204174041748,10.073559761047363,15.656514167785645,47.58356857299805
9443.5,5.023820877075195,6.287840366363525,15.658266067504883,47.66842269897461
9445.0,8.42461109161377,10.825603485107422,15.655317306518555,47.603946685791016
9446.5,15.575157165527344,18.16844367980957,15.653033256530762,47.66578674316406
9448.0,17.008785247802734,19.35415267944336,15.652633666992188,47.58158874511719
9449.5,15.993902206420898,17.923938751220703,15.65262508392334,47.58158493041992
9451.0,16.329866409301758,18.124191284179688,15.652647018432617,47.58159255981445
9452.5,15.988330841064453,17.610576629638672,15.652636528015137,47.58158874511719
9454.0,13.972785949707031,15.235023498535156,15.652602195739746,47.581573486328125
9455.5,13.378713607788086,14.706269264221191,15.652578353881836,47.58156204223633
9457.0,16.245582580566406,18.0128173828125,15.652583122253418,47.58156204223633
9458.5,18.844097137451172,20.975353240966797,15.652790069580078,47.6551628112793
9460.0,14.934150695800781,16.90382957458496,15.653526306152344,47.655521392822266
9461.5,8.154353141784668,9.247611045837402,15.654312133789062,47.582435607910156
9463.0,7.137384414672852,7.986584663391113,15.654277801513672,47.666404724121094
9464.5,10.870399475097656,12.780570983886719,15.653116226196289,47.66582107543945
9466.0,14.09742259979248,15.663658142089844,15.652626991271973,47.58158493041992
9467.5,14.87252426147461,16.349239349365234,15.652562141418457,47.58155059814453
9469.0,14.665867805480957,16.1796875,15.65255069732666,47.581546783447266
9470.5,14.822054862976074,16.219457626342773,15.652552604675293,47.581546783447266
9472.0,14.572652816772461,15.701751708984375,15.652559280395508,47.58155059814453
9473.5,14.043543815612793,15.131312370300293,15.652563095092773,47.58155059814453
9475.0,17.55071258544922,19.887819290161133,15.65258502960205,47.58156204223633
9476.5,26.18622589111328,30.62749481201172,15.652837753295898,47.581687927246094
9478.0,25.440418243408203,30.870655059814453,15.65417766571045,47.582374572753906
9479.5,9.334949493408203,11.280576705932617,15.656794548034668,47.594139099121094
9481.0,3.427415132522583,4.452877044677734,15.65717601776123,47.59440231323242
9482.5,9.154130935668945,11.588226318359375,15.654614448547363,47.59309005737305
9484.0,15.608800888061523,19.12795639038086,15.65291976928711,47.58173751831055
9485.5,17.52324676513672,20.177797317504883,15.652647972106934,47.58159255981445
9487.0,16.222850799560547,17.766502380371094,15.652592658996582,47.581565856933594
9488.5,14.49410629272461,15.660285949707031,15.652567863464355,47.5815544128418
9490.0,13.92719841003418,15.05268669128418,15.652555465698242,47.581546783447266
9491.5,14.239143371582031,15.33439826965332,15.652562141418457,47.58155059814453
9493.0,14.68585205078125,15.976161003112793,15.652578353881836,47.58156204223633
9494.5,14.10334587097168,15.386162757873535,15.652587890625,47.58156204223633
9496.0,13.224905014038086,14.301628112792969,15.652581214904785,47.58156204223633
9497.5,12.779003143310547,13.456607818603516,15.652576446533203,47.58155822753906
9499.0,12.591690063476562,13.064292907714844,15.652572631835938,47.5815544128418
9500.5,14.673251152038574,15.841472625732422,15.652571678161621,47.5815544128418
9502.0,18.703237533569336,21.57428741455078,15.652607917785645,47.58157730102539
9503.5,17.949832916259766,21.147613525390625,15.653018951416016,47.581783294677734
9505.0,12.81247329711914,14.347204208374023,15.654047012329102,47.655784606933594
9506.5,8.569859504699707,8.960442543029785,15.653940200805664,47.65574645996094
9508.0,10.380511283874512,11.415409088134766,15.685098648071289,47.592384338378906
9509.5,12.815021514892578,14.148637771606445,15.684606552124023,47.592124938964844
9511.0,14.356282234191895,15.725711822509766,15.684477806091309,47.592063903808594
9512.5,14.871644020080566,16.126968383789062,15.716312408447266,47.60255813598633
9514.0,14.898574829101562,16.04666519165039,15.716310501098633,47.60255813598633
9515.5,13.713354110717773,14.776224136352539,15.716309547424316,47.60255813598633
9517.0,14.390483856201172,15.936534881591797,15.716320037841797,47.602561950683594
9518.5,21.262130737304688,24.57767105102539,15.684571266174316,47.592105865478516
9520.0,26.520130157470703,31.82769012451172,15.71706485748291,47.60293960571289
9521.5,19.754552841186523,23.00565528869629,15.719099044799805,47.61451721191406
9523.0,11.331456184387207,12.230009078979492,15.656352996826172,47.59406661987305
9524.5,8.709590911865234,9.32921028137207,15.654833793640137,47.59321594238281
9526.0,13.650693893432617,16.436565399169922,15.653032302856445,47.592308044433594
9527.5,16.325681686401367,19.131568908691406,15.65263843536377,47.58158874511719
9529.0,15.640247344970703,17.104263305664062,15.652580261230469,47.58156204223633
9530.5,14.171649932861328,15.342098236083984,15.652584075927734,47.58156204223633
9532.0,14.066537857055664,15.620830535888672,15.652600288391113,47.58156967163086
9533.5,13.920913696289062,15.36856746673584,15.652600288391113,47.58156967163086
9535.0,13.193897247314453,14.242095947265625,15.652584075927734,47.58156204223633
9536.5,12.72608757019043,13.603036880493164,15.652584075927734,47.58156204223633
9538.0,13.346755981445312,14.420677185058594,15.652617454528809,47.581581115722656
9539.5,14.812399864196777,16.10564422607422,15.652647018432617,47.58159255981445
9541.0,15.35354232788086,16.978424072265625,15.652639389038086,47.58158874511719
9542.5,14.098304748535156,15.6173095703125,15.652587890625,47.581565856933594
9544.0,12.70887565612793,13.87883472442627,15.652554512023926,47.58155059814453
9545.5,12.32220458984375,13.112590789794922,15.652552604675293,47.59205627441406
9547.0,12.71601676940918,13.541292190551758,15.652557373046875,47.59205627441406
9548.5,13.359088897705078,14.33162784576416,15.652556419372559,47.59205627441406
9550.0,13.914427757263184,14.95472526550293,15.652549743652344,47.581546783447266
9551.5,14.95979118347168,16.140657424926758,15.652569770812988,47.5815544128418
9553.0,15.677431106567383,17.238956451416016,15.652714729309082,47.581626892089844
9554.5,13.256206512451172,14.265450477600098,15.653164863586426,47.58186721801758
9556.0,10.811324119567871,11.309844970703125,15.653619766235352,47.58209991455078
9557.5,10.31674861907959,11.590452194213867,15.65323257446289,47.58189392089844
9559.0,12.114473342895508,13.480398178100586,15.652719497680664,47.58163070678711
9560.5,13.828020095825195,15.136924743652344,15.652596473693848,47.58156967163086
9562.0,13.850576400756836,15.195738792419434,15.652588844299316,47.58156204223633
9563.5,13.766565322875977,14.944662094116211,15.652596473693848,47.58156967163086
9565.0,39.835044860839844,41.324913024902344,15.652628898620605,47.58157730102539
9566.5,21.19501495361328,23.530824661254883,15.652687072753906,47.58161163330078
9568.0,17.70417022705078,20.46550750732422,15.65318775177002,47.58187484741211
9569.5,10.582653999328613,11.896976470947266,15.654526710510254,47.58251953125
9571.0,7.992988586425781,8.603254318237305,15.655245780944824,47.58292007446289
9572.5,9.392678260803223,9.924362182617188,15.653910636901855,47.58223342895508
9574.0,13.1237211227417,14.65794849395752,15.65290641784668,47.581729888916016
9575.5,15.204727172851562,16.833309173583984,15.652624130249023,47.581581115722656
9577.0,14.40192699432373,15.489957809448242,15.684486389160156,47.592063903808594
9578.5,13.892495155334473,14.799948692321777,15.684475898742676,47.59206008911133
9580.0,14.299612998962402,15.388514518737793,15.684473991394043,47.59206008911133
9581.5,14.132282257080078,15.222644805908203,15.68447208404541,47.59205627441406
9583.0,13.617298126220703,14.510455131530762,15.684470176696777,47.59205627441406
9584.5,13.442655563354492,14.19511604309082,15.684469223022461,47.59205627441406
9586.0,13.32614803314209,14.166641235351562,15.684464454650879,47.5920524597168
9587.5,13.012067794799805,13.83304214477539,15.684462547302246,47.5920524597168
9589.0,12.86257266998291,13.598674774169922,15.68446159362793,47.5920524597168
9590.5,12.818483352661133,13.623250961303711,15.684464454650879,47.59205627441406
9592.0,12.828758239746094,13.725872039794922,15.652560234069824,47.58155059814453
9593.5,13.421869277954102,14.248119354248047,15.652579307556152,47.58156204223633
9595.0,14.142450332641602,15.149791717529297,15.652592658996582,47.581565856933594
9596.5,13.959712028503418,15.07536506652832,15.652580261230469,47.58156204223633
9598.0,13.102128982543945,14.091653823852539,15.652562141418457,47.58155059814453
9599.5,12.422953605651855,13.319589614868164,15.65255355834961,47.581546783447266
9601.0,12.490406036376953,13.244050979614258,15.65255069732666,47.5920524597168
9602.5,12.571674346923828,13.331987380981445,15.652549743652344,47.5920524597168
9604.0,12.360799789428711,13.282621383666992,15.65255069732666,47.581546783447266
9605.5,13.016115188598633,14.143177032470703,15.652554512023926,47.58155059814453
9607.0,14.666556358337402,15.871781349182129,15.652578353881836,47.58156204223633
9608.5,13.99936294555664,15.02661418914795,15.652715682983398,47.58163070678711
9740.5,10.149154663085938,10.881449699401855,15.65314769744873,47.78108215332031
9742.0,10.846095085144043,12.72104549407959,15.65317153930664,47.781097412109375
9743.5,11.537269592285156,13.50379467010498,15.652894973754883,47.78095626831055
9745.0,11.97865104675293,13.250075340270996,15.652667045593262,47.57109832763672
9746.5,12.270868301391602,12.869742393493652,15.65267276763916,47.57109832763672
9748.0,12.67729377746582,13.58998966217041,15.652787208557129,47.57115936279297
9749.5,13.001141548156738,14.2560396194458,15.652844429016113,47.571189880371094
9751.0,13.07254409790039,14.42724323272705,15.652759552001953,47.571144104003906
9752.5,12.841869354248047,13.896102905273438,15.652636528015137,47.57107925415039
9754.0,12.919614791870117,13.725177764892578,15.652592658996582,47.560543060302734
9755.5,12.582209587097168,13.240751266479492,15.65258502960205,47.560543060302734
9757.0,12.054622650146484,12.901809692382812,15.65258502960205,47.560543060302734
9758.5,12.08552360534668,12.775609970092773,15.65259075164795,47.560543060302734
9760.0,12.199407577514648,12.74053955078125,15.652591705322266,47.560543060302734
9761.5,11.908355712890625,12.493901252746582,15.652585983276367,47.560543060302734
9763.0,11.700298309326172,12.393052101135254,15.652580261230469,47.56053924560547
9764.5,11.677482604980469,12.399648666381836,15.652575492858887,47.5605354309082
9766.0,11.79274845123291,12.582582473754883,15.652575492858887,47.5605354309082
9767.5,11.845528602600098,12.700406074523926,15.652579307556152,47.56053924560547
9769.0,11.724527359008789,12.452596664428711,15.652578353881836,47.56053924560547
9770.5,11.727017402648926,12.29420280456543,15.652578353881836,47.56053924560547
9772.0,12.185325622558594,12.794322967529297,15.652579307556152,47.56053924560547
9773.5,12.49139404296875,13.117986679077148,15.652576446533203,47.5605354309082
9775.0,12.623373031616211,13.158071517944336,15.65257740020752,47.56053924560547
9776.5,12.676569938659668,13.254878997802734,15.652581214904785,47.56053924560547
9778.0,12.85694694519043,13.75766372680664,15.652581214904785,47.56053924560547
9779.5,13.070831298828125,14.10196304321289,15.652585983276367,47.560543060302734
9781.0,12.840198516845703,13.578134536743164,15.652589797973633,47.560543060302734
9782.5,12.502010345458984,13.087053298950195,15.652593612670898,47.560543060302734
9784.0,13.396984100341797,14.281051635742188,15.65259838104248,47.560550689697266
9785.5,14.947613716125488,16.318939208984375,15.652599334716797,47.560550689697266
9787.0,14.922651290893555,16.769454956054688,15.652599334716797,47.560550689697266
9788.5,17.070552825927734,19.517963409423828,15.65262222290039,47.571075439453125
9790.0,23.643436431884766,27.407184600830078,15.6527681350708,47.77043151855469
9791.5,20.686735153198242,24.3032283782959,15.653820991516113,47.5611686706543
9793.0,8.700010299682617,10.17196273803711,15.656723976135254,47.56266403198242
9794.5,3.2772860527038574,3.5066490173339844,15.658392906188965,47.65800857543945
9796.0,4.318138122558594,5.186570167541504,15.656697273254395,47.772438049316406
9797.5,14.11575698852539,16.16851043701172,15.653820991516113,47.5611686706543
9799.0,20.566818237304688,23.871313095092773,15.652990341186523,47.623779296875
9800.5,14.206216812133789,15.982643127441406,15.653193473815918,47.644874572753906
9802.0,8.695815086364746,9.373625755310059,15.653818130493164,47.571678161621094
9803.5,7.37716817855835,8.250722885131836,15.653971672058105,47.79195785522461
9805.0,10.072500228881836,12.527338027954102,15.65343952178955,47.79169464111328
9806.5,13.657793045043945,15.860807418823242,15.652839660644531,47.7913932800293
9808.0,14.972373008728027,17.188608169555664,15.652689933776855,47.770389556884766
9809.5,14.430238723754883,16.07559585571289,15.652740478515625,47.791343688964844
9811.0,14.55654525756836,16.351078033447266,15.65279769897461,47.7913703918457
9812.5,14.886520385742188,17.230052947998047,15.652841567993164,47.7913932800293
9814.0,14.126108169555664,16.414276123046875,15.652945518493652,47.791446685791016
9815.5,12.991086959838867,15.052132606506348,15.652999877929688,47.791473388671875
9817.0,13.445406913757324,15.542807579040527,15.652935981750488,47.79144287109375
9818.5,15.214971542358398,17.31650161743164,15.652822494506836,47.7913818359375
9820.0,16.129852294921875,18.339771270751953,15.652809143066406,47.77044677734375
9821.5,15.092545509338379,17.14219856262207,15.652787208557129,47.77043914794922
9823.0,13.962724685668945,15.758328437805176,15.652710914611816,47.7703971862793
9824.5,13.671472549438477,15.077385902404785,15.652657508850098,47.63411331176758
9826.0,13.475558280944824,14.62761402130127,15.652637481689453,47.56057357788086
9827.5,12.600543975830078,13.355563163757324,15.652645111083984,47.62361145019531
9829.0,12.13784408569336,13.01952075958252,15.652678489685059,47.62363052368164
9830.5,12.966550827026367,14.368021011352539,15.65273380279541,47.77041244506836
9832.0,14.069124221801758,15.840653419494629,15.652753829956055,47.77042007446289
9833.5,13.997825622558594,15.60541820526123,15.652710914611816,47.77040100097656
9835.0,13.394634246826172,14.783551216125488,15.652664184570312,47.62362289428711
9836.5,12.902463912963867,14.059722900390625,15.652641296386719,47.560569763183594
9838.0,12.797021865844727,13.972440719604492,15.652630805969238,47.56056594848633
9839.5,12.99704647064209,13.879329681396484,15.652627944946289,47.56056213378906
9841.0,13.163644790649414,14.108707427978516,15.652623176574707,47.56056213378906
9842.5,12.603716850280762,13.425374031066895,15.652613639831543,47.56055450439453
9844.0,11.623282432556152,12.285333633422852,15.65261173248291,47.56055450439453
9845.5,12.170870780944824,12.912272453308105,15.652612686157227,47.56055450439453
9847.0,14.729705810546875,16.128129959106445,15.652631759643555,47.56056594848633
9848.5,15.790117263793945,17.619773864746094,15.652762413024902,47.791351318359375
9850.0,12.14616584777832,13.663400650024414,15.653228759765625,47.77065658569336
9851.5,8.00377082824707,8.858356475830078,15.653755187988281,47.77091598510742
9853.0,7.978660583496094,10.084796905517578,15.653603553771973,47.62409210205078
9854.5,11.742423057556152,14.596403121948242,15.652973175048828,47.79146194458008
9856.0,14.497337341308594,16.577499389648438,15.652693748474121,47.770389556884766
9857.5,13.682279586791992,15.210241317749023,15.652636528015137,47.64459991455078
9859.0,13.013190269470215,14.338090896606445,15.652626037597656,47.56056594848633
9860.5,13.407901763916016,14.214612007141113,15.652626991271973,47.56056594848633
9862.0,13.60811996459961,14.247135162353516,15.652629852294922,47.56056594848633
9863.5,13.535593032836914,14.211926460266113,15.652626991271973,47.56056213378906
9865.0,14.258697509765625,15.460378646850586,15.652626037597656,47.56056594848633
9866.5,15.332605361938477,16.927082061767578,15.652634620666504,47.560569763183594
9868.0,15.257482528686523,16.76882553100586,15.652644157409668,47.56057357788086
9869.5,17.09123992919922,19.036609649658203,15.652655601501465,47.56058120727539
9871.0,23.197101593017578,27.205568313598633,15.652727127075195,47.770408630371094
9872.5,22.895639419555664,26.942522048950195,15.653396606445312,47.79167556762695
9874.0,10.940937042236328,12.603340148925781,15.655661582946777,47.79281234741211
9875.5,4.619295120239258,4.875387668609619,15.657780647277832,47.58421325683594
9877.0,4.786886692047119,5.803757667541504,15.65588092803955,47.56224060058594
9878.5,10.494077682495117,12.830598831176758,15.653715133666992,47.8127555847168
9880.0,19.505836486816406,23.36600112915039,15.652863502502441,47.81232452392578
9881.5,16.761430740356445,19.46953773498535,15.65269947052002,47.80178451538086
9883.0,13.183431625366211,14.57522964477539,15.652666091918945,47.780845642089844
9884.5,13.149045944213867,14.454132080078125,15.652669906616211,47.780845642089844
9886.0,13.943498611450195,15.416162490844727,15.652689933776855,47.78085708618164
9887.5,15.275487899780273,17.1431827545166,15.652734756469727,47.80179977416992
9889.0,16.499080657958984,19.08395004272461,15.652775764465332,47.801822662353516
9890.5,15.18585205078125,17.58904266357422,15.652759552001953,47.80181121826172
9892.0,14.322406768798828,16.159564971923828,15.6527099609375,47.78086471557617
9893.5,16.81658172607422,19.027141571044922,15.65271282196045,47.801788330078125
9895.0,17.38898468017578,19.672409057617188,15.652892112731934,47.801876068115234
9896.5,11.941173553466797,13.199649810791016,15.653645515441895,47.65559768676758
9898.0,6.460085868835449,6.688555717468262,15.654458045959473,47.65601348876953
9899.5,6.532585144042969,7.689565658569336,15.654160499572754,47.781585693359375
9901.0,11.881653785705566,15.043418884277344,15.653177261352539,47.80201721191406
9902.5,16.7746639251709,20.008136749267578,15.652812004089355,47.80183792114258
9904.0,15.845538139343262,18.401222229003906,15.652729034423828,47.770408630371094
9905.5,14.471561431884766,16.38177490234375,15.65270709991455,47.7703971862793
9907.0,15.709400177001953,17.66301155090332,15.652685165405273,47.7703857421875
9908.5,17.019134521484375,19.05918312072754,15.652676582336426,47.571102142333984
9910.0,15.698127746582031,17.336978912353516,15.652671813964844,47.560585021972656
9911.5,14.870912551879883,16.51703453063965,15.652692794799805,47.79132080078125
9913.0,20.08033561706543,23.13469696044922,15.652786254882812,47.79136657714844
9914.5,24.305374145507812,28.53522491455078,15.653247833251953,47.79159164428711
9916.0,14.695759773254395,17.398460388183594,15.655033111572266,47.561763763427734
9917.5,3.3300728797912598,3.4547133445739746,15.658323287963867,47.56341552734375
9919.0,2.3965964317321777,2.8311686515808105,15.657913208007812,47.563297271728516
9920.5,6.634483337402344,9.235713958740234,15.654895782470703,47.64573669433594
9922.0,16.92228889465332,20.13199234008789,15.65317153930664,47.63437271118164
9923.5,17.913312911987305,20.488216400146484,15.652795791625977,47.79136657714844
9925.0,14.626729011535645,16.517200469970703,15.652726173400879,47.6551399230957
9926.5,14.663763046264648,16.96765899658203,15.65271282196045,47.65513229370117
10012.0,29.73705291748047,35.2873420715332,15.621415138244629,47.623992919921875
10013.5,16.60140609741211,20.182552337646484,15.624253273010254,47.62541198730469
10015.0,4.278995990753174,5.130734443664551,15.631592750549316,47.555625915527344
10016.5,1.8353655338287354,2.183976888656616,15.63252067565918,47.55607986450195
10018.0,2.9744367599487305,4.177528381347656,15.629738807678223,47.554752349853516
10019.5,8.553276062011719,11.9418306350708,15.624363899230957,47.646461486816406
10021.0,20.859485626220703,25.28777313232422,15.621748924255371,47.561119079589844
10022.5,23.295639038085938,27.21642303466797,15.621341705322266,47.55039596557617
10024.0,21.33353614807129,25.93309783935547,15.621343612670898,47.55039596557617
10025.5,18.214740753173828,21.410322189331055,15.621723175048828,47.6241340637207
10027.0,11.73951530456543,13.285696029663086,15.622947692871094,47.55120086669922
10028.5,5.575442314147949,6.261148452758789,15.624170303344727,47.56234359741211
10030.0,5.2365336418151855,6.30878210067749,15.623510360717773,47.572532653808594
10031.5,10.222180366516113,12.558296203613281,15.622028350830078,47.791969299316406
10033.0,17.46321678161621,22.173933029174805,15.621172904968262,47.77062225341797
10034.5,16.923635482788086,20.45241355895996,15.62099838256836,47.65526580810547
10036.0,14.597066879272461,16.58810806274414,15.620960235595703,47.56072235107422
10037.5,14.120855331420898,15.577295303344727,15.620969772338867,47.560726165771484
10039.0,16.027530670166016,17.948184967041016,15.621002197265625,47.56074142456055
10040.5,17.262563705444336,20.160980224609375,15.6210355758667,47.56076431274414
10042.0,13.886005401611328,15.867588996887207,15.62103271484375,47.55024719238281
10043.5,10.462079048156738,10.949991226196289,15.621112823486328,47.550289154052734
10045.0,12.218549728393555,13.475159645080566,15.621474266052246,47.55048370361328
10046.5,17.650123596191406,21.357234954833984,15.621965408325195,47.645263671875
10048.0,19.663597106933594,24.99310302734375,15.621931076049805,47.781471252441406
10049.5,16.228946685791016,19.953248977661133,15.621374130249023,47.55043029785156
10051.0,14.030179977416992,16.2152042388916,15.621018409729004,47.55023956298828
10052.5,13.921640396118164,15.5570650100708,15.62093448638916,47.550193786621094
10054.0,13.586040496826172,15.209281921386719,15.620915412902832,47.5501823425293
10055.5,13.934358596801758,15.414413452148438,15.620915412902832,47.5501823425293
10057.0,14.88323974609375,16.49618911743164,15.62092113494873,47.55018997192383
10058.5,15.634716033935547,17.255435943603516,15.620970726013184,47.55021667480469
10060.0,15.29096508026123,17.231197357177734,15.621155738830566,47.55031204223633
10061.5,11.368208885192871,13.137287139892578,15.621886253356934,47.78144073486328
10063.0,7.780841827392578,8.874473571777344,15.623126029968262,47.78205108642578
10064.5,5.8149285316467285,6.907670974731445,15.623393058776855,47.761253356933594
10066.0,6.939507007598877,9.305581092834473,15.622682571411133,47.76089859008789
10067.5,11.401471138000488,14.828104019165039,15.62170696258545,47.55059814453125
10069.0,15.285429000854492,18.226242065429688,15.62148666381836,47.55048370361328
10070.5,13.693543434143066,14.891803741455078,15.621644020080566,47.55056381225586
10072.0,13.227373123168945,14.486263275146484,15.621894836425781,47.55069351196289
10073.5,15.636143684387207,18.476943969726562,15.622139930725098,47.550819396972656
10075.0,18.65505027770996,23.611896514892578,15.622082710266113,47.55079650878906
10076.5,19.832111358642578,24.524824142456055,15.621694564819336,47.55059051513672
10078.0,19.099098205566406,22.145105361938477,15.621349334716797,47.55039978027344
10079.5,19.857208251953125,22.81795883178711,15.6211519241333,47.55030059814453
10081.0,25.407176971435547,30.48512840270996,15.62121295928955,47.55032730102539
10082.5,23.1351318359375,26.69832420349121,15.62213134765625,47.55080032348633
10084.0,9.687715530395508,11.591230392456055,15.625386238098145,47.76224899291992
10085.5,3.4682867527008057,4.418877124786377,15.628959655761719,47.7640380859375
10087.0,3.368058681488037,5.663496017456055,15.628705024719238,47.7639274597168
10088.5,7.9991135597229,11.117317199707031,15.62437629699707,47.76177215576172
10090.0,17.19178009033203,21.508975982666016,15.653783798217773,47.770938873291016
10091.5,16.936683654785156,20.268699645996094,15.653231620788574,47.57138442993164
10093.0,14.272320747375488,16.08284568786621,15.653125762939453,47.57132339477539
10094.5,13.232208251953125,14.404342651367188,15.65310287475586,47.571311950683594
10096.0,13.132612228393555,14.165210723876953,15.653090476989746,47.57130432128906
10097.5,13.544966697692871,15.052270889282227,15.6531343460083,47.571327209472656
10099.0,13.725336074829102,15.621679306030273,15.621231079101562,47.560855865478516
10100.5,14.23048210144043,16.134214401245117,15.62134838104248,47.5609130859375
10102.0,16.947587966918945,19.3071346282959,15.621397972106934,47.62397003173828
10103.5,17.01532745361328,18.882518768310547,15.62173080444336,47.63463592529297
10105.0,12.048582077026367,13.70313549041748,15.623249053955078,47.666900634765625
10106.5,7.897424697875977,9.261767387390137,15.624946594238281,47.688716888427734
10108.0,7.7980170249938965,10.390328407287598,15.624709129333496,47.59416580200195
10109.5,12.473587036132812,16.970813751220703,15.622993469238281,47.593284606933594
10111.0,17.52660369873047,21.555252075195312,15.621525764465332,47.592525482177734
10112.5,15.226921081542969,17.27391815185547,15.621233940124512,47.592376708984375
10114.0,13.335396766662598,14.406951904296875,15.621174812316895,47.592350006103516
10115.5,15.325026512145996,17.010517120361328,15.621167182922363,47.59234619140625
10117.0,17.081180572509766,19.63475799560547,15.621167182922363,47.59234619140625
10118.5,15.524280548095703,17.348182678222656,15.621208190917969,47.592369079589844
10120.0,14.658754348754883,16.255168914794922,15.621293067932129,47.59241485595703
10121.5,20.893470764160156,24.645553588867188,15.621316909790039,47.5819206237793
10123.0,27.80831527709961,33.55378341674805,15.621649742126465,47.582088470458984
10124.5,19.08075523376465,22.925853729248047,15.62437915802002,47.81404113769531
10126.0,5.828127384185791,7.776238441467285,15.630986213684082,47.64983367919922
10127.5,2.1918110847473145,3.1212544441223145,15.633846282958984,47.588401794433594
10129.0,4.367708206176758,8.20508861541748,15.631550788879395,47.81766891479492
10130.5,15.708584785461426,19.825237274169922,15.624341011047363,47.79314422607422
10132.0,21.301115036010742,25.98912811279297,15.62190055847168,47.56120681762695
10133.5,13.23855972290039,15.059090614318848,15.621663093566895,47.56107711791992
10135.0,12.797525405883789,13.814525604248047,15.621750831604004,47.56111526489258
10136.5,15.683694839477539,17.231412887573242,15.621780395507812,47.56112289428711
10138.0,15.851263046264648,18.283843994140625,15.6216459274292,47.56106185913086
10139.5,14.651418685913086,17.014570236206055,15.621485710144043,47.56098175048828
10141.0,14.526168823242188,16.161781311035156,15.621421813964844,47.57146072387695
10142.5,13.671303749084473,14.73808765411377,15.621421813964844,47.57146072387695
10144.0,12.459329605102539,13.526941299438477,15.621500015258789,47.57149887084961
10145.5,12.954809188842773,14.20722770690918,15.621770858764648,47.57164001464844
10147.0,14.932731628417969,16.55551528930664,15.62207317352295,47.5717887878418
10148.5,16.196369171142578,17.862857818603516,15.622200012207031,47.57185363769531
10150.0,17.47135353088379,19.992816925048828,15.622264862060547,47.5718879699707
10151.5,18.638011932373047,20.976356506347656,15.62247085571289,47.56148147583008
10153.0,15.851518630981445,17.83306121826172,15.622894287109375,47.56168746948242
10154.5,8.910240173339844,10.387776374816895,15.624743461608887,47.56262969970703
10156.0,7.637913703918457,8.638452529907227,15.627036094665527,47.563804626464844
10157.5,8.477861404418945,10.29861068725586,15.626097679138184,47.563331604003906
10159.0,12.16269302368164,15.503263473510742,15.624048233032227,47.5622673034668
10160.5,15.083247184753418,18.859560012817383,15.623516082763672,47.562007904052734
10162.0,19.105243682861328,23.766239166259766,15.6237154006958,47.56211853027344
10163.5,20.5673770904541,24.53993797302246,15.623285293579102,47.6878776550293
10165.0,21.016857147216797,24.38076400756836,15.622840881347656,47.68769073486328
10166.5,19.121856689453125,21.46988868713379,15.622803688049316,47.68766403198242
10168.0,16.55376625061035,19.52530288696289,15.622896194458008,47.687721252441406
10169.5,19.933563232421875,23.958267211914062,15.623069763183594,47.687828063964844
10171.0,27.990901947021484,33.805152893066406,15.623515129089355,47.688072204589844
10172.5,18.724746704101562,23.078861236572266,15.627360343933105,47.68997573852539
10174.0,7.373478889465332,9.453786849975586,15.639137268066406,47.56986999511719
10175.5,3.267564296722412,4.099125862121582,15.64291000366211,47.571685791015625
10177.0,7.907127857208252,13.303421974182129,15.636749267578125,47.56868362426758
10178.5,28.19839859008789,38.306304931640625,15.627084732055664,47.563785552978516
10291.0,1.2507613897323608,3.406400203704834,15.715554237365723,47.608428955078125
10292.5,24.715234756469727,42.553924560546875,15.667632102966309,47.58427810668945
10294.0,59.486968994140625,83.64488983154297,15.639369010925293,47.569984436035156
10295.5,27.611589431762695,34.629241943359375,15.635183334350586,47.567874908447266
10297.0,8.132736206054688,9.881861686706543,15.640311241149902,47.570438385009766
10298.5,3.627213716506958,4.90126895904541,15.650432586669922,47.57566452026367
10300.0,4.553190231323242,6.029178619384766,15.651261329650879,47.576194763183594
10301.5,19.005325317382812,24.524600982666016,15.641483306884766,47.57111358642578
10303.0,36.18434143066406,48.184810638427734,15.631819725036621,47.56614685058594
10304.5,30.194683074951172,39.44696044921875,15.628373146057129,47.56440353393555
10306.0,20.344287872314453,24.462860107421875,15.62750244140625,47.56398391723633
10307.5,17.520214080810547,19.890565872192383,15.62778091430664,47.56411361694336
10309.0,19.165630340576172,22.07291030883789,15.62814998626709,47.56429672241211
10310.5,16.223976135253906,18.204954147338867,15.630288124084473,47.565399169921875
10312.0,13.730216979980469,15.158163070678711,15.633316993713379,47.56691360473633
10313.5,16.05398941040039,18.58386993408203,15.63383960723877,47.56718444824219
10315.0,23.52834701538086,28.848936080932617,15.631414413452148,47.56598663330078
10316.5,24.332557678222656,32.86880874633789,15.628708839416504,47.56465148925781
10318.0,18.610088348388672,22.43682861328125,15.627701759338379,47.564090728759766
10319.5,17.378902435302734,19.77340316772461,15.62758731842041,47.56404113769531
10321.0,19.444622039794922,23.052345275878906,15.627632141113281,47.564064025878906
10322.5,19.248817443847656,23.644025802612305,15.627779960632324,47.564125061035156
10324.0,17.5372314453125,20.562381744384766,15.62804126739502,47.56425094604492
10325.5,16.173877716064453,18.354415893554688,15.6284818649292,47.564449310302734
10327.0,15.935771942138672,18.967376708984375,15.628962516784668,47.564697265625
10328.5,16.963680267333984,20.574113845825195,15.630053520202637,47.565242767333984
10330.0,21.303665161132812,24.646865844726562,15.63121223449707,47.56581497192383
10331.5,22.812572479248047,26.409334182739258,15.631291389465332,47.56585693359375
10333.0,19.35828971862793,23.803470611572266,15.630331039428711,47.56538391113281
10334.5,15.593208312988281,18.542144775390625,15.629413604736328,47.564937591552734
10336.0,17.134572982788086,19.40774154663086,15.62912654876709,47.56476974487305
10337.5,23.509733200073242,26.710527420043945,15.629284858703613,47.56483459472656
10339.0,31.45423698425293,38.16961669921875,15.629552841186523,47.56498336791992
10340.5,28.281612396240234,34.38555908203125,15.630663871765137,47.5655517578125
10342.0,25.111347198486328,29.910383224487305,15.632762908935547,47.56660079956055
10343.5,28.71288299560547,37.46968078613281,15.633854866027832,47.56715393066406
10345.0,36.09440612792969,47.40796661376953,15.633186340332031,47.566810607910156
10346.5,28.048877716064453,33.61338424682617,15.633312225341797,47.56687927246094
10348.0,14.635422706604004,16.933639526367188,15.638404846191406,47.569427490234375
10349.5,7.448376655578613,9.576841354370117,15.650809288024902,47.57563400268555
10351.0,9.018383979797363,11.838624954223633,15.657662391662598,47.579132080078125
