WAVE,FLUX_1RE,FLUX_FoV,ERROR_1RE,ERROR_FoV
3622.0,1.9819495677947998,17.10590934753418,0.049783855676651,47.30953598022461
3623.5,1.6294376850128174,14.170063972473145,0.048620082437992096,47.30947494506836
3625.0,1.1320064067840576,14.978841781616211,0.0467773973941803,47.31999588012695
3626.5,0.9334867000579834,10.1964111328125,0.04566344991326332,47.319923400878906
3628.0,1.153487205505371,13.608660697937012,0.04604062810540199,47.31986999511719
3629.5,1.6120717525482178,12.83880615234375,0.04776160791516304,47.31987380981445
3631.0,1.4809982776641846,15.116813659667969,0.04832015931606293,47.31999206542969
3737.5,1.510308027267456,12.517415046691895,0.030710339546203613,47.41373062133789
3739.0,1.4580508470535278,13.22074031829834,0.031580571085214615,47.41378402709961
3740.5,1.37015962600708,9.929462432861328,0.03187565878033638,47.413814544677734
3742.0,1.0028873682022095,12.871000289916992,0.030539575964212418,47.413795471191406
3743.5,1.1800291538238525,11.203115463256836,0.030061641708016396,47.403194427490234
3745.0,1.3414137363433838,13.119585037231445,0.029041776433587074,47.41366958618164
3746.5,1.2015260457992554,10.303218841552734,0.028167257085442543,47.413639068603516
3748.0,1.293548583984375,15.265798568725586,0.02837996929883957,47.41364288330078
3749.5,1.3044925928115845,9.496760368347168,0.027192622423171997,47.41358184814453
3751.0,1.087850570678711,14.030000686645508,0.02736728824675083,47.413604736328125
3752.5,1.2235407829284668,10.382261276245117,0.027105703949928284,47.41359329223633
3754.0,1.1192854642868042,11.023284912109375,0.025930853560566902,47.41353988647461
3755.5,1.310045838356018,11.122467041015625,0.02730465680360794,47.413597106933594
3757.0,1.4068880081176758,11.790987968444824,0.02717852219939232,47.40303039550781
3758.5,1.2964249849319458,10.276362419128418,0.02548266015946865,47.4029655456543
3760.0,1.3858169317245483,14.251112937927246,0.025951368734240532,47.40297317504883
3761.5,1.2115849256515503,9.032243728637695,0.025120630860328674,47.40296173095703
3763.0,1.2506459951400757,11.30803108215332,0.024112582206726074,47.402923583984375
3764.5,1.2260645627975464,8.943612098693848,0.02418545074760914,47.402915954589844
3766.0,1.3304708003997803,8.727485656738281,0.024901067838072777,47.40292739868164
3767.5,1.3060345649719238,10.69819450378418,0.024312881752848625,47.40291213989258
3769.0,1.6022454500198364,12.402398109436035,0.024352610111236572,47.39234161376953
3770.5,1.5279676914215088,9.86500358581543,0.024168485775589943,47.392333984375
3772.0,1.4402563571929932,11.686758041381836,0.024687835946679115,47.392372131347656
3773.5,1.259570837020874,8.229873657226562,0.02500034123659134,47.392398834228516
3775.0,1.5589643716812134,9.233028411865234,0.025306235998868942,47.39238357543945
3776.5,1.2619001865386963,7.7707037925720215,0.02419094368815422,47.39236831665039
3778.0,1.0853770971298218,9.00279426574707,0.023720957338809967,47.39236831665039
3779.5,1.4005776643753052,11.260756492614746,0.02415015734732151,47.40290832519531
3781.0,1.2729047536849976,8.494542121887207,0.023237770423293114,47.40288162231445
3782.5,1.2768058776855469,8.830533027648926,0.02304341085255146,47.40287780761719
3784.0,1.4548454284667969,10.029377937316895,0.023172521963715553,47.402862548828125
3785.5,1.4498686790466309,9.717625617980957,0.023756714537739754,47.40289306640625
3787.0,1.343268871307373,10.455741882324219,0.022948330268263817,47.402870178222656
3788.5,1.2498178482055664,8.909930229187012,0.021609900519251823,47.39228820800781
3790.0,1.1887646913528442,10.21296501159668,0.021572936326265335,47.392303466796875
3791.5,1.2602487802505493,8.855050086975098,0.0226901862770319,47.38178634643555
3793.0,1.169037938117981,10.54417610168457,0.022737881168723106,47.381797790527344
3794.5,1.23353910446167,9.520797729492188,0.02229827456176281,47.38178253173828
3796.0,1.5138516426086426,13.698689460754395,0.022771265357732773,47.36066818237305
3797.5,1.3059645891189575,9.666187286376953,0.021694371476769447,47.371192932128906
3799.0,1.4102340936660767,9.982234954833984,0.021059563383460045,47.37116622924805
3800.5,1.3608756065368652,9.519209861755371,0.0212266743183136,47.38172149658203
3802.0,1.3876796960830688,11.65156364440918,0.021663900464773178,47.371185302734375
3803.5,1.3423861265182495,9.091654777526855,0.02130596525967121,47.371177673339844
3805.0,1.4870915412902832,12.305927276611328,0.021260235458612442,47.3817253112793
3806.5,1.3926790952682495,8.944719314575195,0.02074853517115116,47.39225387573242
3808.0,1.4326831102371216,10.621513366699219,0.02045339345932007,47.39224624633789
3809.5,1.397286057472229,8.393680572509766,0.020350158214569092,47.402793884277344
3811.0,1.4487292766571045,11.12147045135498,0.02036760374903679,47.40279006958008
3812.5,1.5311414003372192,8.754780769348145,0.02078465186059475,47.41333770751953
3814.0,1.3431063890457153,10.879953384399414,0.020948609337210655,47.41337203979492
3815.5,1.3956942558288574,9.447441101074219,0.021622417494654655,47.413387298583984
3817.0,1.4882467985153198,11.370987892150879,0.021576952189207077,47.41337585449219
3818.5,1.4358000755310059,9.123475074768066,0.02136942744255066,47.41336441040039
3820.0,1.5411721467971802,12.002216339111328,0.020920295268297195,47.41334915161133
3821.5,1.425570011138916,10.137100219726562,0.02064037322998047,47.41333770751953
3823.0,1.484135389328003,10.077428817749023,0.020757755264639854,47.423885345458984
3824.5,1.3928630352020264,9.320833206176758,0.020371122285723686,47.42387771606445
3826.0,1.0998998880386353,8.708688735961914,0.019365724176168442,47.423858642578125
3827.5,1.3115140199661255,8.215015411376953,0.019906383007764816,47.423866271972656
3829.0,1.2766284942626953,11.609502792358398,0.021297669038176537,47.42392349243164
3830.5,1.2162648439407349,10.176534652709961,0.02273724414408207,47.42398452758789
3832.0,1.4556787014007568,11.467127799987793,0.023501142859458923,47.42399978637695
4289.5,2.1159932613372803,10.875944137573242,0.01368806418031454,47.51849365234375
4291.0,2.184502124786377,11.690372467041016,0.013623872771859169,47.51849365234375
4292.5,2.1098315715789795,10.751213073730469,0.013835985213518143,47.51850128173828
4294.0,2.2755143642425537,12.616047859191895,0.01414758525788784,47.51850128173828
4295.5,2.152022361755371,11.522538185119629,0.014006424695253372,47.51850128173828
4297.0,2.24845552444458,12.53335952758789,0.014050276950001717,47.51850128173828
4298.5,2.1683871746063232,11.692975997924805,0.013867693021893501,47.529022216796875
4300.0,2.2234997749328613,12.653261184692383,0.01383309718221426,47.529022216796875
4301.5,2.291287899017334,11.966629028320312,0.01384693756699562,47.529014587402344
4303.0,2.349654197692871,13.051666259765625,0.013754748739302158,47.529014587402344
4304.5,2.2941367626190186,11.990814208984375,0.013726555742323399,47.53953552246094
4306.0,2.25588059425354,12.784729957580566,0.013772050850093365,47.53953552246094
4307.5,2.075995445251465,11.168314933776855,0.013573198579251766,47.5395393371582
4309.0,2.272062063217163,13.232375144958496,0.013988100923597813,47.53954315185547
4310.5,2.240394353866577,11.808363914489746,0.014116699807345867,47.5500602722168
4312.0,2.2879443168640137,12.25912857055664,0.014115660451352596,47.5500602722168
4313.5,2.344902992248535,12.418439865112305,0.014405318535864353,47.55006408691406
4315.0,2.3564538955688477,13.109950065612793,0.014782032929360867,47.55007553100586
4316.5,2.271646022796631,12.37934684753418,0.014700217172503471,47.55007553100586
4318.0,2.2099742889404297,12.288300514221191,0.01452308613806963,47.550071716308594
4319.5,2.2727761268615723,12.700899124145508,0.014475134201347828,47.550071716308594
4321.0,2.259071111679077,12.521810531616211,0.014502793550491333,47.560585021972656
4322.5,2.4066431522369385,13.664283752441406,0.014621180482208729,47.560585021972656
4324.0,2.4024155139923096,13.55941104888916,0.01424778625369072,47.560569763183594
4325.5,2.294179916381836,12.48501968383789,0.01397627778351307,47.571083068847656
4327.0,2.2899084091186523,12.102029800415039,0.014233045279979706,47.57108688354492
4328.5,2.3874361515045166,12.576489448547363,0.014264889061450958,47.58159255981445
4330.0,2.3420774936676025,13.728791236877441,0.014142580330371857,47.58159255981445
4331.5,2.3380391597747803,12.1353120803833,0.014130199328064919,47.59210205078125
4333.0,2.3075456619262695,13.441304206848145,0.01411981787532568,47.592098236083984
4334.5,2.285081386566162,12.570892333984375,0.014009070582687855,47.58159255981445
4336.0,2.146083116531372,12.086908340454102,0.013904149644076824,47.58159255981445
4337.5,2.1727871894836426,11.979326248168945,0.013914386741816998,47.58159255981445
4339.0,2.1623470783233643,13.6734619140625,0.013761339709162712,47.58159255981445
4340.5,2.225224733352661,11.269523620605469,0.013781708665192127,47.58159255981445
4342.0,2.131772756576538,11.574538230895996,0.013739153742790222,47.58159255981445
4343.5,2.2271366119384766,12.502174377441406,0.013963422738015652,47.58159255981445
4345.0,2.286999225616455,13.161981582641602,0.01417518686503172,47.58159637451172
4346.5,2.340087413787842,12.677812576293945,0.014248907566070557,47.58159637451172
4348.0,2.3291287422180176,13.444826126098633,0.014419261366128922,47.59210968017578
4349.5,2.2981150150299072,13.342090606689453,0.014498602598905563,47.60261535644531
4351.0,2.272695779800415,11.563643455505371,0.01438782550394535,47.60261154174805
4352.5,2.234546184539795,11.522073745727539,0.014064752496778965,47.602603912353516
4354.0,2.3306217193603516,12.474372863769531,0.01409219577908516,47.602603912353516
4355.5,2.322661876678467,13.11976432800293,0.014274843037128448,47.60260772705078
4357.0,2.3657689094543457,13.008163452148438,0.01525493897497654,47.602630615234375
4358.5,2.3510007858276367,15.877416610717773,0.018955446779727936,47.60273742675781
4360.0,2.29125714302063,18.683103561401367,0.020694751292467117,47.602806091308594
4361.5,2.237884283065796,11.455668449401855,0.017252720892429352,47.60268783569336
4363.0,2.042681932449341,12.566071510314941,0.014675195328891277,47.60262680053711
4364.5,2.1745903491973877,12.246370315551758,0.014131363481283188,47.60261154174805
4366.0,2.233755588531494,12.650640487670898,0.013964543119072914,47.602603912353516
4367.5,2.284193992614746,12.809215545654297,0.014116167090833187,47.60260772705078
4369.0,2.2864770889282227,11.964149475097656,0.014215297996997833,47.592105865478516
4370.5,2.2276089191436768,12.577873229980469,0.014075148850679398,47.59210205078125
4372.0,2.3988258838653564,14.178518295288086,0.013977060094475746,47.592098236083984
4373.5,2.417095422744751,11.785172462463379,0.014034242369234562,47.59209442138672
4375.0,2.322129249572754,12.016813278198242,0.014106739312410355,47.592098236083984
4376.5,2.272871971130371,11.729944229125977,0.014112778007984161,47.59210205078125
4378.0,2.2540290355682373,12.660420417785645,0.014163822866976261,47.592105865478516
4379.5,2.1864800453186035,11.697298049926758,0.0138419633731246,47.59210205078125
4381.0,2.177935838699341,13.460071563720703,0.013650487177073956,47.592098236083984
4382.5,2.163320541381836,11.86070442199707,0.013639440760016441,47.592098236083984
4384.0,2.350322961807251,13.239542007446289,0.013728536665439606,47.59209442138672
4385.5,2.2299885749816895,11.880361557006836,0.013509823940694332,47.58158493041992
4387.0,2.223294973373413,12.629886627197266,0.013589154928922653,47.58158493041992
4388.5,2.3974616527557373,13.210538864135742,0.013824732974171638,47.58158493041992
4390.0,2.1798105239868164,11.90383243560791,0.013431473635137081,47.58158493041992
4391.5,2.0474679470062256,11.023355484008789,0.013243515975773335,47.58158493041992
4393.0,2.010104179382324,12.095312118530273,0.013232970610260963,47.58158874511719
4394.5,2.0618443489074707,11.486459732055664,0.01343712117522955,47.58158874511719
4396.0,2.2989320755004883,12.265317916870117,0.013770073652267456,47.58158874511719
4397.5,2.33467435836792,12.295719146728516,0.013772957026958466,47.58158874511719
4399.0,2.261552095413208,12.763687133789062,0.013672773726284504,47.58158874511719
4400.5,2.2261881828308105,11.988126754760742,0.013738208450376987,47.58159255981445
4402.0,2.2196121215820312,11.36931037902832,0.013956626877188683,47.58159637451172
4403.5,2.2049474716186523,11.760601997375488,0.014032096602022648,47.581600189208984
4405.0,2.1075713634490967,12.161123275756836,0.013944942504167557,47.59210968017578
4406.5,2.1577491760253906,11.040400505065918,0.014184132218360901,47.59211349487305
4408.0,2.205735683441162,11.618526458740234,0.014337333850562572,47.59211349487305
4409.5,2.2363295555114746,12.089178085327148,0.014481975696980953,47.59211349487305
4411.0,2.420609474182129,12.407307624816895,0.014621726237237453,47.59211349487305
4412.5,2.3433926105499268,12.313636779785156,0.014520755968987942,47.59211349487305
4414.0,2.260896921157837,11.748876571655273,0.014477319084107876,47.59211730957031
4415.5,2.2505528926849365,12.355396270751953,0.014307660982012749,47.60261917114258
4417.0,2.267791271209717,12.894495010375977,0.014448518864810467,47.602622985839844
4418.5,2.156949996948242,11.66715145111084,0.014235819689929485,47.613121032714844
4420.0,2.2053825855255127,12.286808013916016,0.01415172778069973,47.61311721801758
4421.5,2.197772741317749,11.895191192626953,0.014356454834342003,47.613121032714844
4423.0,2.1015214920043945,11.583501815795898,0.014198917895555496,47.60261917114258
4424.5,2.2915163040161133,11.847074508666992,0.014185312204062939,47.60261154174805
4426.0,2.1938512325286865,13.025335311889648,0.014146211557090282,47.60261535644531
4427.5,2.21722149848938,11.605463027954102,0.014247579500079155,47.60261917114258
4429.0,2.0172524452209473,11.373760223388672,0.01386998500674963,47.60261154174805
4430.5,2.221774101257324,11.406649589538574,0.01390885841101408,47.60260772705078
4432.0,2.3495535850524902,12.561779022216797,0.014069441705942154,47.60260772705078
4433.5,2.27872633934021,12.807302474975586,0.014116293750703335,47.61310958862305
4435.0,2.373331308364868,13.610289573669434,0.013965914957225323,47.61310958862305
4436.5,2.1859803199768066,11.185397148132324,0.01359835360199213,47.613101959228516
4438.0,2.1655502319335938,12.319833755493164,0.013755563646554947,47.61310958862305
4439.5,2.1061205863952637,11.20371150970459,0.013910165056586266,47.61311721801758
4441.0,2.044888734817505,11.146459579467773,0.013809104450047016,47.61311340332031
4442.5,2.1483874320983887,12.238471031188965,0.013681971468031406,47.61310577392578
4444.0,2.18212890625,11.255182266235352,0.013631482608616352,47.613101959228516
4445.5,2.3116493225097656,11.437491416931152,0.013927890919148922,47.61310577392578
4447.0,2.1501221656799316,11.56643295288086,0.013940447941422462,47.61310958862305
4448.5,2.2780489921569824,11.850156784057617,0.013905520550906658,47.61310958862305
4450.0,2.2007038593292236,11.671536445617676,0.013601664453744888,47.61310577392578
4451.5,2.2472290992736816,11.920780181884766,0.013723250478506088,47.61310577392578
4453.0,2.18981671333313,12.307455062866211,0.013540183193981647,47.61310577392578
4454.5,2.1879050731658936,11.220069885253906,0.013340890407562256,47.61309814453125
4456.0,2.0945663452148438,11.322288513183594,0.013178694993257523,47.61309814453125
4457.5,2.1086020469665527,11.464651107788086,0.013099073432385921,47.62359619140625
4459.0,2.010859727859497,10.560457229614258,0.013021908700466156,47.62359619140625
4460.5,2.071415901184082,10.842082977294922,0.01301906444132328,47.613094329833984
4462.0,2.0808565616607666,10.517645835876465,0.013111497275531292,47.613094329833984
4463.5,2.0725228786468506,10.248950958251953,0.01308757346123457,47.613094329833984
4465.0,2.046297311782837,10.993090629577637,0.013078143820166588,47.613101959228516
4466.5,2.0553152561187744,10.323782920837402,0.013159654103219509,47.602596282958984
4468.0,1.9413421154022217,11.36264419555664,0.012877256609499454,47.602596282958984
4469.5,1.9345539808273315,10.052111625671387,0.012884044088423252,47.602596282958984
4471.0,1.9127576351165771,10.429641723632812,0.012756256386637688,47.60259246826172
4472.5,1.9866102933883667,10.991161346435547,0.012830288149416447,47.60259246826172
4474.0,2.0530190467834473,11.258810043334961,0.013040605001151562,47.602596282958984
4475.5,1.9378858804702759,10.465923309326172,0.01303296722471714,47.602596282958984
4477.0,1.9316200017929077,10.849560737609863,0.013003695756196976,47.602596282958984
4478.5,1.927154302597046,10.939456939697266,0.012856198474764824,47.602596282958984
4480.0,1.9516608715057373,10.525152206420898,0.01276463270187378,47.60259246826172
4481.5,1.96957528591156,10.836628913879395,0.012687877751886845,47.60258865356445
4483.0,1.9798650741577148,10.64531421661377,0.01275944709777832,47.60258865356445
4484.5,2.0147202014923096,11.235790252685547,0.01288321241736412,47.602596282958984
4486.0,2.1616549491882324,12.925658226013184,0.013143709860742092,47.602596282958984
4487.5,2.169628381729126,12.04072380065918,0.013130317442119122,47.602596282958984
4489.0,2.1509768962860107,10.973041534423828,0.013007896952331066,47.60259246826172
4490.5,2.1498165130615234,10.883665084838867,0.012895719148218632,47.60259246826172
4492.0,2.0668866634368896,11.377714157104492,0.012910972349345684,47.60259246826172
4493.5,2.0633506774902344,11.211166381835938,0.012926314026117325,47.61309814453125
4495.0,1.9147933721542358,11.107646942138672,0.012746294029057026,47.613101959228516
4496.5,1.902819037437439,9.636356353759766,0.012806595303118229,47.613101959228516
4498.0,1.9808801412582397,12.189983367919922,0.012847080826759338,47.613101959228516
4499.5,2.062903642654419,10.715662002563477,0.012999982573091984,47.623600006103516
4501.0,2.001047372817993,11.55528450012207,0.012953449971973896,47.623600006103516
4502.5,1.8771916627883911,10.047216415405273,0.01261226274073124,47.62359619140625
4504.0,1.88368821144104,11.423969268798828,0.012598634697496891,47.613094329833984
4505.5,1.8126438856124878,9.752603530883789,0.012510225176811218,47.61309814453125
4507.0,1.6797561645507812,10.517375946044922,0.012354101054370403,47.61309814453125
4508.5,1.598657250404358,9.253867149353027,0.012232440523803234,47.613094329833984
4510.0,2.074371814727783,11.168925285339355,0.012890124693512917,47.613094329833984
4511.5,2.4962568283081055,12.232807159423828,0.0134538309648633,47.613094329833984
4513.0,2.081759452819824,11.199931144714355,0.012832671403884888,47.613094329833984
4514.5,1.6892850399017334,9.29801082611084,0.012176090851426125,47.613094329833984
4516.0,1.5558842420578003,8.90098762512207,0.01190781407058239,47.623592376708984
4517.5,1.7823033332824707,9.351371765136719,0.012189783155918121,47.623592376708984
4519.0,1.8683935403823853,9.050674438476562,0.012388535775244236,47.62358856201172
4520.5,1.8873852491378784,9.904426574707031,0.012345465831458569,47.623592376708984
4522.0,1.8140819072723389,11.02743911743164,0.012309171259403229,47.62359619140625
4523.5,1.8436949253082275,9.647406578063965,0.012451989576220512,47.64459228515625
4525.0,1.9607667922973633,11.380622863769531,0.01255524531006813,47.644588470458984
4526.5,2.051800489425659,10.656698226928711,0.012703669257462025,47.644588470458984
4528.0,2.2138240337371826,11.44736099243164,0.013012200593948364,47.644588470458984
4529.5,2.110358953475952,11.873884201049805,0.012958661653101444,47.62359619140625
4531.0,2.0917418003082275,10.825990676879883,0.012952689081430435,47.62359619140625
4532.5,2.1523513793945312,11.217233657836914,0.01316156703978777,47.623600006103516
4534.0,2.2466962337493896,11.69749927520752,0.013406065292656422,47.613101959228516
4535.5,2.3407444953918457,12.155401229858398,0.01340960618108511,47.613101959228516
4537.0,2.2460882663726807,11.665645599365234,0.013336341828107834,47.613101959228516
4538.5,2.168316602706909,11.825935363769531,0.013183063827455044,47.613101959228516
4540.0,2.143481969833374,11.897665977478027,0.013083472847938538,47.613101959228516
4541.5,2.2334423065185547,12.696746826171875,0.013136462308466434,47.613101959228516
4543.0,2.279050588607788,12.109491348266602,0.01324835792183876,47.613101959228516
4544.5,2.153898239135742,11.2868070602417,0.013249218463897705,47.613101959228516
4546.0,2.138709783554077,11.167610168457031,0.013202588073909283,47.613101959228516
4547.5,2.1374001502990723,11.130170822143555,0.013155515305697918,47.613101959228516
4549.0,2.074265480041504,11.355657577514648,0.01305259857326746,47.613101959228516
4550.5,2.2580366134643555,11.401288986206055,0.013087442144751549,47.62359619140625
4552.0,2.1803646087646484,11.66357421875,0.013026393949985504,47.62359619140625
4553.5,2.112884759902954,11.674853324890137,0.012946619652211666,47.623600006103516
4555.0,2.0974156856536865,11.6300048828125,0.012904750183224678,47.63409423828125
4556.5,1.914130449295044,10.2548828125,0.012430427595973015,47.634090423583984
4558.0,1.8923307657241821,11.2628173828125,0.012332572601735592,47.634090423583984
4559.5,2.0838751792907715,10.720466613769531,0.01271639671176672,47.63409423828125
4561.0,2.115891456604004,12.272732734680176,0.01282520778477192,47.63409423828125
4562.5,2.091256618499756,10.918177604675293,0.012657816521823406,47.634090423583984
4564.0,2.0526106357574463,10.534867286682129,0.012640238739550114,47.64458465576172
4565.5,2.1453657150268555,10.86345386505127,0.01263226568698883,47.64458465576172
4567.0,2.1375880241394043,10.776023864746094,0.012629822827875614,47.64458084106445
4568.5,2.035724401473999,10.818830490112305,0.012486804276704788,47.64458465576172
4570.0,2.196584463119507,12.626546859741211,0.01272414531558752,47.64458465576172
4571.5,2.216285228729248,11.221113204956055,0.012862312607467175,47.64458465576172
4573.0,2.1627585887908936,11.958454132080078,0.012662962079048157,47.64458084106445
4574.5,2.1481099128723145,11.716161727905273,0.012599984183907509,47.64458084106445
4576.0,2.180095672607422,11.454803466796875,0.012677141465246677,47.64458465576172
4577.5,2.090545654296875,10.676424026489258,0.012637818232178688,47.63408660888672
4579.0,2.063314914703369,10.481454849243164,0.012592240236699581,47.634090423583984
4580.5,2.066067934036255,11.06679916381836,0.012737633660435677,47.63409423828125
4582.0,2.11985445022583,11.269330978393555,0.012900464236736298,47.63409423828125
4583.5,2.1798603534698486,11.043819427490234,0.012884263880550861,47.62359619140625
4585.0,2.2341315746307373,11.327190399169922,0.012860593385994434,47.634090423583984
4586.5,2.104804515838623,11.653219223022461,0.012626862153410912,47.63408660888672
4588.0,2.2040176391601562,11.981756210327148,0.012736714445054531,47.63408660888672
4589.5,2.035426378250122,11.68248462677002,0.012502841651439667,47.634090423583984
4591.0,2.078451633453369,11.476853370666504,0.012548092752695084,47.634090423583984
4592.5,2.169203042984009,11.232572555541992,0.012587136588990688,47.63408660888672
4594.0,2.2376675605773926,11.75286865234375,0.01270307321101427,47.63408660888672
4595.5,2.1730237007141113,10.675285339355469,0.012617931701242924,47.64458084106445
4597.0,2.091956377029419,11.160762786865234,0.012362915091216564,47.64458084106445
4598.5,2.1845715045928955,11.688945770263672,0.012511258944869041,47.64458084106445
4600.0,2.169118642807007,11.469053268432617,0.012601764872670174,47.64458465576172
4601.5,2.204392671585083,10.74567699432373,0.01248263567686081,47.64457702636719
4603.0,2.1343767642974854,11.701719284057617,0.012288111262023449,47.63408279418945
4604.5,2.169614315032959,11.775718688964844,0.012359410524368286,47.63408660888672
4606.0,2.2437243461608887,11.92004108428955,0.012427223846316338,47.63408279418945
4607.5,2.144639253616333,10.955092430114746,0.012315334752202034,47.63408279418945
4609.0,2.0690934658050537,10.624883651733398,0.01227507833391428,47.63408279418945
4610.5,2.1649327278137207,11.573619842529297,0.012471472844481468,47.63408660888672
4612.0,2.167776584625244,12.051624298095703,0.012464262545108795,47.63408660888672
4613.5,2.259162187576294,11.618255615234375,0.012465852312743664,47.62358856201172
4615.0,2.2614543437957764,13.031566619873047,0.012334652245044708,47.62358474731445
4616.5,2.160135269165039,11.586368560791016,0.012254906818270683,47.63408279418945
4618.0,2.168833017349243,12.074567794799805,0.012282300740480423,47.63408279418945
4619.5,2.1677536964416504,11.034196853637695,0.012265708297491074,47.63408279418945
4621.0,2.225700855255127,12.099159240722656,0.012287696823477745,47.63407897949219
4622.5,2.2627861499786377,11.804062843322754,0.012412616983056068,47.63408279418945
4624.0,2.28405499458313,11.862385749816895,0.012497280724346638,47.62358474731445
4625.5,2.293628692626953,11.134732246398926,0.012484613806009293,47.61308670043945
4627.0,2.214456558227539,12.192621231079102,0.012314530089497566,47.61308670043945
4628.5,2.180264711380005,10.802875518798828,0.012290632352232933,47.62358474731445
4630.0,2.145447254180908,11.963285446166992,0.012138246558606625,47.62358474731445
4631.5,2.137232780456543,10.619718551635742,0.01213937345892191,47.61308288574219
4633.0,2.162797212600708,11.141769409179688,0.012211428955197334,47.61308288574219
4634.5,2.1684439182281494,11.131075859069824,0.012177654542028904,47.61308288574219
4636.0,2.0761940479278564,11.363296508789062,0.012252670712769032,47.61308288574219
4637.5,2.0999231338500977,10.802824020385742,0.012238198891282082,47.61308288574219
4639.0,2.1330134868621826,11.443052291870117,0.012286010198295116,47.61307907104492
4640.5,2.14392352104187,10.861404418945312,0.012323107570409775,47.61308288574219
4642.0,2.17665958404541,11.390670776367188,0.012195217423141003,47.61308288574219
4643.5,2.157118082046509,10.641143798828125,0.01216164417564869,47.61308288574219
4645.0,2.2010843753814697,11.225194931030273,0.012112288735806942,47.61307907104492
4646.5,2.1591508388519287,11.030149459838867,0.011995802633464336,47.61307907104492
4648.0,2.25919246673584,11.085504531860352,0.012086720205843449,47.61307907104492
4649.5,2.2648348808288574,11.811200141906738,0.012160424143075943,47.62358093261719
4651.0,2.3476717472076416,10.749457359313965,0.012351060286164284,47.62358093261719
4652.5,2.2719216346740723,11.468235969543457,0.01229424960911274,47.63407897949219
4654.0,2.314985990524292,12.03365707397461,0.012356655672192574,47.63407897949219
4655.5,2.230041742324829,11.567547798156738,0.012185999192297459,47.64457702636719
4657.0,2.1167049407958984,11.567865371704102,0.012115691788494587,47.64457702636719
4658.5,2.121504068374634,10.85185432434082,0.012351778335869312,47.64458084106445
4660.0,2.125239133834839,11.988130569458008,0.012554699555039406,47.63409423828125
4661.5,2.2501955032348633,11.592606544494629,0.012729376554489136,47.644588470458984
4663.0,2.360689878463745,12.109630584716797,0.01284831389784813,47.64458465576172
4664.5,2.27850604057312,12.524999618530273,0.012699613347649574,47.64458465576172
4666.0,2.283688545227051,11.62678337097168,0.012611410580575466,47.64458465576172
4667.5,2.1909406185150146,11.685018539428711,0.012457085773348808,47.64458465576172
4669.0,2.223926544189453,11.500874519348145,0.01251856330782175,47.63408660888672
4670.5,2.224330186843872,11.345194816589355,0.012589598074555397,47.63408660888672
4672.0,2.246718168258667,11.542069435119629,0.01268688403069973,47.634090423583984
4673.5,2.1441750526428223,11.251806259155273,0.01253887452185154,47.63408660888672
4675.0,2.230686902999878,11.998190879821777,0.012557684443891048,47.623592376708984
4676.5,2.263209581375122,11.78817367553711,0.01269727572798729,47.62358856201172
4678.0,2.312502861022949,12.812345504760742,0.012698972597718239,47.62358856201172
4679.5,2.284209966659546,12.428117752075195,0.012552892789244652,47.62358856201172
4681.0,2.3667402267456055,12.339472770690918,0.01254338026046753,47.62358856201172
4682.5,2.2958321571350098,11.988765716552734,0.012583238072693348,47.63408660888672
4684.0,2.4114553928375244,11.858131408691406,0.012787568382918835,47.64458465576172
4685.5,2.3386073112487793,11.929545402526855,0.012578852474689484,47.64458084106445
4687.0,2.306835889816284,13.034123420715332,0.012531437911093235,47.64458084106445
4688.5,2.3778233528137207,12.345968246459961,0.012511574663221836,47.64458084106445
4690.0,2.2207915782928467,11.634788513183594,0.012377560138702393,47.64457702636719
4691.5,2.286975145339966,11.649030685424805,0.012373789213597775,47.64457702636719
4693.0,2.207029104232788,11.726314544677734,0.012253322638571262,47.64457702636719
4694.5,2.201185464859009,11.170766830444336,0.012177941389381886,47.64457702636719
4696.0,2.1978487968444824,12.722115516662598,0.012182767502963543,47.64457702636719
4697.5,2.236586570739746,11.758749961853027,0.012255598790943623,47.66556167602539
4699.0,2.269111394882202,11.720993041992188,0.012154089286923409,47.665557861328125
4700.5,2.2334794998168945,11.053570747375488,0.01201466005295515,47.67604446411133
4702.0,2.169116497039795,11.03355598449707,0.011935330927371979,47.67604446411133
4703.5,2.1852781772613525,11.1669921875,0.011956148780882359,47.67604446411133
4705.0,2.2096667289733887,11.293291091918945,0.011967257596552372,47.67604446411133
4706.5,2.118941068649292,11.302617073059082,0.011871752329170704,47.67604446411133
4708.0,2.1380362510681152,11.49728012084961,0.011967424303293228,47.67604446411133
4709.5,2.143507719039917,10.933477401733398,0.012009736150503159,47.676048278808594
4711.0,2.1844074726104736,10.930750846862793,0.01209693681448698,47.676048278808594
4712.5,2.0865166187286377,11.16529369354248,0.01196971070021391,47.676048278808594
4714.0,2.217536449432373,11.679936408996582,0.012046835385262966,47.676048278808594
4715.5,2.201204299926758,10.848767280578613,0.01216963678598404,47.676048278808594
4717.0,2.3667736053466797,11.985208511352539,0.012359286658465862,47.676048278808594
4718.5,2.2506659030914307,10.666742324829102,0.012291922233998775,47.676048278808594
4720.0,2.2517783641815186,12.048463821411133,0.01232204306870699,47.67605209350586
4721.5,2.191776752471924,11.432853698730469,0.012177413329482079,47.676048278808594
4723.0,2.140488624572754,11.116739273071289,0.012022203765809536,47.676048278808594
4724.5,2.208735704421997,11.27409553527832,0.012200936675071716,47.676048278808594
4726.0,2.245185136795044,12.371747970581055,0.01229544822126627,47.676048278808594
4727.5,2.1898105144500732,11.74307918548584,0.012137568555772305,47.6865348815918
4729.0,2.2117114067077637,11.114757537841797,0.012197110801935196,47.68653106689453
4730.5,2.2837278842926025,11.072057723999023,0.012350765988230705,47.697017669677734
4732.0,2.1939375400543213,11.28192138671875,0.012211865745484829,47.697017669677734
4733.5,2.1222140789031982,10.420052528381348,0.011975393630564213,47.697017669677734
4735.0,2.105447292327881,10.894109725952148,0.01201329380273819,47.697017669677734
4736.5,2.1606154441833496,11.00870132446289,0.012054252438247204,47.70750045776367
4738.0,2.238894462585449,12.341402053833008,0.012209535576403141,47.70750045776367
4739.5,2.3689651489257812,11.667464256286621,0.012497075833380222,47.70750427246094
4741.0,2.4282355308532715,13.121119499206543,0.012514837086200714,47.70750427246094
4742.5,2.306912422180176,11.462903022766113,0.012367008253932,47.70750427246094
4744.0,2.2573585510253906,11.845966339111328,0.01229385007172823,47.70750427246094
4745.5,2.2379202842712402,11.641464233398438,0.0122900465503335,47.70750427246094
4747.0,2.1942696571350098,10.838739395141602,0.012092920020222664,47.707496643066406
4748.5,2.367128372192383,12.114587783813477,0.012160688638687134,47.69701385498047
4750.0,2.3419289588928223,12.086309432983398,0.012175663374364376,47.69701385498047
4751.5,2.2466254234313965,11.663837432861328,0.011967513710260391,47.69701385498047
4753.0,2.239327907562256,11.609214782714844,0.011994453147053719,47.697017669677734
4754.5,2.262544631958008,11.224924087524414,0.012069887481629848,47.697017669677734
4756.0,2.3385510444641113,12.241315841674805,0.01204779464751482,47.69701385498047
4757.5,2.2714641094207764,11.8662109375,0.01188696175813675,47.6970100402832
4759.0,2.218064785003662,11.628620147705078,0.011754268780350685,47.6970100402832
4760.5,2.1634206771850586,11.195951461791992,0.01166523527354002,47.6970100402832
4762.0,2.130419969558716,11.042607307434082,0.011606864631175995,47.6970100402832
4763.5,2.1786623001098633,10.896100997924805,0.011630534194409847,47.6970100402832
4765.0,2.18930983543396,11.344732284545898,0.011660014279186726,47.6970100402832
4766.5,2.2043025493621826,10.50687313079834,0.011722137220203876,47.6970100402832
4768.0,2.194615602493286,11.439065933227539,0.011674509383738041,47.6970100402832
4769.5,2.2253479957580566,12.110675811767578,0.011695053428411484,47.6970100402832
4771.0,2.192622184753418,11.658828735351562,0.011639569886028767,47.70749282836914
4772.5,2.180180549621582,11.542404174804688,0.011641953140497208,47.70749282836914
4774.0,2.1626205444335938,11.248636245727539,0.011598031036555767,47.6970100402832
4775.5,2.2163126468658447,10.70095443725586,0.01175541989505291,47.6970100402832
4777.0,2.2326810359954834,11.72210693359375,0.011748741380870342,47.6970100402832
4778.5,2.1786653995513916,11.42896842956543,0.01171881053596735,47.6970100402832
4780.0,2.22855281829834,11.8533935546875,0.011855473741889,47.69701385498047
4781.5,2.1693150997161865,11.220037460327148,0.01166224479675293,47.6970100402832
4783.0,2.104640007019043,11.903813362121582,0.01150335744023323,47.686527252197266
4784.5,2.195751428604126,11.36392879486084,0.011564427986741066,47.686527252197266
4786.0,2.198967933654785,11.247507095336914,0.011798105202615261,47.686527252197266
4787.5,2.1946818828582764,11.25230884552002,0.011705669574439526,47.686527252197266
4789.0,2.169832468032837,11.953445434570312,0.011741277761757374,47.686527252197266
4790.5,2.295167922973633,11.753252029418945,0.011883311904966831,47.686527252197266
4792.0,2.266730546951294,12.057774543762207,0.011903719045221806,47.68653106689453
4793.5,2.269587278366089,11.254722595214844,0.012005124241113663,47.686527252197266
4795.0,2.205026865005493,11.58902359008789,0.01168137788772583,47.686527252197266
4796.5,2.2581305503845215,11.89792251586914,0.011763816699385643,47.686527252197266
4798.0,2.3204808235168457,12.397266387939453,0.011823256500065327,47.686527252197266
4799.5,2.2380053997039795,10.836357116699219,0.011742247268557549,47.686527252197266
4801.0,2.1777005195617676,10.688934326171875,0.0116646196693182,47.686527252197266
4802.5,2.254763126373291,11.601552963256836,0.011685305275022984,47.686527252197266
4804.0,2.2954599857330322,12.064359664916992,0.011823408305644989,47.686527252197266
4805.5,2.236724853515625,11.43199348449707,0.011766946874558926,47.68653106689453
4807.0,2.3152999877929688,11.442195892333984,0.011828533373773098,47.68653106689453
4808.5,2.2784035205841064,11.648195266723633,0.011758092790842056,47.686527252197266
4810.0,2.224898338317871,11.662130355834961,0.011658192612230778,47.68653106689453
4811.5,2.279372215270996,11.642213821411133,0.011737233027815819,47.686527252197266
4813.0,2.245448350906372,11.785633087158203,0.011641554534435272,47.68653106689453
4814.5,2.2171382904052734,11.123376846313477,0.011692855507135391,47.68653106689453
4816.0,2.213200807571411,11.202752113342285,0.011786077171564102,47.68653106689453
4817.5,2.2048990726470947,11.500371932983398,0.011878673918545246,47.68653106689453
4819.0,2.2236251831054688,11.251239776611328,0.012032889761030674,47.6865348815918
4820.5,2.2087411880493164,11.080246925354004,0.012007041834294796,47.68653869628906
4822.0,2.1073286533355713,12.134160995483398,0.011963569559156895,47.67605209350586
4823.5,2.176955223083496,10.979567527770996,0.01203220896422863,47.67605209350586
4825.0,2.3069868087768555,11.671175956726074,0.012130571529269218,47.66556167602539
4826.5,2.2650344371795654,11.965278625488281,0.012031903490424156,47.66556167602539
4828.0,2.202394962310791,11.476516723632812,0.011955016292631626,47.665557861328125
4829.5,2.1616594791412354,11.600552558898926,0.011940540745854378,47.66556167602539
4831.0,2.200578212738037,11.212111473083496,0.012000047601759434,47.66556167602539
4832.5,2.1706461906433105,11.774534225463867,0.011881615035235882,47.676048278808594
4834.0,2.109818935394287,11.294599533081055,0.012044919654726982,47.67605209350586
4835.5,2.193747043609619,11.343893051147461,0.012082128785550594,47.67605209350586
4837.0,2.1585466861724854,10.912405014038086,0.01197991706430912,47.65507125854492
4838.5,2.266714572906494,11.516136169433594,0.012129844166338444,47.65507125854492
4840.0,2.1580119132995605,11.050345420837402,0.012206812389194965,47.64458084106445
4841.5,2.306562662124634,11.895590782165527,0.012240967713296413,47.64458084106445
4843.0,2.3243465423583984,12.110865592956543,0.01216401718556881,47.64457702636719
4844.5,2.2812352180480957,11.613746643066406,0.012103533372282982,47.64457702636719
4846.0,2.298619031906128,12.116910934448242,0.012113863602280617,47.64457702636719
4847.5,2.201714515686035,11.01193904876709,0.012012626975774765,47.655067443847656
4849.0,2.1928212642669678,11.40314769744873,0.011938868090510368,47.66556167602539
4850.5,2.21699857711792,11.415050506591797,0.011787361465394497,47.67604446411133
4852.0,2.0994744300842285,11.370611190795898,0.011603344231843948,47.67604446411133
4853.5,2.0880258083343506,10.948328971862793,0.01167193241417408,47.665557861328125
4855.0,2.174553632736206,11.715603828430176,0.01170333195477724,47.644569396972656
4856.5,2.2601521015167236,11.585105895996094,0.011731592006981373,47.644569396972656
4858.0,2.301973819732666,11.703224182128906,0.011658312752842903,47.644569396972656
4859.5,2.260770320892334,11.739055633544922,0.011602739803493023,47.655059814453125
4861.0,2.3336403369903564,11.932014465332031,0.011775819584727287,47.655059814453125
4862.5,2.2849419116973877,12.369515419006348,0.012012161314487457,47.655067443847656
4864.0,2.2389774322509766,11.498198509216309,0.011938412673771381,47.655067443847656
4865.5,2.156165361404419,10.791414260864258,0.011521418578922749,47.66555404663086
4867.0,2.101787567138672,11.241037368774414,0.011378916911780834,47.66555404663086
4868.5,2.2766225337982178,11.945296287536621,0.011657867580652237,47.66555404663086
4870.0,2.3281466960906982,11.600727081298828,0.011797181330621243,47.66555404663086
4871.5,2.207096815109253,11.585306167602539,0.011643851175904274,47.66555404663086
4873.0,2.248103618621826,12.159215927124023,0.011549480259418488,47.66555404663086
4874.5,2.2243425846099854,10.908873558044434,0.011486848816275597,47.665550231933594
4876.0,2.2021849155426025,11.501754760742188,0.011492381803691387,47.66555404663086
4877.5,2.1925182342529297,11.870126724243164,0.011493118479847908,47.66555404663086
4879.0,2.2734453678131104,12.156628608703613,0.011670343577861786,47.66555404663086
4880.5,2.3424344062805176,11.439447402954102,0.011876137927174568,47.66555404663086
4882.0,2.266669273376465,11.655521392822266,0.011875531636178493,47.665557861328125
4883.5,2.131995439529419,11.515144348144531,0.011651981621980667,47.67604446411133
4885.0,2.2357137203216553,12.00831413269043,0.011746366508305073,47.67604446411133
4886.5,2.1004979610443115,11.279272079467773,0.011488769203424454,47.69701385498047
4888.0,2.14473032951355,11.994775772094727,0.011528154835104942,47.68653106689453
4889.5,2.155179977416992,10.947644233703613,0.01156239490956068,47.68653106689453
4891.0,2.1952710151672363,11.701105117797852,0.011530982330441475,47.686527252197266
4892.5,2.129969596862793,11.117941856384277,0.011425822041928768,47.686527252197266
4894.0,2.0778307914733887,10.610034942626953,0.011397329159080982,47.67604064941406
4895.5,2.133587598800659,11.428442001342773,0.011409197002649307,47.67604064941406
4897.0,2.1407525539398193,10.91197395324707,0.011472063139081001,47.67604064941406
4898.5,2.1856555938720703,10.921710968017578,0.011478258296847343,47.67604064941406
4900.0,2.188722848892212,11.185733795166016,0.011369154788553715,47.67604064941406
4901.5,2.1539032459259033,10.719077110290527,0.01132317166775465,47.67604064941406
4903.0,2.234938144683838,11.814050674438477,0.011430003680288792,47.67604064941406
4904.5,2.3225255012512207,12.152864456176758,0.011498812586069107,47.67604064941406
4906.0,2.244856119155884,11.423616409301758,0.011418909765779972,47.67604064941406
4907.5,2.271547317504883,11.014208793640137,0.011487297713756561,47.67604064941406
4909.0,2.2740135192871094,11.848530769348145,0.011464783921837807,47.67604064941406
4910.5,2.1289689540863037,10.760375022888184,0.011248202994465828,47.67604064941406
4912.0,2.253298759460449,11.264415740966797,0.011323045007884502,47.6760368347168
4913.5,2.2165942192077637,11.246899604797363,0.011284735053777695,47.6865234375
4915.0,2.1163437366485596,11.400785446166992,0.011192882433533669,47.6865234375
4916.5,2.10571551322937,10.702629089355469,0.011234542354941368,47.686527252197266
4918.0,2.119621753692627,10.78148078918457,0.011205573566257954,47.686527252197266
4919.5,2.1695384979248047,10.803409576416016,0.011207126080989838,47.6865234375
4921.0,2.270893096923828,11.037277221679688,0.011214928701519966,47.6865234375
5054.5,3.2475779056549072,16.28787612915039,0.012326673604547977,47.66554641723633
5056.0,2.0227701663970947,11.757028579711914,0.01071266457438469,47.6760368347168
5057.5,1.6913783550262451,8.747373580932617,0.010270582512021065,47.6760368347168
5059.0,1.7021374702453613,8.913952827453613,0.010318254120647907,47.66554641723633
5060.5,1.7492353916168213,9.07046890258789,0.010356533341109753,47.66554641723633
5062.0,1.802198052406311,9.55313491821289,0.010422330349683762,47.66554641723633
5063.5,1.8154606819152832,9.198436737060547,0.010486182756721973,47.66554641723633
5065.0,1.8413223028182983,9.406925201416016,0.010553432628512383,47.66554641723633
5066.5,1.851305603981018,9.953282356262207,0.01054986659437418,47.66554641723633
5068.0,1.928374171257019,10.157962799072266,0.010553269647061825,47.66554641723633
5069.5,1.9595246315002441,9.665506362915039,0.01079921331256628,47.66554641723633
5071.0,1.9974421262741089,11.460983276367188,0.01087954267859459,47.665550231933594
5072.5,2.0364091396331787,10.027451515197754,0.010901232250034809,47.66554641723633
5074.0,1.938393235206604,10.088737487792969,0.010627612471580505,47.66554641723633
5075.5,1.9498337507247925,10.150925636291504,0.010522427968680859,47.66554260253906
5077.0,1.9290586709976196,10.253596305847168,0.010542269796133041,47.66554641723633
5078.5,1.8993721008300781,9.789632797241211,0.010493408888578415,47.66554641723633
5080.0,2.014108180999756,10.886934280395508,0.01060459017753601,47.66554641723633
5081.5,1.978534460067749,9.520490646362305,0.01072653941810131,47.66554641723633
5083.0,1.9177874326705933,10.001535415649414,0.010861627757549286,47.66555404663086
5084.5,2.029358386993408,10.34771728515625,0.011183135211467743,47.66555404663086
5086.0,2.023780107498169,10.960554122924805,0.011253658682107925,47.66555404663086
5087.5,2.121960401535034,10.975770950317383,0.011441989801824093,47.665557861328125
5089.0,2.1023740768432617,11.296241760253906,0.011292487382888794,47.67604064941406
5090.5,2.169421911239624,11.780062675476074,0.011250107549130917,47.66555404663086
5092.0,2.1752429008483887,11.116576194763184,0.01109968964010477,47.66554641723633
5093.5,2.063899517059326,10.61159610748291,0.01095066498965025,47.66554641723633
5095.0,2.145249605178833,11.384668350219727,0.010936564765870571,47.66554641723633
5096.5,2.1509861946105957,11.248373031616211,0.010973221622407436,47.66554641723633
5098.0,2.1921703815460205,11.239253997802734,0.011063230223953724,47.66554641723633
5099.5,2.1267402172088623,10.906816482543945,0.010968567803502083,47.66554641723633
5101.0,2.111130952835083,11.290328025817871,0.01092839241027832,47.66554641723633
5102.5,2.0765085220336914,11.093070983886719,0.010881388559937477,47.66554641723633
5104.0,2.087285041809082,10.407557487487793,0.01083158329129219,47.66554641723633
5105.5,2.0048794746398926,10.759153366088867,0.010641024447977543,47.65505599975586
5107.0,2.1259305477142334,10.90485954284668,0.010814166627824306,47.65505599975586
5108.5,2.1575968265533447,10.388077735900879,0.0108121857047081,47.655052185058594
5110.0,2.139080762863159,11.197287559509277,0.010766828432679176,47.65505599975586
5111.5,2.0379817485809326,10.275245666503906,0.01068020612001419,47.65505599975586
5113.0,2.0253183841705322,10.126943588256836,0.010727614164352417,47.65505599975586
5114.5,1.96049165725708,10.360869407653809,0.010634694248437881,47.65505599975586
5116.0,2.004354953765869,10.695354461669922,0.010708390735089779,47.65505599975586
5117.5,2.039459705352783,11.302522659301758,0.010837494395673275,47.65505599975586
5119.0,1.9886631965637207,10.885428428649902,0.010911700315773487,47.65505599975586
5120.5,2.042757034301758,10.861560821533203,0.010946022346615791,47.65505599975586
5122.0,2.101879596710205,10.378889083862305,0.011049610562622547,47.65505599975586
5123.5,2.1529743671417236,11.10219955444336,0.010949952527880669,47.65505599975586
5125.0,2.1400692462921143,11.29161262512207,0.010704374872148037,47.655052185058594
5126.5,2.1375722885131836,10.595739364624023,0.010673361830413342,47.655052185058594
5128.0,2.0630369186401367,10.555968284606934,0.010689177550375462,47.655052185058594
5129.5,2.1276519298553467,10.319621086120605,0.010698854923248291,47.655052185058594
5131.0,2.020268201828003,10.427356719970703,0.010648423805832863,47.65505599975586
5132.5,2.017206907272339,10.131311416625977,0.010709347203373909,47.65505599975586
5134.0,1.9974801540374756,10.559879302978516,0.010761401616036892,47.65505599975586
5135.5,2.0442957878112793,10.282210350036621,0.010884878225624561,47.65505599975586
5137.0,2.1360538005828857,11.34926700592041,0.011064649559557438,47.65505599975586
5138.5,2.1745293140411377,11.175210952758789,0.011057985946536064,47.65505599975586
5140.0,2.1711277961730957,11.294757843017578,0.011005550622940063,47.65505599975586
5141.5,2.0824737548828125,10.532652854919434,0.010921134613454342,47.65505599975586
5143.0,2.160470485687256,10.959724426269531,0.011003226041793823,47.644561767578125
5144.5,2.2059640884399414,10.99372673034668,0.011171459220349789,47.644561767578125
5146.0,2.2093396186828613,11.31399154663086,0.011184140108525753,47.644561767578125
5147.5,2.117565631866455,10.46438217163086,0.0111141512170434,47.644561767578125
5149.0,2.1892600059509277,11.156455039978027,0.011199566535651684,47.644561767578125
5150.5,2.1281960010528564,11.345001220703125,0.011160553433001041,47.64456558227539
5152.0,2.192805290222168,12.042571067810059,0.01137210987508297,47.644569396972656
5153.5,2.7913594245910645,14.290946960449219,0.011995205655694008,47.644569396972656
5155.0,2.9299654960632324,15.09243392944336,0.012278801761567593,47.644569396972656
5156.5,2.525251865386963,13.453276634216309,0.011738589964807034,47.644569396972656
5158.0,2.2098066806793213,11.510360717773438,0.011246319860219955,47.644569396972656
5159.5,2.1523759365081787,11.46815299987793,0.011013582348823547,47.644561767578125
5161.0,2.056144952774048,11.32120132446289,0.010844471864402294,47.644561767578125
5162.5,2.0138745307922363,10.606203079223633,0.01077162753790617,47.644561767578125
5164.0,2.0324368476867676,11.201102256774902,0.010732083581387997,47.644561767578125
5165.5,2.0766894817352295,10.85065746307373,0.010779621079564095,47.644561767578125
5167.0,2.085047960281372,10.179407119750977,0.010659157298505306,47.644561767578125
5168.5,2.1183087825775146,11.092145919799805,0.010662427172064781,47.64455795288086
5170.0,2.193222999572754,11.403158187866211,0.010746622458100319,47.64455795288086
5171.5,2.1695034503936768,10.668594360351562,0.010763049125671387,47.64455795288086
5173.0,2.160745859146118,11.342094421386719,0.010665817186236382,47.64455795288086
5174.5,2.0931849479675293,10.40541934967041,0.010655935853719711,47.64455795288086
5176.0,2.153785467147827,10.910005569458008,0.010864648036658764,47.644561767578125
5177.5,2.057185173034668,10.401074409484863,0.010799353010952473,47.644561767578125
5179.0,1.94960618019104,10.651580810546875,0.010580121539533138,47.644561767578125
5180.5,1.9188899993896484,9.489889144897461,0.010585272684693336,47.644561767578125
5182.0,2.0224015712738037,9.77957820892334,0.010787722654640675,47.634063720703125
5183.5,2.067406415939331,10.782669067382812,0.010641886852681637,47.634063720703125
5185.0,2.028162956237793,10.729312896728516,0.010525200515985489,47.63405990600586
5186.5,2.0206878185272217,10.869268417358398,0.010580985806882381,47.634063720703125
5188.0,2.0920257568359375,11.084132194519043,0.01070862915366888,47.63406753540039
5189.5,2.0808303356170654,11.363436698913574,0.01077008992433548,47.644561767578125
5191.0,2.163024663925171,11.426094055175781,0.01086342241615057,47.644561767578125
5192.5,2.1320431232452393,10.969951629638672,0.010776153765618801,47.644561767578125
5194.0,2.0273282527923584,10.741421699523926,0.01055922545492649,47.64455795288086
5195.5,2.068880319595337,10.435302734375,0.010643554851412773,47.64455795288086
5197.0,2.095310926437378,10.387691497802734,0.010726088657975197,47.644561767578125
5198.5,2.023953676223755,10.238990783691406,0.010994247160851955,47.644569396972656
5200.0,2.0599677562713623,10.540933609008789,0.01137973740696907,47.64457321166992
5201.5,2.698535680770874,14.191645622253418,0.01206311397254467,47.64457321166992
5203.0,3.9422719478607178,19.193191528320312,0.013395598158240318,47.644569396972656
5204.5,4.525167942047119,21.979206085205078,0.013886978849768639,47.634071350097656
5206.0,3.6969656944274902,20.14195442199707,0.0128181092441082,47.634071350097656
5207.5,2.5759050846099854,14.363792419433594,0.011332983151078224,47.644561767578125
5209.0,2.0478031635284424,11.196432113647461,0.010621784254908562,47.644561767578125
5210.5,1.9752250909805298,10.430618286132812,0.010559453628957272,47.644561767578125
5212.0,1.9419147968292236,10.12489128112793,0.010613560676574707,47.644561767578125
5213.5,2.021865129470825,9.89593505859375,0.010718639940023422,47.644561767578125
5215.0,1.991737961769104,10.128202438354492,0.010584565810859203,47.644561767578125
5216.5,1.9558253288269043,9.873821258544922,0.010482988320291042,47.644561767578125
5218.0,1.8893566131591797,10.460063934326172,0.010407703928649426,47.644561767578125
5219.5,1.9785295724868774,10.587137222290039,0.010636186227202415,47.644561767578125
5221.0,2.017540454864502,11.01106071472168,0.01082442607730627,47.644561767578125
5222.5,2.0475165843963623,10.14227294921875,0.010822231881320477,47.644561767578125
5224.0,2.0189273357391357,10.399675369262695,0.010824467055499554,47.644561767578125
5225.5,2.0557122230529785,10.406322479248047,0.010894909501075745,47.644561767578125
5227.0,2.051185131072998,10.30473518371582,0.010753235779702663,47.644561767578125
5228.5,2.0681979656219482,9.917275428771973,0.010651079937815666,47.644561767578125
5230.0,2.1162259578704834,11.361434936523438,0.010675046592950821,47.644561767578125
5231.5,2.1159768104553223,10.58444595336914,0.010715325362980366,47.644561767578125
5233.0,2.0517804622650146,10.55952262878418,0.010757416486740112,47.644561767578125
5234.5,2.070498466491699,10.93963623046875,0.010631106793880463,47.644561767578125
5236.0,2.0141637325286865,10.934560775756836,0.01047955546528101,47.64455795288086
5237.5,2.0072827339172363,10.187239646911621,0.010609455406665802,47.644561767578125
5239.0,1.9705274105072021,10.76002311706543,0.01068371906876564,47.644561767578125
5240.5,1.9467496871948242,10.04655647277832,0.010803041979670525,47.644561767578125
5242.0,2.0427086353302,10.601252555847168,0.01078654546290636,47.644561767578125
5243.5,2.1092474460601807,10.617112159729004,0.010766969993710518,47.65505599975586
5245.0,2.1292166709899902,10.477643966674805,0.010757790878415108,47.655052185058594
5246.5,2.085946798324585,11.070510864257812,0.010675380937755108,47.655052185058594
5248.0,2.047590494155884,10.665775299072266,0.010951739735901356,47.655052185058594
5249.5,2.016714334487915,10.480325698852539,0.010891336016356945,47.65505599975586
5251.0,1.9874073266983032,10.285834312438965,0.011195595376193523,47.65505599975586
5252.5,2.105578899383545,10.701117515563965,0.011260855942964554,47.655052185058594
5254.0,2.1155858039855957,10.579700469970703,0.011198529973626137,47.655052185058594
5255.5,2.081777811050415,10.509333610534668,0.011304439976811409,47.65505599975586
5257.0,2.173910617828369,11.232612609863281,0.011109933257102966,47.65505599975586
5258.5,2.0801095962524414,10.647034645080566,0.011073223315179348,47.655059814453125
5260.0,2.130178928375244,11.650596618652344,0.010919292457401752,47.65505599975586
5261.5,2.095102071762085,11.249358177185059,0.010751967318356037,47.65505599975586
5263.0,2.103624105453491,10.754860877990723,0.010694256983697414,47.655052185058594
5264.5,2.0733072757720947,10.69301986694336,0.01053017470985651,47.655052185058594
5266.0,1.9874982833862305,11.098390579223633,0.010419441387057304,47.655052185058594
5267.5,2.0941126346588135,10.286301612854004,0.010528110899031162,47.655052185058594
5269.0,2.0334091186523438,10.025786399841309,0.010507263243198395,47.655052185058594
5270.5,2.066145896911621,10.240320205688477,0.010516710579395294,47.655052185058594
5272.0,1.9903862476348877,10.536201477050781,0.010463043116033077,47.655052185058594
5273.5,2.0519866943359375,10.304349899291992,0.010594508610665798,47.655052185058594
5275.0,2.0763931274414062,10.889726638793945,0.010711700655519962,47.655052185058594
5276.5,2.042921543121338,10.531986236572266,0.010722124017775059,47.65505599975586
5278.0,1.9632456302642822,10.630542755126953,0.010689612478017807,47.65505599975586
5279.5,1.96498441696167,10.178262710571289,0.010602917522192001,47.66554641723633
5281.0,1.944280743598938,9.824528694152832,0.010563554242253304,47.66554641723633
5282.5,2.032663106918335,10.66499137878418,0.010616348125040531,47.66554260253906
5284.0,2.068413019180298,11.208972930908203,0.010669984854757786,47.66554641723633
5285.5,2.037726879119873,10.460124969482422,0.010783878155052662,47.66554641723633
5287.0,2.0624637603759766,10.714418411254883,0.010916061699390411,47.67603302001953
5288.5,2.0757884979248047,11.099424362182617,0.01096060499548912,47.6760368347168
5290.0,2.0426933765411377,11.234258651733398,0.010921826586127281,47.67603302001953
5291.5,2.059556007385254,10.985404968261719,0.010800828225910664,47.6760368347168
5293.0,2.1665143966674805,11.377277374267578,0.010870796628296375,47.67603302001953
5294.5,2.1322996616363525,11.083456039428711,0.010866768658161163,47.6865234375
5296.0,2.082571268081665,10.627737045288086,0.010825997218489647,47.6865234375
5297.5,2.0392160415649414,10.59391975402832,0.010726193897426128,47.686519622802734
5299.0,2.0740575790405273,10.553930282592773,0.010733899660408497,47.686519622802734
5300.5,2.053804397583008,9.896089553833008,0.010835341177880764,47.6865234375
5302.0,1.989345908164978,10.608253479003906,0.010703833773732185,47.6865234375
5303.5,2.015072822570801,10.557031631469727,0.01073747593909502,47.6865234375
5305.0,2.033909320831299,10.868721008300781,0.010766134597361088,47.6865234375
5306.5,2.060807466506958,10.690649032592773,0.010843709111213684,47.6865234375
5308.0,2.0841875076293945,11.030553817749023,0.010834096930921078,47.6865234375
5309.5,2.0093133449554443,10.283652305603027,0.010775536298751831,47.6865234375
5311.0,2.0510365962982178,10.764606475830078,0.010765963234007359,47.6865234375
5312.5,1.9770500659942627,10.344198226928711,0.010764810256659985,47.6865234375
5314.0,2.0768513679504395,11.177078247070312,0.01095197070389986,47.6865234375
5315.5,2.1326656341552734,10.69594955444336,0.010997922159731388,47.6865234375
5317.0,2.0429391860961914,10.136561393737793,0.010804818943142891,47.6865234375
5318.5,2.1032299995422363,10.038774490356445,0.010917913168668747,47.6865234375
5320.0,2.1210551261901855,10.976126670837402,0.010951817966997623,47.6865234375
5321.5,2.0955848693847656,10.554481506347656,0.010899054817855358,47.6865234375
5323.0,2.1001884937286377,11.732133865356445,0.010925213806331158,47.6865234375
5324.5,1.9965455532073975,10.29677963256836,0.010776699520647526,47.6865234375
5326.0,1.920498251914978,10.551149368286133,0.010675642639398575,47.6865234375
5327.5,1.96657395362854,10.711845397949219,0.0106625035405159,47.6865234375
5329.0,1.9293984174728394,9.757007598876953,0.010604928247630596,47.6865234375
5330.5,1.9872126579284668,10.0421781539917,0.010661901906132698,47.6865234375
5332.0,1.992324948310852,10.449875831604004,0.010850664228200912,47.6865234375
5333.5,2.000454902648926,9.952387809753418,0.010890570469200611,47.6865234375
5335.0,2.013709306716919,11.113603591918945,0.010749026201665401,47.6865234375
5336.5,1.9912217855453491,10.557103157043457,0.010751868598163128,47.6865234375
5338.0,2.0282578468322754,10.271951675415039,0.010849080048501492,47.6760368347168
5339.5,2.020521640777588,10.269293785095215,0.010826054960489273,47.6760368347168
5341.0,2.0120954513549805,10.605213165283203,0.01080398727208376,47.6760368347168
5342.5,1.9466428756713867,9.845093727111816,0.010685034096240997,47.6865234375
5344.0,1.9958829879760742,10.195219993591309,0.01086585782468319,47.6865234375
5345.5,2.01893949508667,10.76390266418457,0.01083757821470499,47.6865234375
5347.0,1.9450137615203857,9.547183990478516,0.010718464851379395,47.6865234375
5348.5,1.9493800401687622,9.63394546508789,0.010728810913860798,47.6865234375
5350.0,1.9859310388565063,10.613414764404297,0.010884670540690422,47.6865234375
5351.5,1.9933727979660034,9.726709365844727,0.010988854803144932,47.686527252197266
5353.0,2.0023446083068848,10.502161979675293,0.010954391211271286,47.6865234375
5354.5,1.996495008468628,10.192855834960938,0.010807771235704422,47.6865234375
5356.0,1.9719774723052979,9.88059139251709,0.010811887681484222,47.6865234375
5357.5,1.9117929935455322,9.637103080749512,0.010895099490880966,47.686527252197266
5359.0,2.036372423171997,11.113738059997559,0.010955971665680408,47.6865234375
5360.5,2.0657360553741455,10.288826942443848,0.010867396369576454,47.6865234375
5362.0,2.0415890216827393,10.979622840881348,0.010899344459176064,47.6865234375
5363.5,2.059101104736328,10.890195846557617,0.010832495056092739,47.6865234375
5365.0,2.037994623184204,11.40884017944336,0.010621137917041779,47.6760368347168
5366.5,2.0075206756591797,10.509074211120605,0.01058267056941986,47.67603302001953
5368.0,1.9723118543624878,10.973618507385254,0.010610785335302353,47.6760368347168
5369.5,1.867342472076416,9.500160217285156,0.010497338138520718,47.6760368347168
5371.0,1.721409797668457,9.215462684631348,0.010288278572261333,47.6760368347168
5372.5,1.6992353200912476,9.490467071533203,0.010200852528214455,47.6760368347168
5374.0,1.7504510879516602,9.538628578186035,0.010343801230192184,47.6760368347168
5375.5,1.7886701822280884,9.193002700805664,0.010492426343262196,47.6760368347168
5377.0,1.8067575693130493,9.779211044311523,0.01060362160205841,47.6760368347168
5378.5,1.8528385162353516,9.816415786743164,0.010666568763554096,47.6865234375
5380.0,2.0013842582702637,10.291152954101562,0.010795380920171738,47.6865234375
5381.5,1.9891780614852905,10.155102729797363,0.010761956684291363,47.6865234375
5383.0,1.9988454580307007,10.543170928955078,0.010733481496572495,47.6865234375
5384.5,1.9614598751068115,9.9900541305542,0.010654052719473839,47.6865234375
5386.0,1.9061436653137207,9.569292068481445,0.010589316487312317,47.6865234375
5387.5,1.7647740840911865,9.361822128295898,0.010419424623250961,47.6865234375
5389.0,1.8082966804504395,9.802580833435059,0.010417635552585125,47.6865234375
5390.5,1.8795737028121948,9.627479553222656,0.010553877800703049,47.6865234375
5392.0,1.922920823097229,9.729940414428711,0.010663725435733795,47.6865234375
5393.5,1.9390369653701782,10.255717277526855,0.01073162816464901,47.6865234375
5395.0,1.9589512348175049,10.43543529510498,0.010692965239286423,47.6865234375
5396.5,1.8823518753051758,10.035258293151855,0.010522184893488884,47.6865234375
5398.0,1.9330244064331055,10.30085563659668,0.010513833723962307,47.69700241088867
5399.5,1.9050037860870361,10.244501113891602,0.010519776493310928,47.69700622558594
5401.0,1.9831368923187256,10.282139778137207,0.010626823641359806,47.69700622558594
5402.5,2.054344892501831,10.325855255126953,0.010760494507849216,47.69700241088867
5404.0,2.1225969791412354,10.94089126586914,0.010810187086462975,47.69700622558594
5405.5,2.091278314590454,10.82579517364502,0.010762439109385014,47.69700622558594
5407.0,2.0411643981933594,11.206661224365234,0.010693325661122799,47.69700241088867
5408.5,1.9195585250854492,9.726922988891602,0.0105596873909235,47.69700622558594
5410.0,1.8920091390609741,10.090160369873047,0.01053707953542471,47.69700622558594
5411.5,1.896333932876587,10.246612548828125,0.010541310533881187,47.69700622558594
5413.0,1.9329147338867188,10.539041519165039,0.010619687847793102,47.69700622558594
5414.5,1.900010585784912,9.81379508972168,0.01067910622805357,47.69700622558594
5416.0,1.9825761318206787,10.733270645141602,0.010860813781619072,47.69700622558594
5417.5,1.981910228729248,10.759380340576172,0.01088558230549097,47.69700622558594
5419.0,2.03903865814209,10.804461479187012,0.010922185145318508,47.6970100402832
5420.5,2.0112760066986084,10.36995792388916,0.0109260194003582,47.69700622558594
5422.0,2.006553888320923,10.740470886230469,0.01090328674763441,47.69700622558594
5423.5,2.0105271339416504,10.524482727050781,0.010905593633651733,47.69700622558594
5425.0,2.0591189861297607,10.38527774810791,0.010923944413661957,47.69700622558594
5426.5,1.9872758388519287,10.063425064086914,0.010869584046304226,47.69700622558594
5428.0,2.03751277923584,10.605144500732422,0.010943630710244179,47.69700622558594
5429.5,2.0626211166381836,10.18802261352539,0.010924403555691242,47.69700622558594
5431.0,1.8464195728302002,9.269878387451172,0.01064242236316204,47.69700622558594
5432.5,1.8421204090118408,9.62231731414795,0.010617464780807495,47.69700622558594
5434.0,1.851219892501831,9.94047737121582,0.010721588507294655,47.69700622558594
5435.5,1.9117952585220337,9.718538284301758,0.010879904963076115,47.69700622558594
5437.0,2.0507402420043945,11.176229476928711,0.011063406243920326,47.6970100402832
5438.5,2.0238304138183594,10.489645957946777,0.011121053248643875,47.6970100402832
5440.0,1.9346729516983032,10.60000991821289,0.010949418880045414,47.6970100402832
5441.5,1.9348773956298828,10.531777381896973,0.010982428677380085,47.6970100402832
5443.0,1.9929282665252686,10.352703094482422,0.010996485128998756,47.6970100402832
5444.5,2.0654385089874268,10.746254920959473,0.011068976484239101,47.6970100402832
5446.0,2.1412289142608643,11.063114166259766,0.011188930831849575,47.6970100402832
5447.5,2.088575601577759,10.876005172729492,0.011251050047576427,47.6970100402832
5449.0,2.0354061126708984,10.936424255371094,0.011163050308823586,47.6970100402832
5450.5,2.0603480339050293,11.278968811035156,0.011155257932841778,47.6970100402832
5452.0,2.1136205196380615,10.520156860351562,0.011316683143377304,47.6970100402832
5453.5,2.0509283542633057,10.481348037719727,0.01105713564902544,47.6970100402832
5455.0,2.002782106399536,10.743358612060547,0.010911992751061916,47.69700622558594
5456.5,1.9427462816238403,10.359192848205566,0.010821999050676823,47.6970100402832
5458.0,1.9808530807495117,10.07686996459961,0.011052506044507027,47.6970100402832
5459.5,1.9808166027069092,9.245285034179688,0.01190384104847908,47.697025299072266
5461.0,1.963753581047058,10.729456901550293,0.013158914633095264,47.697052001953125
5462.5,2.0496528148651123,15.498323440551758,0.014770674519240856,47.697086334228516
5464.0,1.9777437448501587,12.634431838989258,0.01432917732745409,47.697078704833984
5465.5,2.0036182403564453,9.382017135620117,0.012183867394924164,47.6970329284668
5467.0,2.0559589862823486,11.214313507080078,0.011321298778057098,47.69701385498047
5468.5,1.985406756401062,11.028116226196289,0.011081477627158165,47.71797180175781
5470.0,1.878086805343628,10.15134334564209,0.010900350287556648,47.71797180175781
5471.5,1.809233546257019,9.976069450378418,0.010755917988717556,47.71797180175781
5473.0,1.8788295984268188,10.052170753479004,0.010781815275549889,47.71796798706055
5474.5,1.8399057388305664,9.543707847595215,0.01072599831968546,47.71796798706055
5476.0,1.766018033027649,8.98394775390625,0.010631401091814041,47.6970100402832
5477.5,1.858935832977295,9.268682479858398,0.010704057291150093,47.6970100402832
5479.0,1.8591580390930176,9.846892356872559,0.010727464221417904,47.6970100402832
5480.5,1.9763424396514893,10.267463684082031,0.01088709756731987,47.6970100402832
5482.0,1.995261788368225,10.568807601928711,0.011095172725617886,47.6970100402832
5483.5,1.9873406887054443,10.785362243652344,0.011150592938065529,47.6970100402832
5485.0,2.062148332595825,11.848821640014648,0.01127699576318264,47.697017669677734
5486.5,2.0138919353485107,10.745844841003418,0.011263699270784855,47.6970100402832
5488.0,2.138885974884033,11.487948417663574,0.011266433633863926,47.6970100402832
5489.5,2.0494768619537354,10.75671100616455,0.011074970476329327,47.6970100402832
5491.0,2.0005640983581543,10.569032669067383,0.010970763862133026,47.69700622558594
5492.5,2.0144431591033936,10.741556167602539,0.010985678993165493,47.6970100402832
5494.0,2.0653679370880127,10.832470893859863,0.011017628945410252,47.6970100402832
5495.5,2.0671653747558594,10.082210540771484,0.0110301049426198,47.6970100402832
5497.0,2.060927152633667,10.501823425292969,0.011030908674001694,47.6970100402832
5498.5,1.9849003553390503,10.333138465881348,0.010985364206135273,47.6970100402832
5500.0,2.08779239654541,11.24262523651123,0.011131628416478634,47.6970100402832
5501.5,2.0613269805908203,10.815120697021484,0.01115081924945116,47.6970100402832
5503.0,2.0145909786224365,10.571290016174316,0.011038567870855331,47.6970100402832
5504.5,2.0634400844573975,10.96943187713623,0.011067807674407959,47.6970100402832
5506.0,1.942170262336731,10.658110618591309,0.010915715247392654,47.6970100402832
5507.5,1.9389019012451172,10.71950912475586,0.010878710076212883,47.6970100402832
5509.0,2.0155322551727295,11.168615341186523,0.010943049564957619,47.6970100402832
5510.5,1.9645229578018188,10.057645797729492,0.0110151506960392,47.70749282836914
5512.0,2.0030221939086914,10.596800804138184,0.011079388670623302,47.70749282836914
5513.5,2.0175349712371826,10.585487365722656,0.01112472452223301,47.70749282836914
5515.0,2.0874526500701904,10.850504875183105,0.011329727247357368,47.70749282836914
5516.5,2.0175459384918213,10.687768936157227,0.011207006871700287,47.71797180175781
5518.0,1.9881947040557861,10.558950424194336,0.01111432071775198,47.71797180175781
5519.5,2.082374095916748,10.514042854309082,0.011180801317095757,47.728450775146484
5521.0,2.1316473484039307,10.775437355041504,0.011367018334567547,47.728450775146484
5522.5,2.0954995155334473,10.986541748046875,0.011357446201145649,47.728450775146484
5524.0,1.9781372547149658,10.795842170715332,0.011139675974845886,47.728450775146484
5525.5,2.0359416007995605,10.76805305480957,0.011113566346466541,47.728450775146484
5527.0,2.0409164428710938,10.424527168273926,0.011113249696791172,47.728450775146484
5528.5,2.069394826889038,10.940515518188477,0.011153721250593662,47.728450775146484
5530.0,2.0223388671875,10.737228393554688,0.011011875234544277,47.728450775146484
5531.5,1.9468320608139038,9.971542358398438,0.010880103334784508,47.72844696044922
5533.0,1.9986648559570312,10.288000106811523,0.011019313707947731,47.71797180175781
5534.5,1.9887893199920654,10.797384262084961,0.010951791889965534,47.71797180175781
5536.0,2.012272596359253,10.133384704589844,0.011039401404559612,47.71797180175781
5537.5,1.9695539474487305,9.820785522460938,0.010947163216769695,47.71797180175781
5539.0,1.8371105194091797,9.24487590789795,0.010828327387571335,47.71797180175781
5540.5,1.9661476612091064,9.663475036621094,0.011039575561881065,47.71797180175781
5542.0,2.066014051437378,10.09395980834961,0.011228889226913452,47.71797180175781
5543.5,2.078949451446533,10.867756843566895,0.011396881192922592,47.71797180175781
5545.0,2.0902719497680664,10.827937126159668,0.011490964330732822,47.71797561645508
5546.5,2.0632035732269287,10.640175819396973,0.01144174300134182,47.71797561645508
5548.0,2.0190720558166504,10.74197006225586,0.011279425583779812,47.71797561645508
5549.5,1.9568358659744263,10.13158893585205,0.011148706078529358,47.71797180175781
5551.0,2.0143895149230957,10.11240005493164,0.011194529943168163,47.71797180175781
5552.5,2.009141445159912,10.659664154052734,0.011187247931957245,47.71797180175781
5554.0,1.998062014579773,10.502167701721191,0.011144646443426609,47.71797180175781
5555.5,2.0909667015075684,10.95571231842041,0.011196319945156574,47.71797180175781
5557.0,2.0614705085754395,10.670501708984375,0.011203624308109283,47.71797180175781
5558.5,1.980788230895996,10.333234786987305,0.011077448725700378,47.71797180175781
5560.0,1.9717830419540405,11.379434585571289,0.011056838557124138,47.71797180175781
5561.5,1.936178207397461,10.407611846923828,0.011017546989023685,47.71797180175781
5563.0,1.9811875820159912,11.253778457641602,0.011131922714412212,47.71797180175781
5564.5,2.0989043712615967,11.669275283813477,0.011488283984363079,47.71797561645508
5566.0,2.067572832107544,10.986987113952637,0.011587684974074364,47.71798324584961
5567.5,2.06687593460083,11.41977596282959,0.011447605676949024,47.71797561645508
5569.0,2.1567301750183105,11.487054824829102,0.011475613340735435,47.71797180175781
5570.5,2.107905149459839,11.978179931640625,0.01142616756260395,47.71797561645508
5572.0,2.137342929840088,12.050637245178223,0.01153323519974947,47.71797561645508
5573.5,2.1172587871551514,13.886482238769531,0.012037958018481731,47.71798324584961
5575.0,1.9017053842544556,7.905597686767578,0.014412236399948597,47.72850799560547
5576.5,1.4217575788497925,10.328133583068848,0.036665819585323334,47.72934341430664
5578.0,3.4220712184906006,61.95104217529297,0.07953112572431564,47.73353958129883
5579.5,2.8891117572784424,83.31427001953125,0.09569162130355835,47.735843658447266
5581.0,2.1487185955047607,19.800905227661133,0.05517886206507683,47.73095703125
5582.5,2.3700714111328125,21.359298706054688,0.022108562290668488,47.72873306274414
5584.0,1.7572602033615112,15.293586730957031,0.012242760509252548,47.72847366333008
5585.5,2.1000187397003174,11.833961486816406,0.01151697151362896,47.72845458984375
5587.0,2.105815887451172,11.833015441894531,0.011325517669320107,47.728450775146484
5588.5,2.063476085662842,11.18897819519043,0.011256684549152851,47.728450775146484
5590.0,2.078627586364746,11.197166442871094,0.011449893936514854,47.72845458984375
5591.5,2.033086061477661,11.346015930175781,0.011413435451686382,47.72845458984375
5593.0,2.030491590499878,11.28970718383789,0.011201572604477406,47.728450775146484
5594.5,1.9495208263397217,10.232410430908203,0.011048771440982819,47.728450775146484
5596.0,1.9339079856872559,10.385196685791016,0.010949937626719475,47.728450775146484
5597.5,2.109248161315918,11.225603103637695,0.011248897761106491,47.728450775146484
5599.0,2.0719871520996094,10.900137901306152,0.011342507787048817,47.728450775146484
5600.5,2.0431485176086426,10.173781394958496,0.011267918162047863,47.728450775146484
5602.0,1.9809693098068237,10.450100898742676,0.01113478560000658,47.728450775146484
5603.5,1.9805647134780884,10.543960571289062,0.011091812513768673,47.728450775146484
5605.0,2.0186150074005127,11.05465316772461,0.011324798688292503,47.72845458984375
5606.5,1.956355094909668,10.969852447509766,0.011491945013403893,47.728458404541016
5608.0,2.0081775188446045,10.249353408813477,0.011509076692163944,47.72845458984375
5609.5,1.9289252758026123,10.504114151000977,0.011178414337337017,47.728450775146484
5611.0,1.9858382940292358,10.720191955566406,0.011132105253636837,47.728450775146484
5612.5,1.9954384565353394,10.82187271118164,0.011102517135441303,47.728450775146484
5777.5,2.017155885696411,10.726592063903809,0.011962400749325752,47.749412536621094
5779.0,1.939950704574585,9.915118217468262,0.011949282139539719,47.74940872192383
5780.5,1.9590494632720947,9.582541465759277,0.011924653314054012,47.74940872192383
5782.0,1.9367107152938843,10.412178993225098,0.011909322813153267,47.74940872192383
5783.5,1.9476268291473389,10.100754737854004,0.011864565312862396,47.74940872192383
5785.0,1.9439566135406494,10.491630554199219,0.011904243379831314,47.74940872192383
5786.5,1.8931444883346558,9.309639930725098,0.011855103075504303,47.7598762512207
5788.0,1.9643675088882446,10.979860305786133,0.012014065869152546,47.759883880615234
5789.5,1.9524658918380737,11.470460891723633,0.01232748944312334,47.7598876953125
5791.0,1.9216055870056152,10.845439910888672,0.01292497105896473,47.7598991394043
5792.5,1.986011028289795,11.818150520324707,0.013546057045459747,47.75991439819336
5794.0,1.9611437320709229,11.419200897216797,0.01309647224843502,47.74943542480469
5795.5,1.9461193084716797,9.46753978729248,0.01230950653553009,47.74941635131836
5797.0,1.9799951314926147,10.751550674438477,0.012136267498135567,47.749412536621094
5798.5,2.0004191398620605,11.06597900390625,0.012067489326000214,47.749412536621094
5800.0,1.9305102825164795,10.724151611328125,0.011958767659962177,47.749412536621094
5801.5,1.9781969785690308,10.69179916381836,0.012021910399198532,47.749412536621094
5803.0,2.037355661392212,11.245549201965332,0.012146440334618092,47.749412536621094
5804.5,1.9833179712295532,10.656978607177734,0.01212825533002615,47.749412536621094
5806.0,1.8439936637878418,10.31022834777832,0.011924898251891136,47.749412536621094
5807.5,1.9433952569961548,11.092233657836914,0.012042295187711716,47.73894119262695
5809.0,1.8893775939941406,10.755292892456055,0.012208424508571625,47.73894119262695
5810.5,1.847252607345581,10.007288932800293,0.012167694047093391,47.73894119262695
5812.0,1.92219877243042,10.562910079956055,0.012269189581274986,47.73894119262695
5813.5,1.9434115886688232,10.209875106811523,0.012299081310629845,47.73894119262695
5815.0,1.9386186599731445,10.177001953125,0.012341979891061783,47.73894119262695
5816.5,1.943833351135254,9.585616111755371,0.012146152555942535,47.73894119262695
5818.0,1.9526586532592773,10.612403869628906,0.012192967347800732,47.73894119262695
5819.5,1.9503347873687744,10.554486274719238,0.012164088897407055,47.73894119262695
5821.0,1.9329606294631958,10.640168190002441,0.012127427384257317,47.73894119262695
5822.5,1.9263310432434082,10.85036563873291,0.012178899720311165,47.73894500732422
5824.0,1.9294651746749878,10.063226699829102,0.012269550003111362,47.72846984863281
5825.5,1.8968688249588013,10.235715866088867,0.01220262236893177,47.72846984863281
5827.0,2.0457911491394043,11.384016990661621,0.012396546080708504,47.72846984863281
5828.5,1.977127194404602,10.279683113098145,0.012353731319308281,47.717994689941406
5830.0,2.0166409015655518,10.971521377563477,0.012401332147419453,47.717994689941406
5831.5,2.075226306915283,11.214601516723633,0.012495225295424461,47.717994689941406
5833.0,2.0494613647460938,10.860279083251953,0.012527919374406338,47.717994689941406
5834.5,2.0481152534484863,10.214546203613281,0.012562267482280731,47.717994689941406
5836.0,1.961859107017517,10.968782424926758,0.01250604260712862,47.717994689941406
5837.5,1.9319957494735718,11.14058780670166,0.012410039082169533,47.717994689941406
5839.0,1.9694057703018188,11.116120338439941,0.012496375478804111,47.717994689941406
5840.5,1.958835482597351,10.268499374389648,0.01250238437205553,47.717994689941406
5842.0,2.042667865753174,11.139180183410645,0.012593366205692291,47.717994689941406
5843.5,1.9965662956237793,10.739355087280273,0.012667519971728325,47.717994689941406
5845.0,1.9913604259490967,10.816940307617188,0.01261881086975336,47.72847366333008
5846.5,1.96809983253479,10.324646949768066,0.012688083574175835,47.72847366333008
5848.0,1.9134235382080078,11.235067367553711,0.012556266039609909,47.72847366333008
5849.5,1.9327408075332642,10.27511978149414,0.012690472416579723,47.72847366333008
5851.0,2.059553623199463,11.102031707763672,0.0127186244353652,47.72847366333008
5852.5,1.9582149982452393,10.913473129272461,0.012697160243988037,47.72847366333008
5854.0,2.000241279602051,11.228178024291992,0.012786469422280788,47.72847366333008
5855.5,2.054041862487793,10.712295532226562,0.012863939628005028,47.72847366333008
5857.0,2.0063672065734863,10.267023086547852,0.012810488231480122,47.72847366333008
5858.5,1.953505277633667,11.367595672607422,0.012732893228530884,47.72848129272461
5860.0,1.9052116870880127,10.824252128601074,0.01276784110814333,47.72848129272461
5861.5,1.9106955528259277,10.336125373840332,0.012790142558515072,47.72848129272461
5863.0,1.8663036823272705,10.172895431518555,0.012827456928789616,47.72848129272461
5864.5,1.915626049041748,10.438389778137207,0.012965439818799496,47.72848129272461
5866.0,1.9580246210098267,12.003633499145508,0.01345650665462017,47.72848892211914
5867.5,1.977916955947876,11.789176940917969,0.014081377536058426,47.7285041809082
5869.0,2.0400543212890625,10.208744049072266,0.014456236734986305,47.728511810302734
5870.5,2.0480151176452637,10.272891998291016,0.014219219796359539,47.7285041809082
5872.0,2.096235513687134,11.673295974731445,0.013890868984162807,47.728492736816406
5873.5,2.0134761333465576,10.526589393615723,0.013665313832461834,47.72848892211914
5875.0,1.919657826423645,11.479122161865234,0.013611746951937675,47.72848892211914
5876.5,1.9954800605773926,11.830145835876465,0.013569050468504429,47.72848892211914
5878.0,1.9254525899887085,11.245687484741211,0.013230551034212112,47.72848892211914
5879.5,1.9422074556350708,11.382133483886719,0.013123261742293835,47.72848129272461
5881.0,1.9380793571472168,10.7271728515625,0.013002825900912285,47.72848129272461
5882.5,1.925735354423523,10.621121406555176,0.013047944754362106,47.72848129272461
5884.0,2.014812469482422,11.417692184448242,0.013133895583450794,47.72848129272461
5885.5,1.9719544649124146,10.485872268676758,0.013140478171408176,47.72848129272461
5887.0,1.859851598739624,9.247393608093262,0.013300021179020405,47.72848892211914
5888.5,1.8397376537322998,7.492669105529785,0.01797420345246792,47.728599548339844
5890.0,2.0534024238586426,15.815696716308594,0.02503000944852829,47.728843688964844
5891.5,2.260395050048828,32.06855773925781,0.033505696803331375,47.72926330566406
5893.0,1.7937214374542236,22.343210220336914,0.027814580127596855,47.72897720336914
5894.5,1.7375986576080322,6.725111961364746,0.02350034937262535,47.7287712097168
5896.0,1.7904016971588135,9.915956497192383,0.02209852822124958,47.728736877441406
5897.5,1.960549235343933,22.854379653930664,0.026602977886795998,47.72892379760742
5899.0,2.049590826034546,17.256919860839844,0.022255148738622665,47.72873306274414
5900.5,1.9774872064590454,9.056342124938965,0.016722416505217552,47.72856140136719
5902.0,1.9925336837768555,10.59468936920166,0.012975380755960941,47.728485107421875
5903.5,1.948974609375,10.644526481628418,0.012752491980791092,47.72848129272461
5905.0,1.929602861404419,10.070101737976074,0.01287376880645752,47.728485107421875
5906.5,1.9392151832580566,10.717583656311035,0.012931100092828274,47.72848892211914
5908.0,1.9280385971069336,10.778417587280273,0.013111172243952751,47.72848892211914
5909.5,1.9582165479660034,10.913881301879883,0.013071883469820023,47.72848892211914
5911.0,1.9716657400131226,11.807883262634277,0.012914584018290043,47.728485107421875
5912.5,1.9093250036239624,10.49297046661377,0.012833693996071815,47.728485107421875
5914.0,2.0229690074920654,10.877936363220215,0.0131097212433815,47.72848892211914
5915.5,1.953282356262207,10.726957321166992,0.013603615574538708,47.72849655151367
5917.0,2.038031816482544,12.009865760803223,0.014313321560621262,47.728511810302734
5918.5,2.0492589473724365,11.46060562133789,0.01394384540617466,47.749454498291016
5920.0,1.971275806427002,10.91751480102539,0.013390113599598408,47.74943923950195
5921.5,1.9615765810012817,11.364108085632324,0.013606248423457146,47.74943923950195
5923.0,1.9184211492538452,11.106783866882324,0.013035937212407589,47.74943923950195
5924.5,1.9156819581985474,9.648323059082031,0.013205134309828281,47.74943923950195
5926.0,1.9462250471115112,10.90552043914795,0.013475538231432438,47.749446868896484
5927.5,2.0161616802215576,11.01220703125,0.013517727144062519,47.73897171020508
5929.0,1.9838813543319702,10.47484016418457,0.013233534060418606,47.73897171020508
5930.5,1.9369884729385376,11.160066604614258,0.013104717247188091,47.73896789550781
5932.0,1.8087517023086548,10.469069480895996,0.013064859434962273,47.74944305419922
5933.5,1.8476712703704834,10.032110214233398,0.013782976195216179,47.74945831298828
6041.5,1.960311770439148,11.698972702026367,0.011858239769935608,47.791282653808594
6043.0,1.8893691301345825,11.17057991027832,0.011740525253117085,47.791282653808594
6044.5,1.940317153930664,11.37177848815918,0.01176493987441063,47.791282653808594
6046.0,1.9224826097488403,11.247173309326172,0.01174593809992075,47.791282653808594
6047.5,1.985042691230774,10.2194185256958,0.011862586252391338,47.791282653808594
6049.0,2.039876937866211,11.19711685180664,0.011946608312427998,47.791282653808594
6050.5,1.9710389375686646,10.999141693115234,0.011813652701675892,47.791282653808594
6052.0,1.9043651819229126,10.459312438964844,0.011743851006031036,47.79127883911133
6053.5,1.9442943334579468,11.241693496704102,0.011696499772369862,47.791282653808594
6055.0,1.9874179363250732,11.355704307556152,0.011726229451596737,47.79127883911133
6056.5,1.9747802019119263,10.664450645446777,0.011705471202731133,47.79127883911133
6058.0,1.998776912689209,11.610526084899902,0.0117042176425457,47.79127883911133
6059.5,2.0565338134765625,10.85765552520752,0.011792059056460857,47.79127883911133
6061.0,2.0528945922851562,10.432869911193848,0.011774906888604164,47.79127883911133
6062.5,1.946641206741333,10.032886505126953,0.0116882910951972,47.79127883911133
6064.0,1.9174339771270752,9.689811706542969,0.011674954555928707,47.79127883911133
6065.5,1.9202131032943726,10.774234771728516,0.011630751192569733,47.79127883911133
6067.0,1.9895671606063843,11.333404541015625,0.01166122779250145,47.79127883911133
6068.5,1.9097691774368286,11.038744926452637,0.011596530675888062,47.79127883911133
6070.0,1.9274158477783203,11.243631362915039,0.011644439771771431,47.79127883911133
6071.5,2.0341014862060547,11.87024974822998,0.011814743280410767,47.79127883911133
6073.0,2.033085584640503,11.567194938659668,0.011747950688004494,47.79127883911133
6074.5,2.01446270942688,10.859356880187988,0.011848886497318745,47.79127883911133
6076.0,1.951459288597107,12.985204696655273,0.011715654283761978,47.791282653808594
6077.5,2.0015511512756348,12.12183952331543,0.011602616868913174,47.79127502441406
6079.0,1.9534724950790405,9.950304985046387,0.011524631641805172,47.79127502441406
6080.5,1.8839263916015625,10.030351638793945,0.01142061036080122,47.79127502441406
6082.0,1.945061206817627,10.099172592163086,0.011637627147138119,47.79127502441406
6083.5,1.9275754690170288,10.20447826385498,0.011600686237215996,47.79127502441406
6085.0,1.852846384048462,10.5054931640625,0.011593806557357311,47.79127502441406
6086.5,1.9067184925079346,10.359087944030762,0.011532274074852467,47.79127502441406
6088.0,1.8461568355560303,10.19698429107666,0.011371664702892303,47.79127502441406
6089.5,1.7683433294296265,9.379375457763672,0.011307364329695702,47.79127502441406
6091.0,1.8781172037124634,9.764901161193848,0.011406910605728626,47.79127502441406
6092.5,1.9192734956741333,10.277971267700195,0.011401373893022537,47.79127502441406
6094.0,1.8207409381866455,10.578819274902344,0.011464651674032211,47.79127502441406
6095.5,1.8529070615768433,10.57054328918457,0.011712513864040375,47.79127502441406
6097.0,1.8729617595672607,10.119460105895996,0.011829248629510403,47.79127502441406
6098.5,1.9781144857406616,10.250273704528809,0.011793917044997215,47.79127502441406
6100.0,1.9145739078521729,9.706884384155273,0.011734438128769398,47.80173873901367
6101.5,1.944785714149475,9.673378944396973,0.011691860854625702,47.81219482421875
6103.0,1.9757826328277588,10.631277084350586,0.011516091413795948,47.81219482421875
6104.5,2.0514590740203857,10.400100708007812,0.011650323867797852,47.81219482421875
6106.0,2.1651270389556885,11.313992500305176,0.011785713024437428,47.812198638916016
6107.5,2.2700893878936768,10.96660041809082,0.011934008449316025,47.822654724121094
6109.0,2.1575019359588623,11.988775253295898,0.011859150603413582,47.822654724121094
6110.5,2.0219056606292725,12.159059524536133,0.011650275439023972,47.822654724121094
6112.0,2.0285403728485107,12.959526062011719,0.011687264777719975,47.81220245361328
6113.5,1.9932907819747925,12.975770950317383,0.011874496936798096,47.81220245361328
6115.0,1.8925178050994873,11.225785255432129,0.011628136038780212,47.81220245361328
6116.5,1.8937920331954956,10.295215606689453,0.011598913930356503,47.812198638916016
6118.0,1.9691342115402222,10.514995574951172,0.011575314216315746,47.81219482421875
6119.5,1.8902140855789185,9.667744636535645,0.011383642442524433,47.81219482421875
6121.0,1.7113293409347534,9.20604133605957,0.011151549406349659,47.81219482421875
6122.5,1.6766639947891235,9.04524040222168,0.01100502535700798,47.81219482421875
6124.0,1.717782974243164,9.71940803527832,0.011050844565033913,47.812191009521484
6125.5,1.7844027280807495,9.535161972045898,0.011119384318590164,47.812191009521484
6127.0,1.7112435102462769,9.178950309753418,0.011114145629107952,47.812191009521484
6128.5,1.7240532636642456,9.55707836151123,0.011051028035581112,47.812191009521484
6130.0,1.7566107511520386,9.826700210571289,0.011119515635073185,47.81218719482422
6131.5,1.8281389474868774,9.299530029296875,0.011177430860698223,47.812191009521484
6133.0,1.9099268913269043,9.835305213928223,0.011168258264660835,47.81218719482422
6134.5,1.912522792816162,11.103145599365234,0.011084763333201408,47.81218719482422
6136.0,1.8448636531829834,10.932538032531738,0.011110651306807995,47.812191009521484
6137.5,1.9076271057128906,10.495604515075684,0.011274563148617744,47.81219482421875
6139.0,1.9570797681808472,13.145883560180664,0.011284761130809784,47.81219482421875
6140.5,1.8587132692337036,11.586274147033691,0.011192545294761658,47.81219482421875
6142.0,1.834920883178711,9.99445915222168,0.0111929289996624,47.81219482421875
6143.5,1.914596676826477,10.360589981079102,0.011425359174609184,47.81219482421875
6145.0,1.9639735221862793,10.56473445892334,0.011596336029469967,47.81219482421875
6146.5,1.8801246881484985,10.8361177444458,0.01151649747043848,47.81219482421875
6148.0,1.8385857343673706,10.484752655029297,0.011502908542752266,47.81219482421875
6149.5,1.8337433338165283,9.407883644104004,0.011328580789268017,47.812191009521484
6151.0,1.9313477277755737,11.629478454589844,0.011430791579186916,47.81218719482422
6152.5,1.9986976385116577,12.20439338684082,0.011574906297028065,47.812191009521484
6154.0,1.9664437770843506,11.72867202758789,0.011487683281302452,47.81219482421875
6155.5,1.931191325187683,13.709413528442383,0.01150263287127018,47.812198638916016
6157.0,1.9317231178283691,12.178293228149414,0.011477738618850708,47.812198638916016
6158.5,1.8508532047271729,9.774616241455078,0.011247582733631134,47.81219482421875
6160.0,1.9268096685409546,10.87606430053711,0.01119908969849348,47.81219482421875
6161.5,1.877334713935852,11.014358520507812,0.011409040540456772,47.812198638916016
6163.0,1.8256593942642212,12.684978485107422,0.011553099378943443,47.81220245361328
6164.5,1.9327259063720703,12.157150268554688,0.011379271745681763,47.81219482421875
6166.0,1.9467782974243164,10.203539848327637,0.011122657917439938,47.812191009521484
6167.5,1.885429859161377,10.468554496765137,0.010857408866286278,47.81218719482422
6169.0,1.7929869890213013,10.645875930786133,0.010760529898107052,47.81218719482422
6170.5,1.859220027923584,10.270833969116211,0.010937999002635479,47.81218719482422
6172.0,1.8655649423599243,10.210920333862305,0.011197405867278576,47.81219482421875
6173.5,1.9390205144882202,9.838333129882812,0.011177446693181992,47.82265090942383
6175.0,1.9025826454162598,10.18632698059082,0.010948378592729568,47.8226432800293
6176.5,1.8037004470825195,9.308401107788086,0.010765556246042252,47.8226432800293
6178.0,1.887739658355713,10.347338676452637,0.010882522910833359,47.8226432800293
6179.5,1.9027767181396484,11.000093460083008,0.010791872628033161,47.8226432800293
6181.0,1.8919017314910889,9.803181648254395,0.010703016072511673,47.82263946533203
6182.5,1.9470632076263428,10.465950965881348,0.010726961307227612,47.82263946533203
6184.0,1.8692326545715332,10.205798149108887,0.010706945322453976,47.82263946533203
6185.5,1.9032130241394043,9.501458168029785,0.010777539573609829,47.82263946533203
6187.0,1.9250339269638062,10.332019805908203,0.010786104016005993,47.8226432800293
6188.5,1.9037010669708252,9.648509979248047,0.010776824317872524,47.83309555053711
6190.0,1.8659814596176147,9.851310729980469,0.010697782970964909,47.83309555053711
6191.5,1.8639166355133057,10.108570098876953,0.01067805290222168,47.83309555053711
6193.0,1.889796257019043,10.274181365966797,0.01071111299097538,47.83309555053711
6194.5,1.8307042121887207,10.161750793457031,0.0106700100004673,47.83309555053711
6196.0,1.8790892362594604,9.741290092468262,0.010743564926087856,47.83309555053711
6197.5,1.940252661705017,9.825660705566406,0.010920845903456211,47.83309555053711
6199.0,1.9532252550125122,10.007487297058105,0.01091729011386633,47.83309555053711
6200.5,1.8998037576675415,10.6578950881958,0.010818278416991234,47.83309555053711
6202.0,1.9397087097167969,10.411773681640625,0.010928992182016373,47.83309555053711
6203.5,1.9024007320404053,9.87624740600586,0.011238910257816315,47.833099365234375
6205.0,1.8713892698287964,11.65964126586914,0.010929734446108341,47.833099365234375
6206.5,1.905418038368225,10.796299934387207,0.010756670497357845,47.833099365234375
6208.0,1.9174236059188843,10.8174409866333,0.010609272867441177,47.83309555053711
6209.5,1.9158293008804321,11.429165840148926,0.010647228918969631,47.83309555053711
6211.0,1.9123177528381348,11.770394325256348,0.010690437629818916,47.83309555053711
6212.5,1.8955583572387695,11.364547729492188,0.010746801272034645,47.833099365234375
6214.0,1.8867641687393188,12.165512084960938,0.010779723525047302,47.833099365234375
6215.5,1.9038363695144653,11.106653213500977,0.010670033283531666,47.83309555053711
6217.0,1.959190011024475,9.16427230834961,0.010628476738929749,47.83309555053711
6218.5,1.8904621601104736,9.314046859741211,0.010485930368304253,47.83309555053711
6220.0,1.8809260129928589,9.787866592407227,0.010423013009130955,47.83309555053711
6221.5,1.7973140478134155,10.342509269714355,0.010507654398679733,47.83309555053711
6223.0,1.880984902381897,10.848403930664062,0.010762577876448631,47.833099365234375
6224.5,1.8761777877807617,10.710933685302734,0.010768162086606026,47.833099365234375
6226.0,1.8810330629348755,9.900331497192383,0.010636202991008759,47.83309555053711
6227.5,1.9159904718399048,9.884724617004395,0.01045028492808342,47.83309555053711
6229.0,1.8525511026382446,10.64260482788086,0.010318807326257229,47.83309555053711
6230.5,1.8967208862304688,10.074508666992188,0.010369105264544487,47.83309555053711
6232.0,1.8794513940811157,10.127933502197266,0.01033193152397871,47.83309555053711
6233.5,1.8678017854690552,11.307011604309082,0.01065683364868164,47.83309555053711
6235.0,1.891981601715088,11.93699836730957,0.011164957657456398,47.833106994628906
6236.5,1.941551923751831,12.704190254211426,0.012146145105361938,47.833126068115234
6238.0,2.038151741027832,13.960454940795898,0.012692494317889214,47.833133697509766
6239.5,1.916149377822876,12.10727310180664,0.011855039745569229,47.8331184387207
6241.0,1.822308897972107,9.836557388305664,0.011208918876945972,47.83311080932617
6242.5,1.8733288049697876,9.792464256286621,0.011031660251319408,47.833106994628906
6244.0,1.783867597579956,10.82795238494873,0.011028976179659367,47.83310317993164
6245.5,1.828821063041687,10.203497886657715,0.010788731276988983,47.833099365234375
6247.0,1.8967405557632446,10.07258129119873,0.010584857314825058,47.83309555053711
6248.5,1.8118517398834229,9.154044151306152,0.010379050858318806,47.83309555053711
6250.0,1.866937279701233,9.87010383605957,0.010420362465083599,47.83309555053711
6251.5,1.9030168056488037,9.74371337890625,0.010312920436263084,47.83309555053711
6253.0,1.8071644306182861,9.375831604003906,0.010145151056349277,47.833091735839844
6254.5,1.7804988622665405,9.74282455444336,0.010105886496603489,47.833091735839844
6256.0,1.814966082572937,9.49786376953125,0.01052643358707428,47.83309555053711
6257.5,1.8475983142852783,10.489070892333984,0.011073083616793156,47.83310317993164
6259.0,1.9153286218643188,12.971182823181152,0.01177405845373869,47.8331184387207
6260.5,2.0114059448242188,13.816483497619629,0.012096400372684002,47.8331184387207
6262.0,1.9498918056488037,12.046123504638672,0.011346721090376377,47.83311080932617
6263.5,1.892714500427246,9.428680419921875,0.010634657926857471,47.833099365234375
6265.0,1.7886168956756592,9.70099925994873,0.010441727936267853,47.83309555053711
6266.5,1.839239478111267,10.758138656616211,0.010678687132894993,47.833099365234375
6268.0,1.9588942527770996,11.65806770324707,0.010833012871444225,47.833099365234375
6269.5,1.8263450860977173,10.434123992919922,0.010556742548942566,47.83309555053711
6271.0,1.8276156187057495,10.236116409301758,0.010355559177696705,47.83309555053711
6272.5,1.955696940422058,10.252151489257812,0.010407349094748497,47.83309555053711
6274.0,1.927409052848816,10.131354331970215,0.010371550917625427,47.82263946533203
6275.5,1.943349003791809,10.5305814743042,0.010712660849094391,47.82263946533203
6277.0,1.9160577058792114,10.509856224060059,0.010781683959066868,47.8226432800293
6278.5,1.8898829221725464,10.070747375488281,0.0107489712536335,47.82263946533203
6280.0,1.866059422492981,10.454865455627441,0.010487309657037258,47.82263946533203
6281.5,1.7612158060073853,9.249088287353516,0.01081419549882412,47.83309555053711
6283.0,1.8697099685668945,9.78759765625,0.010067141614854336,47.83308792114258
6284.5,1.818496823310852,10.080540657043457,0.010201663710176945,47.833091735839844
6286.0,1.8712981939315796,11.451292991638184,0.010537800379097462,47.83309555053711
6287.5,1.8938237428665161,11.429479598999023,0.010937430895864964,47.83310317993164
6289.0,1.88897705078125,12.10433292388916,0.011668442748486996,47.83311080932617
6290.5,1.9324339628219604,12.578761100769043,0.011705861426889896,47.83311462402344
6292.0,1.8493882417678833,10.906232833862305,0.010891115292906761,47.83310317993164
6293.5,1.8877962827682495,9.689888954162598,0.010508458130061626,47.833091735839844
6295.0,1.835668921470642,10.607375144958496,0.01025787927210331,47.83308792114258
6296.5,1.894763708114624,11.33182430267334,0.010521830059587955,47.83309555053711
6298.0,1.8859069347381592,10.320906639099121,0.010996370576322079,47.83310317993164
6299.5,1.6790971755981445,6.305381774902344,0.01647489331662655,47.83317947387695
6301.0,1.7697187662124634,9.266753196716309,0.023711824789643288,47.822998046875
6302.5,2.358675003051758,21.831613540649414,0.02467246539890766,47.82304382324219
6304.0,2.1508896350860596,21.173423767089844,0.020428763702511787,47.82289505004883
6305.5,1.7515040636062622,11.34570598602295,0.01475031953305006,47.822731018066406
6307.0,1.7586829662322998,10.313404083251953,0.012374324724078178,47.82267379760742
6308.5,1.893434762954712,12.408060073852539,0.01214475929737091,47.822669982910156
6310.0,1.959123969078064,13.171675682067871,0.011672399938106537,47.82265853881836
6311.5,1.951141357421875,11.42896556854248,0.010806181468069553,47.8226432800293
6313.0,1.9273675680160522,10.865266799926758,0.010173340328037739,47.822635650634766
6314.5,1.8748453855514526,9.68423080444336,0.00999428890645504,47.822635650634766
6316.0,1.8579990863800049,10.501559257507324,0.0099225714802742,47.8226318359375
6317.5,1.8823963403701782,10.22397232055664,0.009825445711612701,47.83308410644531
6319.0,1.8252507448196411,10.073480606079102,0.009711131453514099,47.83308410644531
6320.5,1.8190494775772095,10.22482681274414,0.009798171930015087,47.83308792114258
6322.0,1.8320919275283813,10.421698570251465,0.010087545029819012,47.82263946533203
6323.5,1.8273531198501587,10.485958099365234,0.010222923010587692,47.82263946533203
6325.0,1.8557846546173096,11.063636779785156,0.010042966343462467,47.82263946533203
6326.5,1.9130828380584717,12.130983352661133,0.009883029386401176,47.822635650634766
6328.0,1.9186146259307861,11.663989067077637,0.010021461173892021,47.822635650634766
6329.5,1.8587772846221924,10.231486320495605,0.010443000122904778,47.82263946533203
6331.0,1.9532413482666016,10.709848403930664,0.011529911309480667,47.822654724121094
6332.5,1.8802911043167114,12.270608901977539,0.011570556089282036,47.82265853881836
6334.0,1.7952216863632202,11.299951553344727,0.01061274018138647,47.82263946533203
6335.5,1.8101228475570679,9.300378799438477,0.009964062832295895,47.8226318359375
6337.0,1.8261667490005493,10.21658706665039,0.009836777113378048,47.83308410644531
6338.5,1.8443834781646729,10.24510383605957,0.009715478867292404,47.83308410644531
6340.0,1.8395991325378418,9.83957290649414,0.009488129988312721,47.83308410644531
6341.5,1.821842908859253,9.648683547973633,0.00944596529006958,47.83308410644531
6343.0,1.78815758228302,9.771316528320312,0.009361065924167633,47.83308410644531
6344.5,1.7804582118988037,10.219654083251953,0.009372531436383724,47.83308410644531
6346.0,1.8069813251495361,10.241006851196289,0.009396513924002647,47.83308410644531
6347.5,1.858476161956787,9.726051330566406,0.009500041604042053,47.83308410644531
6349.0,1.9197206497192383,10.673013687133789,0.00971504021435976,47.83308792114258
6350.5,1.9057600498199463,10.439026832580566,0.009834564290940762,47.83308792114258
6352.0,1.858547568321228,10.316326141357422,0.00969872809946537,47.83308792114258
6353.5,1.8536453247070312,9.902334213256836,0.009503848850727081,47.83308410644531
6355.0,1.8453943729400635,9.85998821258545,0.009426646865904331,47.83308410644531
6356.5,1.9243956804275513,10.555543899536133,0.009925052523612976,47.83308792114258
6358.0,1.9390554428100586,11.87140941619873,0.010377448052167892,47.83309555053711
6359.5,1.900895357131958,12.58149528503418,0.010065579786896706,47.83309555053711
6361.0,1.8469761610031128,12.761049270629883,0.009517064318060875,47.83308410644531
6362.5,1.7236613035202026,10.266666412353516,0.0100157605484128,47.83309555053711
6364.0,1.7607226371765137,9.47380256652832,0.012670055963099003,47.822689056396484
6365.5,1.8893773555755615,12.619050979614258,0.01461923960596323,47.822731018066406
6367.0,1.9023516178131104,15.624650955200195,0.013691696338355541,47.82271194458008
6368.5,1.8538957834243774,12.367109298706055,0.011341151781380177,47.83311462402344
6370.0,1.8399771451950073,11.144699096679688,0.009689156897366047,47.83308792114258
6371.5,1.886957049369812,10.178604125976562,0.009282020851969719,47.83308029174805
6373.0,1.8894094228744507,9.82177734375,0.009261329658329487,47.83308029174805
6374.5,1.8746545314788818,10.151228904724121,0.0091995345428586,47.83308029174805
6376.0,1.8796541690826416,9.660886764526367,0.009165916591882706,47.83308029174805
6377.5,1.801557183265686,9.197800636291504,0.009105964563786983,47.83308029174805
6379.0,1.7576630115509033,9.773855209350586,0.009101750329136848,47.83308029174805
6380.5,1.839699387550354,9.98657512664795,0.00937072653323412,47.83308410644531
6382.0,1.7736014127731323,10.255132675170898,0.009340646676719189,47.83308410644531
6383.5,1.7947818040847778,10.487663269042969,0.009222942404448986,47.85398483276367
6385.0,1.8099561929702759,9.721941947937012,0.009197319857776165,47.85398483276367
6386.5,1.8302007913589478,9.949020385742188,0.009401741437613964,47.85398483276367
6388.0,1.9153015613555908,10.74395751953125,0.00973610207438469,47.85398864746094
6389.5,1.8750145435333252,9.920384407043457,0.00959901511669159,47.85398864746094
6391.0,1.8133548498153687,9.538103103637695,0.009256635792553425,47.853981018066406
6392.5,1.7765419483184814,9.465911865234375,0.009012618102133274,47.853981018066406
6394.0,1.8748247623443604,10.116196632385254,0.009036100469529629,47.83308029174805
6395.5,1.8353711366653442,9.480971336364746,0.008983387611806393,47.83308029174805
6397.0,1.7739371061325073,9.756037712097168,0.00889356154948473,47.83308029174805
6398.5,1.8214025497436523,10.05711841583252,0.008896904066205025,47.83308029174805
6400.0,1.743571162223816,9.432502746582031,0.008771956898272038,47.83308029174805
6401.5,1.7235900163650513,9.58413314819336,0.008734794333577156,47.83308029174805
6403.0,1.7159888744354248,9.86109733581543,0.008706278167665005,47.83308029174805
6404.5,1.7067829370498657,9.601158142089844,0.008723646402359009,47.83307647705078
6406.0,1.7051461935043335,9.539139747619629,0.008706297725439072,47.83307647705078
6407.5,1.7287845611572266,8.909918785095215,0.008725139312446117,47.83307647705078
6409.0,1.7790368795394897,9.672365188598633,0.008734529837965965,47.833072662353516
6410.5,1.759767770767212,9.858946800231934,0.008697332814335823,47.833072662353516
6412.0,1.7065114974975586,8.920820236206055,0.008672080002725124,47.833072662353516
6413.5,1.7002387046813965,8.999554634094238,0.008749006316065788,47.83308029174805
6415.0,1.751649022102356,9.705568313598633,0.008894883096218109,47.83308029174805
6416.5,1.7554090023040771,8.994314193725586,0.00887979194521904,47.83308029174805
6418.0,1.7566264867782593,8.535734176635742,0.008772625587880611,47.833072662353516
6419.5,1.7966477870941162,9.638847351074219,0.008787200786173344,47.83307647705078
6421.0,1.7788500785827637,10.59156322479248,0.008844293653964996,47.83308029174805
6422.5,1.799567461013794,10.137340545654297,0.008951256982982159,47.83308029174805
6424.0,1.8070391416549683,10.124361038208008,0.00886088702827692,47.83308029174805
6425.5,1.761422872543335,9.511579513549805,0.008705811575055122,47.833072662353516
6427.0,1.7632745504379272,9.357666969299316,0.008653545752167702,47.833072662353516
6428.5,1.8594510555267334,10.260560989379883,0.008736793883144855,47.833072662353516
6430.0,1.8440579175949097,9.986539840698242,0.008716399781405926,47.84352493286133
6431.5,1.7403302192687988,9.301209449768066,0.008576683700084686,47.84352493286133
6433.0,1.7270673513412476,9.277777671813965,0.008534290827810764,47.84352493286133
6434.5,1.7717738151550293,9.67189884185791,0.008609146811068058,47.84352493286133
6436.0,1.7520637512207031,9.601387023925781,0.008584273047745228,47.84352493286133
6437.5,1.7575687170028687,9.679314613342285,0.008592957630753517,47.84352493286133
6439.0,1.7737112045288086,9.553276062011719,0.008587409742176533,47.84352493286133
6440.5,1.77467942237854,8.7960205078125,0.008575176820158958,47.84352493286133
6442.0,1.7940659523010254,9.630757331848145,0.008598661050200462,47.84352493286133
6443.5,1.7976027727127075,9.322078704833984,0.008591627702116966,47.853973388671875
6445.0,1.7790454626083374,9.262626647949219,0.00857806671410799,47.853973388671875
6446.5,1.7865402698516846,9.072944641113281,0.008597340434789658,47.853973388671875
6448.0,1.7924922704696655,9.480175018310547,0.008560208603739738,47.853973388671875
6449.5,1.8249647617340088,9.549615859985352,0.008716638199985027,47.853973388671875
6451.0,1.817553162574768,9.6332426071167,0.008736096322536469,47.86442184448242
6452.5,1.768720030784607,9.710490226745605,0.008772593922913074,47.86442184448242
6454.0,1.7946985960006714,9.964560508728027,0.008797131478786469,47.86442565917969
6455.5,1.795525074005127,9.419999122619629,0.008808828890323639,47.874874114990234
6457.0,1.7809494733810425,9.708678245544434,0.008631957694888115,47.8748664855957
6458.5,1.7251607179641724,9.06455135345459,0.00860635470598936,47.86442565917969
6460.0,1.7296652793884277,8.992673873901367,0.008649419993162155,47.86442565917969
6461.5,1.7602494955062866,10.49487018585205,0.00862062443047762,47.86442184448242
6463.0,1.810965657234192,11.489359855651855,0.008709968999028206,47.86442565917969
6464.5,1.7842326164245605,9.6437406539917,0.008966831490397453,47.853981018066406
6466.0,1.8182955980300903,9.971953392028809,0.009347521699965,47.85398483276367
6467.5,1.8332672119140625,11.080665588378906,0.00948625709861517,47.85398864746094
6469.0,1.798668622970581,11.757227897644043,0.009269531816244125,47.85398483276367
6470.5,1.7832658290863037,10.259978294372559,0.009147338569164276,47.85398483276367
6472.0,1.787596583366394,9.759302139282227,0.009322475641965866,47.85398483276367
6473.5,1.801754355430603,10.574892044067383,0.00927108433097601,47.85398483276367
6475.0,1.7571614980697632,9.598954200744629,0.008873499929904938,47.853981018066406
6476.5,1.7304822206497192,8.668314933776855,0.008579525165259838,47.853973388671875
6478.0,1.7412647008895874,9.034353256225586,0.00854553934186697,47.853973388671875
6479.5,1.8084502220153809,9.818839073181152,0.008650313131511211,47.853973388671875
6481.0,1.771009922027588,10.399495124816895,0.008604433387517929,47.853973388671875
6482.5,1.786730408668518,9.80384635925293,0.008495892398059368,47.86442184448242
6484.0,1.7746660709381104,9.712892532348633,0.008404947817325592,47.86442184448242
6485.5,1.708706021308899,9.426614761352539,0.008286410942673683,47.86442184448242
6487.0,1.6853331327438354,9.074621200561523,0.008255242370069027,47.86442184448242
6488.5,1.7528455257415771,8.816600799560547,0.008319355547428131,47.864418029785156
6490.0,1.7609543800354004,8.991418838500977,0.008301612921059132,47.853973388671875
6491.5,1.6924192905426025,9.095220565795898,0.008218922652304173,47.853973388671875
6493.0,1.735336422920227,9.170258522033691,0.008225932717323303,47.853973388671875
6494.5,1.7558211088180542,9.424287796020508,0.008368654176592827,47.86442184448242
6496.0,1.7258096933364868,10.654733657836914,0.008400041610002518,47.86442184448242
6497.5,1.692946434020996,9.4877347946167,0.00853763334453106,47.86442184448242
6499.0,1.705073595046997,8.84220027923584,0.00912284106016159,47.86443328857422
6500.5,1.8077009916305542,11.96678352355957,0.009821612387895584,47.86444091796875
6502.0,1.8140348196029663,13.31413745880127,0.009685905650258064,47.85399627685547
6503.5,1.7265326976776123,9.906303405761719,0.00889800675213337,47.853981018066406
6505.0,1.7174230813980103,10.379405975341797,0.008676080033183098,47.853981018066406
6506.5,1.7397786378860474,10.786349296569824,0.0087441923096776,47.853981018066406
6508.0,1.7828500270843506,10.197702407836914,0.00872812233865261,47.853981018066406
6509.5,1.7432647943496704,10.074068069458008,0.008428324945271015,47.853973388671875
6511.0,1.712226152420044,9.454721450805664,0.008218341507017612,47.853973388671875
6512.5,1.761290192604065,9.099628448486328,0.008267086930572987,47.853973388671875
6514.0,1.7474201917648315,8.979219436645508,0.008297499269247055,47.86442184448242
6515.5,1.7084110975265503,9.292804718017578,0.008339998312294483,47.86442184448242
6517.0,1.753363847732544,9.734678268432617,0.008392278105020523,47.86442184448242
6518.5,1.7698099613189697,9.290307998657227,0.00829399935901165,47.864418029785156
6520.0,1.6980185508728027,8.832273483276367,0.00819882471114397,47.864418029785156
6521.5,1.7548772096633911,8.82640266418457,0.008338645100593567,47.86442184448242
6523.0,1.805245041847229,9.445810317993164,0.008737057447433472,47.86442184448242
6524.5,1.7660057544708252,9.548538208007812,0.008790220133960247,47.86442565917969
6526.0,1.7479616403579712,9.379262924194336,0.008684193715453148,47.86442184448242
6527.5,1.7600332498550415,9.042547225952148,0.008543681353330612,47.86442184448242
6529.0,1.7559633255004883,9.140089988708496,0.008364525623619556,47.864418029785156
6530.5,1.740643858909607,9.713054656982422,0.008284692652523518,47.864418029785156
6532.0,1.7280699014663696,9.77158260345459,0.008347469381988049,47.86442184448242
6533.5,1.7504544258117676,10.294318199157715,0.008988753892481327,47.86443328857422
6535.0,1.8179794549942017,10.618436813354492,0.009505098685622215,47.864437103271484
6536.5,1.776939868927002,9.812238693237305,0.009311034344136715,47.86443328857422
6538.0,1.7701261043548584,9.244361877441406,0.008727074600756168,47.86442184448242
6539.5,1.7487016916275024,8.641700744628906,0.008472763933241367,47.864418029785156
6541.0,1.7601124048233032,8.988022804260254,0.008570407517254353,47.864418029785156
6542.5,1.7867892980575562,9.166172981262207,0.008861087262630463,47.86442184448242
6544.0,1.8245806694030762,9.256256103515625,0.009078336879611015,47.86442184448242
6545.5,1.8568532466888428,10.302095413208008,0.009190920740365982,47.874874114990234
6547.0,2.0089972019195557,11.06263542175293,0.009166950359940529,47.88531494140625
6548.5,2.11348819732666,10.640433311462402,0.009021749719977379,47.885311126708984
6550.0,2.0473873615264893,10.876891136169434,0.008817235939204693,47.885311126708984
6551.5,1.9249858856201172,10.914892196655273,0.008576402440667152,47.885311126708984
6553.0,1.7625941038131714,10.19651985168457,0.00866513792425394,47.88531494140625
6554.5,1.7972620725631714,10.937000274658203,0.009555142372846603,47.88532638549805
6556.0,1.8608968257904053,12.906708717346191,0.010196805000305176,47.88533020019531
6557.5,1.8322644233703613,11.617658615112305,0.009457852691411972,47.885318756103516
6559.0,1.7605620622634888,8.832977294921875,0.008680175989866257,47.8748664855957
6560.5,1.7454458475112915,8.447080612182617,0.008481153286993504,47.8748664855957
6562.0,1.704576015472412,8.387781143188477,0.008842743001878262,47.8748664855957
6563.5,1.7766166925430298,10.523297309875488,0.009812933392822742,47.87488555908203
6565.0,1.8178861141204834,12.640046119689941,0.010272976942360401,47.87489318847656
6566.5,1.7755450010299683,11.14328384399414,0.009600065648555756,47.874881744384766
6568.0,1.7571210861206055,9.577764511108398,0.008713935501873493,47.874874114990234
6569.5,1.7845443487167358,10.054616928100586,0.00849006325006485,47.8748664855957
6571.0,1.8174911737442017,10.520743370056152,0.00856288243085146,47.8748664855957
6572.5,1.7870055437088013,9.730705261230469,0.008526502177119255,47.8748664855957
6574.0,1.8072552680969238,9.77564811706543,0.008326900191605091,47.8748664855957
6575.5,1.7838153839111328,9.699393272399902,0.008335192687809467,47.8748664855957
6577.0,1.775132179260254,9.186552047729492,0.00875716470181942,47.874874114990234
6578.5,1.822388768196106,10.175524711608887,0.009334583766758442,47.8748779296875
6580.0,1.8243714570999146,11.465846061706543,0.009307395666837692,47.8748779296875
6581.5,1.7928506135940552,10.093526840209961,0.00877391081303358,47.874874114990234
6583.0,1.7618255615234375,9.125333786010742,0.00831275712698698,47.8748664855957
6584.5,1.6783783435821533,8.884796142578125,0.008107291534543037,47.8748664855957
6586.0,1.710631251335144,9.150857925415039,0.008102762512862682,47.87486267089844
6587.5,1.7570401430130005,9.238288879394531,0.008129174821078777,47.87486267089844
6589.0,1.7721312046051025,8.964964866638184,0.008111693896353245,47.88530349731445
6590.5,1.7548003196716309,8.647602081298828,0.008097491227090359,47.88530349731445
6592.0,1.7580820322036743,8.659660339355469,0.00814261194318533,47.88530349731445
6593.5,1.7409021854400635,9.504610061645508,0.008100760169327259,47.89574432373047
6595.0,1.764002799987793,9.276111602783203,0.008130351081490517,47.89574432373047
6596.5,1.7339633703231812,8.673198699951172,0.008216059766709805,47.89574432373047
6598.0,1.7868355512619019,9.989826202392578,0.008418170735239983,47.895751953125
6599.5,1.811665415763855,9.564215660095215,0.008459033444523811,47.895751953125
6601.0,1.7030868530273438,8.585700035095215,0.00826665572822094,47.895748138427734
6602.5,1.7558432817459106,8.536913871765137,0.008271078579127789,47.89574432373047
6604.0,1.7805559635162354,10.362656593322754,0.008434627205133438,47.895751953125
6605.5,1.7863575220108032,11.939104080200195,0.008651718497276306,47.885311126708984
6607.0,1.7820899486541748,11.545337677001953,0.008665691129863262,47.885311126708984
6608.5,1.7461400032043457,9.98366928100586,0.008346589282155037,47.885311126708984
6610.0,1.702977180480957,9.276115417480469,0.008083343505859375,47.88530349731445
6611.5,1.7482268810272217,9.1530179977417,0.008055632933974266,47.88530349731445
6613.0,1.8096702098846436,9.150386810302734,0.008112380281090736,47.88530349731445
6614.5,1.8633579015731812,9.524505615234375,0.008128552697598934,47.88530349731445
6616.0,1.8513243198394775,9.693532943725586,0.008143325336277485,47.88530349731445
6617.5,1.8290014266967773,8.950827598571777,0.008090878836810589,47.87486267089844
6619.0,1.7696689367294312,9.208553314208984,0.00804932601749897,47.87486267089844
6620.5,1.7156164646148682,9.302350997924805,0.007964813150465488,47.87486267089844
6622.0,1.7693597078323364,8.854724884033203,0.00806218571960926,47.87486267089844
6623.5,1.7872744798660278,8.574468612670898,0.008057253435254097,47.87486267089844
6625.0,1.7543014287948608,8.760055541992188,0.00801955908536911,47.864418029785156
6626.5,1.7789925336837769,8.691457748413086,0.008037334308028221,47.864418029785156
6628.0,1.8097935914993286,9.80301284790039,0.008124427869915962,47.864418029785156
6629.5,1.7879164218902588,9.872465133666992,0.008152609691023827,47.85396957397461
6631.0,1.7402424812316895,8.732239723205566,0.008109367452561855,47.85396957397461
6632.5,1.751999020576477,8.380783081054688,0.00804912019520998,47.85396957397461
6634.0,1.7674598693847656,8.79775333404541,0.008134230971336365,47.85396957397461
6635.5,1.790555715560913,8.89754867553711,0.008276994340121746,47.853973388671875
6637.0,1.7757773399353027,8.783052444458008,0.008285773918032646,47.853973388671875
6638.5,1.7690215110778809,8.69367790222168,0.008156863041222095,47.85396957397461
6640.0,1.839975357055664,9.713537216186523,0.008110416121780872,47.864418029785156
6641.5,1.7949795722961426,9.761567115783691,0.008024697192013264,47.864418029785156
6643.0,1.7721883058547974,8.702911376953125,0.007987155579030514,47.864418029785156
6644.5,1.7564314603805542,9.100717544555664,0.007929161190986633,47.864418029785156
6646.0,1.7724193334579468,9.623106956481934,0.007908429019153118,47.864418029785156
6647.5,1.7754409313201904,9.130416870117188,0.007922738790512085,47.864418029785156
6649.0,1.7464754581451416,9.34190559387207,0.007864976301789284,47.864418029785156
6650.5,1.7746204137802124,9.388923645019531,0.007937115617096424,47.864418029785156
6652.0,1.6927855014801025,8.991525650024414,0.007862113416194916,47.864418029785156
6653.5,1.7226262092590332,8.822627067565918,0.007906441576778889,47.864418029785156
6655.0,1.7416003942489624,8.995277404785156,0.007902518846094608,47.864418029785156
6656.5,1.7122808694839478,8.951032638549805,0.007903192192316055,47.864418029785156
6658.0,1.7767763137817383,9.156454086303711,0.007944599725306034,47.864418029785156
6659.5,1.7206798791885376,9.03725814819336,0.007878587581217289,47.864418029785156
6661.0,1.71234130859375,9.098258972167969,0.007900196127593517,47.864418029785156
6662.5,1.7421326637268066,9.22417163848877,0.00794027280062437,47.864418029785156
6664.0,1.766244888305664,9.076141357421875,0.007968203164637089,47.864418029785156
6665.5,1.7985337972640991,9.39000129699707,0.00806539598852396,47.864418029785156
6667.0,1.780227541923523,9.820185661315918,0.008049571886658669,47.864418029785156
6668.5,1.7727785110473633,9.48149585723877,0.008298126980662346,47.864418029785156
6670.0,1.7997037172317505,9.629215240478516,0.0083227613940835,47.864418029785156
6671.5,1.728501558303833,8.803812026977539,0.00820482149720192,47.864418029785156
6673.0,1.6499963998794556,8.63415813446045,0.00800773873925209,47.864418029785156
6674.5,1.7088825702667236,9.000386238098145,0.008022894151508808,47.864418029785156
6676.0,1.7284871339797974,8.711502075195312,0.007946830242872238,47.864418029785156
6677.5,1.7605698108673096,8.824047088623047,0.007860321551561356,47.864418029785156
6679.0,1.7919973134994507,9.155165672302246,0.007864657789468765,47.864418029785156
6680.5,1.7609399557113647,8.620281219482422,0.007848257198929787,47.87486267089844
6682.0,1.7679282426834106,8.768577575683594,0.007808011490851641,47.87486267089844
6683.5,1.6988314390182495,8.652210235595703,0.007755469065159559,47.87486267089844
6685.0,1.6573790311813354,8.426736831665039,0.007726610172539949,47.87486267089844
6686.5,1.7314060926437378,8.591103553771973,0.0077858357690274715,47.87486267089844
6688.0,1.7458276748657227,8.718924522399902,0.007830584421753883,47.87486267089844
6689.5,1.757121205329895,8.653755187988281,0.007832217030227184,47.87486267089844
6691.0,1.7217644453048706,8.998416900634766,0.00779686076566577,47.87486267089844
6692.5,1.6916030645370483,8.574444770812988,0.007746030110865831,47.87486267089844
6694.0,1.7283964157104492,8.93368911743164,0.007768585346639156,47.87486267089844
6695.5,1.7744003534317017,9.134956359863281,0.007813439704477787,47.87486267089844
6697.0,1.7881652116775513,9.245766639709473,0.007862593047320843,47.87486267089844
6698.5,1.781864881515503,8.916306495666504,0.007830915041267872,47.87486267089844
6700.0,1.7296240329742432,8.714842796325684,0.007908972911536694,47.87486267089844
6701.5,1.755885124206543,8.995763778686523,0.007938684895634651,47.87486267089844
6703.0,1.7688021659851074,9.314408302307129,0.007929891347885132,47.87486267089844
6704.5,1.6702134609222412,8.374126434326172,0.007831575348973274,47.864418029785156
6706.0,1.711694359779358,8.674033164978027,0.00785850454121828,47.864418029785156
6707.5,1.7463624477386475,9.11744499206543,0.00792502798140049,47.864418029785156
6709.0,1.7297210693359375,8.750547409057617,0.007940743118524551,47.864418029785156
6710.5,1.7497512102127075,8.81886100769043,0.007941577583551407,47.864418029785156
6712.0,1.7567260265350342,9.457952499389648,0.007881950587034225,47.864418029785156
6713.5,1.7526280879974365,9.390264511108398,0.007810825947672129,47.864418029785156
6715.0,1.7585608959197998,9.04715633392334,0.007816611789166927,47.864418029785156
6716.5,1.7203247547149658,8.945589065551758,0.007793957833200693,47.864418029785156
6718.0,1.7458088397979736,9.60405445098877,0.0078078326769173145,47.864418029785156
6719.5,1.7189905643463135,9.22639274597168,0.007744723465293646,47.864418029785156
6721.0,1.7049311399459839,9.14838695526123,0.0077107311226427555,47.864418029785156
6722.5,1.7275227308273315,8.839115142822266,0.007698101922869682,47.864418029785156
6724.0,1.7372941970825195,9.121182441711426,0.007712420541793108,47.864418029785156
6725.5,1.7282296419143677,9.640237808227539,0.007696081884205341,47.86441421508789
6727.0,1.7273249626159668,8.821359634399414,0.007669302634894848,47.86441421508789
6728.5,1.6998889446258545,8.582239151000977,0.007703651674091816,47.86441421508789
6730.0,1.7290832996368408,9.048661231994629,0.007766259368509054,47.864418029785156
6731.5,1.745010256767273,8.497786521911621,0.0078375693410635,47.864418029785156
6733.0,1.7691988945007324,8.551843643188477,0.008008616976439953,47.85396957397461
6734.5,1.7644394636154175,9.294515609741211,0.008003802970051765,47.85396957397461
6736.0,1.6954517364501953,8.930580139160156,0.007895886898040771,47.85396957397461
6737.5,1.7033039331436157,8.522661209106445,0.007912250235676765,47.85396957397461
6739.0,1.7115979194641113,8.859705924987793,0.007908545434474945,47.85396957397461
6740.5,1.7210206985473633,8.972715377807617,0.007944609969854355,47.85396957397461
6742.0,1.723589301109314,8.731478691101074,0.007997320033609867,47.85396957397461
6743.5,1.7382230758666992,8.551168441772461,0.008021681569516659,47.85396957397461
6745.0,1.7502849102020264,8.91375732421875,0.007986940443515778,47.85396957397461
6746.5,1.7022265195846558,8.691762924194336,0.007783698849380016,47.85396957397461
6748.0,1.662903070449829,8.438879013061523,0.007735698018223047,47.85396957397461
6749.5,1.6336586475372314,8.51696491241455,0.007554644253104925,47.85396957397461
6751.0,1.608572006225586,8.693619728088379,0.0075228456407785416,47.853965759277344
6752.5,1.6027581691741943,8.31001091003418,0.007466461975127459,47.853965759277344
6754.0,1.623637080192566,8.404346466064453,0.007503494620323181,47.853965759277344
6755.5,1.6585805416107178,8.222807884216309,0.007537790574133396,47.853965759277344
6757.0,1.6689550876617432,8.514541625976562,0.007574348244816065,47.853965759277344
6758.5,1.7307413816452026,8.834346771240234,0.00763279153034091,47.85396957397461
6760.0,1.7298903465270996,8.298666954040527,0.007654600776731968,47.853965759277344
6761.5,1.712107539176941,8.214295387268066,0.007623936049640179,47.853965759277344
6763.0,1.721405267715454,8.805688858032227,0.007707969751209021,47.853965759277344
6764.5,1.7479887008666992,8.629934310913086,0.007717502303421497,47.853965759277344
6766.0,1.7205376625061035,8.810768127441406,0.007696181535720825,47.853965759277344
6767.5,1.747076153755188,9.132434844970703,0.007687245961278677,47.853965759277344
6769.0,1.7913535833358765,8.921402931213379,0.007733515929430723,47.853965759277344
6770.5,1.72781240940094,8.614706039428711,0.007684050127863884,47.853965759277344
6772.0,1.7324762344360352,8.95124340057373,0.007683640345931053,47.853965759277344
6773.5,1.6865174770355225,8.769752502441406,0.007524683140218258,47.853965759277344
6775.0,1.6840033531188965,8.839117050170898,0.007530843373388052,47.864410400390625
6776.5,1.7187395095825195,9.035833358764648,0.00754426047205925,47.86441421508789
6778.0,1.7091702222824097,9.369272232055664,0.00759935425594449,47.86441421508789
6779.5,1.7601343393325806,9.20504379272461,0.0076069580391049385,47.86441421508789
6781.0,1.787886381149292,8.686631202697754,0.007657661568373442,47.853965759277344
6782.5,1.7494248151779175,8.873779296875,0.007585533428937197,47.853965759277344
6784.0,1.6997135877609253,9.147098541259766,0.007530512288212776,47.853965759277344
6785.5,1.698425531387329,8.654772758483887,0.007560425437986851,47.853965759277344
6787.0,1.7603658437728882,8.786133766174316,0.007653830107301474,47.853965759277344
6788.5,1.742976427078247,8.953493118286133,0.007623225916177034,47.86441421508789
6790.0,1.7201114892959595,9.166125297546387,0.007582223974168301,47.86441421508789
6791.5,1.6938941478729248,9.00556755065918,0.0075558265671133995,47.86441421508789
6793.0,1.7142552137374878,9.087614059448242,0.007525354623794556,47.864410400390625
6794.5,1.7215919494628906,8.885462760925293,0.007522370666265488,47.864410400390625
6796.0,1.7348624467849731,9.303045272827148,0.007533363997936249,47.864410400390625
6797.5,1.7040327787399292,8.590566635131836,0.007502430118620396,47.864410400390625
6799.0,1.7145344018936157,8.43836784362793,0.00754970870912075,47.864410400390625
6800.5,1.7420743703842163,8.875373840332031,0.007558845449239016,47.864410400390625
6802.0,1.7629425525665283,8.88233757019043,0.0075905160047113895,47.864410400390625
6803.5,1.9434423446655273,9.531671524047852,0.007805800065398216,47.864410400390625
6805.0,2.166447877883911,10.61786937713623,0.008059879764914513,47.86441421508789
6806.5,2.3724167346954346,11.181325912475586,0.008240551687777042,47.86441421508789
6808.0,2.1924407482147217,10.542696952819824,0.008069932460784912,47.864410400390625
6809.5,1.8293033838272095,9.511847496032715,0.007663047406822443,47.864410400390625
6811.0,1.6865317821502686,8.931814193725586,0.0074904910288751125,47.864410400390625
6812.5,1.6444921493530273,8.493171691894531,0.0074241068214178085,47.864410400390625
6814.0,1.616491675376892,8.461202621459961,0.0073812855407595634,47.864410400390625
6815.5,1.653044581413269,8.91015338897705,0.007475503254681826,47.864410400390625
6817.0,2.012075901031494,10.876863479614258,0.007974007166922092,47.86441421508789
6818.5,3.8688931465148926,19.405635833740234,0.009757213294506073,47.864418029785156
6820.0,7.080798625946045,31.925098419189453,0.012314239516854286,47.864418029785156
6821.5,9.112349510192871,38.02263259887695,0.014064265415072441,47.864418029785156
6823.0,8.276371955871582,36.526634216308594,0.013568723574280739,47.864418029785156
6824.5,5.096104145050049,26.6931209564209,0.011122162453830242,47.864418029785156
6826.0,2.4869191646575928,16.589092254638672,0.008750170469284058,47.864418029785156
6827.5,1.7037737369537354,10.118313789367676,0.008115471340715885,47.864418029785156
6829.0,1.5858800411224365,8.429064750671387,0.009030772373080254,47.86443328857422
6830.5,1.6416213512420654,12.007383346557617,0.009996360167860985,47.86445236206055
6832.0,1.7038018703460693,13.21666145324707,0.010101930238306522,47.85400390625
6833.5,1.6561752557754517,9.992351531982422,0.00947648286819458,47.85399627685547
6835.0,1.6281224489212036,10.003196716308594,0.00947454571723938,47.85399627685547
6836.5,1.717173457145691,11.965696334838867,0.009894050657749176,47.854000091552734
6838.0,1.8042395114898682,12.080015182495117,0.009596439078450203,47.85399627685547
6839.5,2.1202340126037598,11.385979652404785,0.008834438398480415,47.853973388671875
6841.0,2.8005032539367676,13.254768371582031,0.009098538197577,47.85396957397461
6842.5,3.538119316101074,15.985302925109863,0.009913851507008076,47.853973388671875
6844.0,3.571812868118286,16.885162353515625,0.010147906839847565,47.853973388671875
6845.5,2.8124959468841553,14.447661399841309,0.009288812056183815,47.853973388671875
6847.0,2.0790305137634277,11.204216957092285,0.008260080590844154,47.85396957397461
6848.5,1.7918885946273804,9.526326179504395,0.0077402773313224316,47.853965759277344
6850.0,1.7475435733795166,8.886571884155273,0.007767799310386181,47.853965759277344
6851.5,1.6876014471054077,8.378629684448242,0.007631446234881878,47.853965759277344
6853.0,1.6485127210617065,8.592071533203125,0.007613146677613258,47.85396957397461
6854.5,1.6289383172988892,8.582426071166992,0.0075356243178248405,47.853965759277344
6856.0,1.676650047302246,8.77321720123291,0.007428526412695646,47.853965759277344
6857.5,1.7006146907806396,9.038918495178223,0.007505842484533787,47.853965759277344
6859.0,1.6962950229644775,9.010002136230469,0.007532275281846523,47.853965759277344
6860.5,1.738875389099121,9.6656494140625,0.007624437101185322,47.853965759277344
6862.0,1.7264232635498047,9.965822219848633,0.007774347439408302,47.85396957397461
6863.5,1.6685935258865356,8.407925605773926,0.009149381890892982,47.85398864746094
6865.0,1.7927793264389038,10.812288284301758,0.010846318677067757,47.8540153503418
6866.5,1.8361167907714844,15.1852388381958,0.011101201176643372,47.85401916503906
6868.0,1.7700514793395996,13.48337173461914,0.010294309817254543,47.85400390625
6869.5,1.6747552156448364,8.24565315246582,0.009367474354803562,47.85398483276367
6871.0,1.6602286100387573,7.782949924468994,0.009552542120218277,47.843536376953125
6872.5,1.7400104999542236,9.636472702026367,0.009855648502707481,47.84354019165039
6874.0,1.752095341682434,10.086380004882812,0.009615680202841759,47.84354019165039
6875.5,1.7606350183486938,9.458538055419922,0.009071134962141514,47.843528747558594
6877.0,1.7509791851043701,8.734100341796875,0.00862426869571209,47.84352493286133
6878.5,1.7425305843353271,8.42020034790039,0.008409425616264343,47.84352111816406
6880.0,1.7329927682876587,8.87883472442627,0.008301984518766403,47.84352111816406
6881.5,1.6950099468231201,9.091873168945312,0.008321056142449379,47.84352493286133
6883.0,1.7483646869659424,9.762146949768066,0.00840684399008751,47.84352493286133
6884.5,1.7583268880844116,9.386590957641602,0.00829166080802679,47.84352493286133
6886.0,1.7572637796401978,8.763985633850098,0.008159858174622059,47.853973388671875
6887.5,1.6956642866134644,8.332088470458984,0.008127347566187382,47.853973388671875
6889.0,1.638018250465393,8.104914665222168,0.00836789608001709,47.853973388671875
6890.5,1.7247087955474854,8.792469024658203,0.008961471728980541,47.8748779296875
6892.0,1.7365885972976685,10.136070251464844,0.00908163283020258,47.8748779296875
6893.5,1.6819429397583008,9.20995807647705,0.008557620458304882,47.874874114990234
6895.0,1.6858128309249878,8.535040855407715,0.008145248517394066,47.8748664855957
6896.5,1.7206212282180786,9.204940795898438,0.008060744032263756,47.87486267089844
6898.0,1.6802304983139038,9.44967269897461,0.007871806621551514,47.87486267089844
6899.5,1.6850594282150269,9.14637279510498,0.007981086149811745,47.85396957397461
6901.0,1.712830901145935,9.550714492797852,0.008413171395659447,47.853973388671875
6902.5,1.7265914678573608,10.462257385253906,0.009002559818327427,47.85398483276367
6904.0,1.7247519493103027,10.26743221282959,0.008744684047996998,47.853981018066406
6905.5,1.7174092531204224,9.44183349609375,0.00819521863013506,47.853973388671875
6907.0,1.694521188735962,8.853779792785645,0.007798636332154274,47.85396957397461
6908.5,1.6799026727676392,8.193061828613281,0.00764305517077446,47.853965759277344
6910.0,1.7171547412872314,8.78834056854248,0.007623184006661177,47.853965759277344
6911.5,1.7014797925949097,8.94106674194336,0.007886546663939953,47.84352111816406
6913.0,1.6838047504425049,9.132549285888672,0.008331534452736378,47.843528747558594
6914.5,1.7324893474578857,10.749343872070312,0.008852813392877579,47.843536376953125
6916.0,1.7449514865875244,11.219488143920898,0.008790645748376846,47.843536376953125
6917.5,1.6922200918197632,8.941564559936523,0.008079537190496922,47.84352111816406
6919.0,1.6481008529663086,8.208322525024414,0.007606965489685535,47.8435173034668
6920.5,1.6759042739868164,8.267780303955078,0.007616600953042507,47.8435173034668
6922.0,1.6772758960723877,8.764275550842285,0.007738349959254265,47.84352111816406
6923.5,1.6504653692245483,9.14224624633789,0.008752360939979553,47.843528747558594
6925.0,1.696230411529541,10.279312133789062,0.009955592453479767,47.84355163574219
6926.5,1.7331697940826416,11.605536460876465,0.009580197744071484,47.843544006347656
6928.0,1.7177469730377197,9.82375431060791,0.008244854398071766,47.843528747558594
6929.5,1.6748909950256348,8.451130867004395,0.0076518589630723,47.84352111816406
6931.0,1.695212483406067,9.231785774230957,0.007458690088242292,47.8435173034668
6932.5,1.7200506925582886,9.14309024810791,0.0074396561831235886,47.84351348876953
6934.0,1.7112666368484497,9.094405174255371,0.007470030803233385,47.84351348876953
6935.5,1.7131427526474,9.57551383972168,0.0073714181780815125,47.84351348876953
6937.0,1.7316019535064697,10.257987976074219,0.007440808694809675,47.853965759277344
6938.5,1.726698637008667,9.490549087524414,0.007688799407333136,47.85396957397461
6940.0,1.7180203199386597,9.495162963867188,0.008067690767347813,47.853973388671875
6941.5,1.768991470336914,10.975421905517578,0.008518788032233715,47.853981018066406
6943.0,1.7679780721664429,11.071416854858398,0.008408233523368835,47.853981018066406
6944.5,1.683250904083252,9.54959487915039,0.007757837884128094,47.85396957397461
6946.0,1.6463168859481812,8.924741744995117,0.007367076352238655,47.853965759277344
6947.5,1.6725879907608032,9.39724349975586,0.00761681841686368,47.85396957397461
6949.0,1.7251452207565308,9.78995132446289,0.008494947105646133,47.853981018066406
6950.5,1.7798652648925781,10.459558486938477,0.010371583513915539,47.85400390625
6952.0,1.783755898475647,12.546722412109375,0.010214813984930515,47.85400390625
6953.5,1.7426035404205322,10.393223762512207,0.008811943233013153,47.853981018066406
6955.0,1.7023210525512695,7.744986534118652,0.007877610623836517,47.85396957397461
6956.5,1.703523874282837,8.040933609008789,0.007494903635233641,47.853965759277344
6958.0,1.7615504264831543,8.55166244506836,0.00750622246414423,47.853965759277344
6959.5,1.6963884830474854,8.431625366210938,0.00747273862361908,47.853965759277344
6961.0,1.6844948530197144,8.72966194152832,0.007443350274115801,47.853965759277344
6962.5,1.7276537418365479,8.643056869506836,0.0074370549991726875,47.853965759277344
6964.0,1.6946959495544434,9.035493850708008,0.007397156208753586,47.853965759277344
6965.5,1.6798807382583618,8.520788192749023,0.0074078356847167015,47.853965759277344
6967.0,1.6775535345077515,8.529937744140625,0.007442143280059099,47.853965759277344
6968.5,1.688602328300476,8.437793731689453,0.0074800546281039715,47.864418029785156
6970.0,1.703641653060913,9.152235984802246,0.00773802911862731,47.864418029785156
6971.5,1.760023832321167,10.143481254577637,0.008123032748699188,47.86442184448242
6973.0,1.731509804725647,9.5462646484375,0.008067595772445202,47.86442184448242
6974.5,1.7129143476486206,8.548798561096191,0.00768444174900651,47.864418029785156
6976.0,1.72325599193573,8.395707130432129,0.007478422950953245,47.86441421508789
6977.5,2.0112545490264893,9.601263999938965,0.008057704195380211,47.864418029785156
6979.0,2.671067714691162,13.749309539794922,0.009354189038276672,47.86442565917969
6980.5,3.4259955883026123,18.756576538085938,0.010387402027845383,47.864437103271484
6982.0,3.5781502723693848,18.948875427246094,0.010239653289318085,47.86443328857422
6983.5,2.908468008041382,14.640396118164062,0.009033352136611938,47.864418029785156
6985.0,2.1565117835998535,11.433890342712402,0.007962298579514027,47.85396957397461
6986.5,1.7715835571289062,10.048360824584961,0.007516779936850071,47.853965759277344
6988.0,1.6364027261734009,9.291580200195312,0.007351116742938757,47.853965759277344
6989.5,1.6753160953521729,8.71643352508545,0.007395609747618437,47.8435173034668
6991.0,1.7755001783370972,9.092792510986328,0.007459942251443863,47.8435173034668
6992.5,1.9382896423339844,10.512243270874023,0.007670295890420675,47.84351348876953
6994.0,2.394714593887329,12.060439109802246,0.008112623356282711,47.8435173034668
6995.5,2.922515392303467,13.55526351928711,0.008628897368907928,47.8435173034668
6997.0,3.070068597793579,14.268041610717773,0.008779266849160194,47.84352111816406
6998.5,2.553905725479126,12.903672218322754,0.008338972926139832,47.8435173034668
7000.0,2.00724720954895,11.071636199951172,0.00779193127527833,47.84352111816406
7001.5,1.739486813545227,9.54924488067627,0.00750766834244132,47.8435173034668
7003.0,1.6979877948760986,8.641788482666016,0.007554604671895504,47.8435173034668
7004.5,1.7325540781021118,8.74276351928711,0.007784693967550993,47.84352111816406
7006.0,1.6897212266921997,9.164966583251953,0.00783627200871706,47.84352111816406
7007.5,1.6647151708602905,9.120148658752441,0.007647543679922819,47.84352111816406
7009.0,1.7046774625778198,8.558341026306152,0.007393962703645229,47.84351348876953
7010.5,1.6501656770706177,7.73467493057251,0.007406954187899828,47.8435173034668
7012.0,1.626255989074707,8.663047790527344,0.007776174694299698,47.84352111816406
7013.5,1.68365478515625,10.361868858337402,0.008049105294048786,47.84352493286133
7015.0,1.7022098302841187,9.830116271972656,0.007889845408499241,47.84352493286133
7016.5,1.662232756614685,8.581547737121582,0.00740526057779789,47.8435173034668
7018.0,1.6324352025985718,8.320413589477539,0.007097227033227682,47.84351348876953
7019.5,1.6366509199142456,8.498804092407227,0.00712578883394599,47.84351348876953
7021.0,1.6499428749084473,8.255422592163086,0.007142810150980949,47.84351348876953
7022.5,1.6687904596328735,8.224165916442871,0.007188634015619755,47.84351348876953
7024.0,1.7003331184387207,8.406092643737793,0.007204800378531218,47.84351348876953
7025.5,1.6821955442428589,8.620741844177246,0.007171950303018093,47.853965759277344
7027.0,1.662375807762146,8.810352325439453,0.007130969315767288,47.84351348876953
7028.5,1.7017515897750854,8.521756172180176,0.007197096478193998,47.84351348876953
7030.0,1.7165504693984985,8.672983169555664,0.007225056644529104,47.84351348876953
7031.5,1.6969268321990967,8.546157836914062,0.0072466847486793995,47.84351348876953
7033.0,1.696158766746521,8.477367401123047,0.0072607300244271755,47.84351348876953
7034.5,1.6716166734695435,8.445711135864258,0.007176751736551523,47.84351348876953
7036.0,1.6444950103759766,8.502124786376953,0.0071385144256055355,47.853965759277344
7037.5,1.6534028053283691,8.400715827941895,0.00712186424061656,47.853965759277344
7039.0,1.6732295751571655,8.10224437713623,0.007123972754925489,47.853965759277344
7040.5,1.6548889875411987,8.083355903625488,0.0071756355464458466,47.84351348876953
7042.0,1.6632570028305054,8.865135192871094,0.007287670858204365,47.84351348876953
7043.5,1.7275067567825317,9.276888847351074,0.007462752517312765,47.8435173034668
7045.0,1.712536096572876,8.945165634155273,0.007418840192258358,47.8435173034668
7046.5,1.6841049194335938,8.30258846282959,0.007460774388164282,47.853965759277344
7048.0,1.6912411451339722,8.631940841674805,0.007714996114373207,47.85396957397461
7049.5,1.7203128337860107,9.498907089233398,0.008062302134931087,47.853973388671875
7051.0,1.7150671482086182,9.47353744506836,0.008155135437846184,47.853973388671875
7052.5,1.6723814010620117,9.093734741210938,0.007874295115470886,47.853973388671875
7054.0,1.6589974164962769,8.890806198120117,0.007626313716173172,47.85396957397461
7055.5,1.6847596168518066,8.71898078918457,0.007513583637773991,47.85396957397461
7057.0,1.702821969985962,8.825448036193848,0.007485477719455957,47.853965759277344
7058.5,1.6850165128707886,8.579830169677734,0.007348374463617802,47.853965759277344
7060.0,1.6446799039840698,8.461968421936035,0.007232246920466423,47.853965759277344
7061.5,1.646809458732605,8.41263198852539,0.007249878719449043,47.853965759277344
7063.0,1.66702139377594,8.526891708374023,0.007333306595683098,47.853965759277344
7064.5,1.6422938108444214,8.509199142456055,0.007395828142762184,47.853965759277344
7066.0,1.6411142349243164,8.228659629821777,0.007515044882893562,47.85396957397461
7067.5,1.6723945140838623,8.978309631347656,0.007530839182436466,47.85396957397461
7069.0,1.6827880144119263,9.161131858825684,0.007550607435405254,47.85396957397461
7070.5,1.6826679706573486,8.331186294555664,0.007514230906963348,47.85396957397461
7072.0,1.6464557647705078,8.643339157104492,0.007443322334438562,47.853965759277344
7073.5,1.6712050437927246,8.797242164611816,0.007432496640831232,47.853965759277344
7075.0,1.6821718215942383,8.67357063293457,0.007522079162299633,47.853965759277344
7076.5,1.6805471181869507,8.79485034942627,0.007518352009356022,47.853965759277344
7078.0,1.6874635219573975,8.938854217529297,0.007476644590497017,47.853965759277344
7079.5,1.6569632291793823,8.826186180114746,0.007456971798092127,47.853965759277344
7081.0,1.6692883968353271,8.587031364440918,0.007464466150850058,47.8435173034668
7082.5,1.6608515977859497,8.332205772399902,0.007504784967750311,47.8435173034668
7084.0,1.6879093647003174,8.863666534423828,0.007588970009237528,47.84352111816406
7085.5,1.7161141633987427,8.885650634765625,0.007601757068186998,47.84352111816406
7087.0,1.6797770261764526,8.395151138305664,0.007438233122229576,47.8435173034668
7088.5,1.6744743585586548,8.724897384643555,0.007469895761460066,47.8435173034668
7090.0,1.7117136716842651,8.924171447753906,0.0077684964053332806,47.84352111816406
7091.5,1.6928459405899048,9.020392417907715,0.008122776634991169,47.84352111816406
7093.0,1.6814239025115967,9.109127044677734,0.007968995720148087,47.84352111816406
7094.5,1.6427735090255737,8.666309356689453,0.0077750952914357185,47.8435173034668
7096.0,1.633154273033142,8.336895942687988,0.0076239462941884995,47.84351348876953
7097.5,1.6489486694335938,8.038125038146973,0.007573101203888655,47.84351348876953
7099.0,1.6827143430709839,8.149510383605957,0.007354367524385452,47.84351348876953
7100.5,1.701646327972412,8.38160514831543,0.00737741170451045,47.84351348876953
7102.0,1.6818393468856812,8.424521446228027,0.007373306434601545,47.84351348876953
7103.5,1.664587378501892,8.486088752746582,0.00728764571249485,47.84351348876953
7105.0,1.6708754301071167,8.572402954101562,0.007266327738761902,47.84351348876953
7106.5,1.6514301300048828,8.139932632446289,0.00715844938531518,47.84351348876953
7108.0,1.6621112823486328,8.027158737182617,0.0071233115158975124,47.84351348876953
7109.5,1.648590087890625,8.32998275756836,0.007144599221646786,47.84351348876953
7111.0,1.638365387916565,8.804134368896484,0.007107263430953026,47.84351348876953
7112.5,1.663938283920288,8.818952560424805,0.007151398342102766,47.84351348876953
7114.0,1.6651378870010376,8.75248908996582,0.00713441614061594,47.84351348876953
7115.5,1.6717897653579712,8.232060432434082,0.00714384950697422,47.84351348876953
7117.0,1.668233036994934,8.390745162963867,0.007122213486582041,47.84351348876953
7118.5,1.6407390832901,8.424365997314453,0.0071445005014538765,47.84351348876953
7120.0,1.6219067573547363,8.905204772949219,0.007173667661845684,47.84351348876953
7121.5,1.6490397453308105,8.333717346191406,0.007169946096837521,47.84351348876953
7123.0,1.6621707677841187,8.463441848754883,0.007158421911299229,47.84351348876953
7124.5,1.6126539707183838,8.120283126831055,0.007124456111341715,47.84351348876953
7126.0,1.6097148656845093,8.330052375793457,0.007134026847779751,47.84351348876953
7127.5,1.619908332824707,8.035295486450195,0.007128845434635878,47.84351348876953
7129.0,1.5959315299987793,8.179460525512695,0.007242530584335327,47.84351348876953
7130.5,1.5718576908111572,8.341127395629883,0.007192180957645178,47.84351348876953
7132.0,1.5974804162979126,8.30257797241211,0.007176017854362726,47.84351348876953
7133.5,1.638109803199768,8.094478607177734,0.007213415112346411,47.84351348876953
7135.0,1.652745008468628,8.47752571105957,0.0072891321033239365,47.84351348876953
7136.5,1.6607422828674316,8.563263893127441,0.00723612355068326,47.84351348876953
7138.0,1.6566439867019653,8.405994415283203,0.0072589837945997715,47.84351348876953
7139.5,1.6522859334945679,8.463417053222656,0.00718508567661047,47.84351348876953
7141.0,1.6592389345169067,8.422954559326172,0.007349746767431498,47.84351348876953
7142.5,1.6589983701705933,8.268181800842285,0.007525152526795864,47.84351348876953
7144.0,1.6470551490783691,8.975387573242188,0.0077411760576069355,47.84352111816406
7145.5,1.6869895458221436,9.141658782958984,0.00791169423609972,47.84352111816406
7147.0,1.6697931289672852,8.84473705291748,0.00791854877024889,47.83306884765625
7148.5,1.6315839290618896,8.872550964355469,0.007732169236987829,47.83306884765625
7150.0,1.6508357524871826,8.85200023651123,0.007435341831296682,47.83306884765625
7151.5,1.6620408296585083,8.426309585571289,0.0073172771371901035,47.84352111816406
7153.0,1.6631920337677002,8.818467140197754,0.007233266718685627,47.84351348876953
7154.5,1.626792550086975,8.318233489990234,0.007095637731254101,47.84351348876953
7156.0,1.6354382038116455,8.15761947631836,0.0070174760185182095,47.84351348876953
7157.5,1.6502833366394043,8.451545715332031,0.007106577977538109,47.84351348876953
7159.0,1.6666572093963623,8.550504684448242,0.007199455983936787,47.84351348876953
7160.5,1.6812434196472168,8.23385238647461,0.007278424222022295,47.84351348876953
7162.0,1.684156060218811,8.877330780029297,0.007273463997989893,47.833065032958984
7163.5,1.687750220298767,8.701736450195312,0.0073056831024587154,47.833065032958984
7165.0,1.645301342010498,8.387565612792969,0.007260275073349476,47.833065032958984
7166.5,1.6512916088104248,8.645849227905273,0.0072965072467923164,47.833065032958984
7168.0,1.678189754486084,8.742972373962402,0.0073499660938978195,47.833065032958984
7169.5,1.6584383249282837,8.436272621154785,0.007297394331544638,47.833065032958984
7171.0,1.6521395444869995,8.795682907104492,0.007344722282141447,47.83306884765625
7172.5,1.6579636335372925,8.91630744934082,0.007294632960110903,47.833065032958984
7174.0,1.696325659751892,8.359920501708984,0.007376554422080517,47.833065032958984
7175.5,1.6705068349838257,8.174372673034668,0.007356037385761738,47.833065032958984
7177.0,1.6470268964767456,8.986095428466797,0.007451260462403297,47.83306884765625
7178.5,1.707968831062317,8.762192726135254,0.007525051478296518,47.83306884765625
7180.0,1.652366280555725,8.197013854980469,0.007468615658581257,47.83306884765625
7181.5,1.6437911987304688,8.511919975280762,0.007364997174590826,47.83306884765625
7183.0,1.686895728111267,9.12972640991211,0.007465525530278683,47.83306884765625
7184.5,1.6152739524841309,8.208133697509766,0.007328135427087545,47.833065032958984
7186.0,1.6131008863449097,8.074604034423828,0.007254394236952066,47.833065032958984
7187.5,1.6401861906051636,8.62594223022461,0.007247434929013252,47.833065032958984
7189.0,1.6392277479171753,8.462237358093262,0.007151538506150246,47.822608947753906
7190.5,1.622505784034729,7.964206695556641,0.00709019647911191,47.822608947753906
7192.0,1.6466223001480103,8.395668983459473,0.007072643842548132,47.822608947753906
7193.5,1.6674023866653442,8.456668853759766,0.0071063232608139515,47.833065032958984
7195.0,1.6263395547866821,8.232583999633789,0.0071313944645226,47.833065032958984
7196.5,1.6576846837997437,8.4375,0.007135467603802681,47.833065032958984
7198.0,1.6948153972625732,8.801736831665039,0.0070949397049844265,47.833065032958984
7199.5,1.6574382781982422,8.304183959960938,0.007110627368092537,47.833065032958984
7201.0,1.6222691535949707,8.22778034210205,0.007124800700694323,47.84351348876953
7202.5,1.629777193069458,8.716713905334473,0.007144344504922628,47.84351348876953
7204.0,1.6211459636688232,8.239784240722656,0.007123952731490135,47.833065032958984
7205.5,1.6468364000320435,7.945041656494141,0.007099171169102192,47.833065032958984
7207.0,1.6433621644973755,8.179394721984863,0.007098017260432243,47.833065032958984
7208.5,1.6187443733215332,8.055656433105469,0.0070275599136948586,47.833065032958984
7210.0,1.6623814105987549,8.396529197692871,0.007065294310450554,47.822608947753906
7211.5,1.637357473373413,8.337509155273438,0.006990899331867695,47.822608947753906
7213.0,1.6392191648483276,8.130332946777344,0.006961410865187645,47.822608947753906
7214.5,1.6567015647888184,7.85701847076416,0.007001753896474838,47.81215286254883
7216.0,1.6107947826385498,8.092303276062012,0.006938055623322725,47.81215286254883
7217.5,1.6039828062057495,8.459508895874023,0.006902385037392378,47.81215286254883
7219.0,1.5896313190460205,8.014345169067383,0.006890284828841686,47.81215286254883
7220.5,1.6008408069610596,7.727957725524902,0.006929132156074047,47.81215286254883
7222.0,1.6330277919769287,8.267826080322266,0.00702601158991456,47.81215286254883
7223.5,1.6168992519378662,8.745498657226562,0.007140445522964001,47.81215286254883
7225.0,1.6166914701461792,8.870203971862793,0.007203397806733847,47.82261276245117
7226.5,1.6084189414978027,8.215261459350586,0.00714466255158186,47.822608947753906
7228.0,1.5995967388153076,7.590014934539795,0.007110937498509884,47.822608947753906
7229.5,1.6341530084609985,7.929507732391357,0.007163820788264275,47.822608947753906
7231.0,1.6526107788085938,8.749381065368652,0.0071460530161857605,47.822608947753906
7232.5,1.616397500038147,8.141430854797363,0.007136658299714327,47.822608947753906
7234.0,1.6404086351394653,7.941164016723633,0.007205989211797714,47.822608947753906
7235.5,1.6769894361495972,8.847784042358398,0.007366267964243889,47.82261276245117
7237.0,1.6521133184432983,9.354732513427734,0.0074542188085615635,47.812156677246094
7238.5,1.6379328966140747,7.712383270263672,0.00793465320020914,47.812164306640625
7240.0,1.5856361389160156,7.4378252029418945,0.009458407759666443,47.81218338012695
7241.5,1.612379550933838,11.268922805786133,0.011747388169169426,47.81222915649414
7243.0,1.677040457725525,12.891131401062012,0.013143676333129406,47.812255859375
7244.5,1.673890471458435,9.743887901306152,0.01282951608300209,47.81224822998047
7246.0,1.6713370084762573,9.840717315673828,0.012957300059497356,47.81224822998047
7247.5,1.7270578145980835,12.192429542541504,0.012737764045596123,47.8122444152832
7249.0,1.7037099599838257,12.075615882873535,0.011152581311762333,47.81221008300781
7250.5,1.6638981103897095,10.598424911499023,0.008994522504508495,47.81217575073242
7252.0,1.6521481275558472,9.127641677856445,0.007991552352905273,47.812164306640625
7253.5,1.6349401473999023,8.989242553710938,0.00823990162461996,47.812164306640625
7255.0,1.6165003776550293,10.524959564208984,0.008851995691657066,47.822628021240234
7256.5,1.6312294006347656,10.602273941040039,0.008805837482213974,47.822628021240234
7258.0,1.6607401371002197,9.492213249206543,0.00828840397298336,47.82262420654297
7259.5,1.6506614685058594,8.92874526977539,0.007662355434149504,47.83306884765625
7261.0,1.6784231662750244,9.124326705932617,0.007320734206587076,47.83306884765625
7262.5,1.6736997365951538,8.407200813293457,0.007258245721459389,47.84351348876953
7264.0,1.6146788597106934,7.999277591705322,0.007230029907077551,47.833065032958984
7265.5,1.6067808866500854,8.340855598449707,0.007288014050573111,47.833065032958984
7267.0,1.5931683778762817,8.08068561553955,0.007244295906275511,47.83306884765625
7268.5,1.5941013097763062,7.888201713562012,0.007352471351623535,47.83306884765625
7270.0,1.6426455974578857,8.568017959594727,0.007559795863926411,47.83306884765625
7319.5,1.7016406059265137,13.609529495239258,0.01214486826211214,47.812232971191406
7321.0,1.642797827720642,10.259737014770508,0.009672204963862896,47.81218719482422
7322.5,1.6495695114135742,8.5081787109375,0.007933929562568665,47.812164306640625
7324.0,1.6912158727645874,9.102876663208008,0.007246749009937048,47.812156677246094
7325.5,1.655713438987732,8.338092803955078,0.007056658621877432,47.81215286254883
7327.0,1.632182240486145,8.087533950805664,0.007026986684650183,47.81215286254883
7328.5,1.6640477180480957,8.428510665893555,0.007621513679623604,47.812156677246094
7330.0,1.5884073972702026,9.06825065612793,0.008868949487805367,47.81217956542969
7331.5,1.6236680746078491,10.550741195678711,0.009953780099749565,47.81219482421875
7333.0,1.6709355115890503,11.49185562133789,0.009507783688604832,47.81218719482422
7334.5,1.592360258102417,8.428363800048828,0.008006120100617409,47.812164306640625
7336.0,1.5911306142807007,7.285538673400879,0.007201371248811483,47.812156677246094
7337.5,1.6290132999420166,9.56021785736084,0.007094946689903736,47.81215286254883
7339.0,1.546510100364685,8.513201713562012,0.007265783380717039,47.812156677246094
7340.5,1.5281004905700684,7.114785194396973,0.008940952830016613,47.81217956542969
7342.0,1.6573235988616943,10.378973007202148,0.012521173804998398,47.81224060058594
7343.5,1.7650779485702515,13.126214981079102,0.01350727304816246,47.81226348876953
7345.0,1.6978204250335693,11.427772521972656,0.011242185719311237,47.812217712402344
7346.5,1.5771907567977905,9.336148262023926,0.008507941849529743,47.812171936035156
7348.0,1.6010257005691528,8.401748657226562,0.0073008243925869465,47.812156677246094
7349.5,1.5880002975463867,7.994091033935547,0.007197346538305283,47.812156677246094
7351.0,1.6051676273345947,8.120896339416504,0.007236487232148647,47.812156677246094
7352.5,1.6244794130325317,8.07022476196289,0.00742420693859458,47.801700592041016
7354.0,1.6157238483428955,8.373835563659668,0.007456533145159483,47.801700592041016
7355.5,1.6453732252120972,8.902141571044922,0.007407673168927431,47.801700592041016
7357.0,1.650748610496521,8.713665962219238,0.007456311956048012,47.801700592041016
7358.5,1.6122865676879883,7.708736896514893,0.008315782994031906,47.80170822143555
7360.0,1.635238766670227,9.087851524353027,0.009628267027437687,47.80173110961914
7361.5,1.6999155282974243,11.743154525756836,0.009829920716583729,47.80173110961914
7363.0,1.5836336612701416,9.877351760864258,0.008483542129397392,47.80171585083008
7364.5,1.5045223236083984,7.246083736419678,0.007464691065251827,47.801700592041016
7366.0,1.5572370290756226,8.768245697021484,0.0073400577530264854,47.801700592041016
7367.5,1.5154949426651,8.50623893737793,0.007704993709921837,47.812164306640625
7369.0,1.4415433406829834,7.076970100402832,0.0087094372138381,47.81217956542969
7370.5,1.605695366859436,9.726638793945312,0.011606663465499878,47.812225341796875
7372.0,1.6858320236206055,14.414392471313477,0.012972134165465832,47.81224822998047
7373.5,1.5765655040740967,11.56138801574707,0.01055440679192543,47.81220245361328
7375.0,1.519271731376648,7.7118635177612305,0.008175192400813103,47.812164306640625
7376.5,1.5497853755950928,7.634059906005859,0.007432776037603617,47.812156677246094
7378.0,1.5516108274459839,8.151655197143555,0.007229509763419628,47.81215286254883
7379.5,1.5892258882522583,7.682985305786133,0.007539082784205675,47.81215286254883
7381.0,1.594523549079895,7.780656814575195,0.007462818641215563,47.81215286254883
7382.5,1.5391815900802612,7.7873992919921875,0.007474069017916918,47.81215286254883
7384.0,1.5420632362365723,7.836122512817383,0.007453691679984331,47.81215286254883
7385.5,1.532253623008728,8.042457580566406,0.007416898850351572,47.81215286254883
7387.0,1.5681089162826538,8.123499870300293,0.007268892601132393,47.81215286254883
7388.5,1.5987327098846436,8.11262321472168,0.007187172304838896,47.81215286254883
7390.0,1.5972739458084106,8.449216842651367,0.007453433703631163,47.812156677246094
7391.5,1.5536823272705078,8.427728652954102,0.007917321287095547,47.812164306640625
7393.0,1.5324243307113647,8.950859069824219,0.008611595258116722,47.812171936035156
7394.5,1.6368837356567383,10.378840446472168,0.009261040017008781,47.81217956542969
7396.0,1.6293811798095703,10.231712341308594,0.008937685750424862,47.812171936035156
7397.5,1.5199964046478271,7.935787677764893,0.007549678441137075,47.812156677246094
7399.0,1.5468921661376953,7.918190956115723,0.007003661710768938,47.81215286254883
7400.5,1.5554578304290771,8.11959171295166,0.0073289950378239155,47.812156677246094
7402.0,1.5262081623077393,6.9444122314453125,0.0087159164249897,47.812171936035156
7403.5,1.6170848608016968,9.354486465454102,0.010746174491941929,47.81221008300781
7405.0,1.6575977802276611,12.836132049560547,0.01071370579302311,47.81221008300781
7406.5,1.5674254894256592,9.689504623413086,0.008881907910108566,47.812171936035156
7408.0,1.515190839767456,7.5387372970581055,0.007463615387678146,47.812156677246094
7409.5,1.5007644891738892,7.719508647918701,0.007084475830197334,47.81215286254883
7411.0,1.48501718044281,7.570493698120117,0.007029396947473288,47.81215286254883
7412.5,1.4853980541229248,7.4113569259643555,0.007103475742042065,47.81215286254883
7414.0,1.5127564668655396,7.881850242614746,0.007286504376679659,47.81215286254883
7415.5,1.620384693145752,8.27939224243164,0.007299984339624643,47.81215286254883
7417.0,1.6826486587524414,8.213682174682617,0.007244668435305357,47.81215286254883
7418.5,1.6953136920928955,8.129206657409668,0.007185866590589285,47.81215286254883
7420.0,1.6438969373703003,8.508073806762695,0.007095897104591131,47.81215286254883
7421.5,1.5386663675308228,7.814281463623047,0.006924289744347334,47.81215286254883
7423.0,1.4924430847167969,7.187310218811035,0.006808165460824966,47.81215286254883
7424.5,1.5393198728561401,7.389435768127441,0.006896931678056717,47.81215286254883
7426.0,1.5433621406555176,8.37126636505127,0.006862379144877195,47.81215286254883
7427.5,1.5104066133499146,7.813611030578613,0.006854850798845291,47.81215286254883
7429.0,1.5097039937973022,6.992465496063232,0.007045417092740536,47.81215286254883
7430.5,1.4965683221817017,7.435699939727783,0.007601586170494556,47.8226203918457
7432.0,1.5172940492630005,9.495469093322754,0.008069794625043869,47.82262420654297
7433.5,1.5631182193756104,9.135257720947266,0.00783693790435791,47.84352493286133
7435.0,1.5376482009887695,7.85247802734375,0.007322183344513178,47.8435173034668
7436.5,1.5002774000167847,7.416040420532227,0.007123349234461784,47.84351348876953
7438.0,1.5050077438354492,7.657184600830078,0.007624696008861065,47.84352111816406
7439.5,1.5540850162506104,8.580236434936523,0.008726751431822777,47.83308410644531
7441.0,1.607971429824829,9.67628002166748,0.009251467883586884,47.81218338012695
7442.5,1.5932427644729614,9.088823318481445,0.008541631512343884,47.812171936035156
7444.0,1.5330071449279785,7.819106101989746,0.00748620368540287,47.812156677246094
7445.5,1.513210654258728,7.266968727111816,0.007047093007713556,47.81215286254883
7447.0,1.5262818336486816,7.725430488586426,0.0069993119686841965,47.81215286254883
7448.5,1.5323809385299683,7.630193710327148,0.006974778603762388,47.81215286254883
7450.0,1.5301426649093628,7.579392433166504,0.007010035216808319,47.81215286254883
7451.5,1.5295354127883911,7.629021644592285,0.006974847987294197,47.81215286254883
7453.0,1.5680838823318481,7.808589458465576,0.007027335464954376,47.81215286254883
7454.5,1.5856728553771973,7.837200164794922,0.00704726530238986,47.81215286254883
7456.0,1.5930454730987549,7.962217330932617,0.007048225030303001,47.81215286254883
7457.5,1.56843900680542,7.849132537841797,0.006985845975577831,47.81215286254883
7459.0,1.5512051582336426,8.000889778137207,0.006947112735360861,47.81215286254883
7460.5,1.5571902990341187,8.223443984985352,0.0070121074095368385,47.81215286254883
7462.0,1.5249278545379639,8.027084350585938,0.0070613413117825985,47.81215286254883
7463.5,1.54756498336792,8.047494888305664,0.0072100283578038216,47.812156677246094
7465.0,1.5955798625946045,8.69766616821289,0.007400724571198225,47.812156677246094
7466.5,1.5611684322357178,8.007221221923828,0.00747161079198122,47.812156677246094
7468.0,1.5522159337997437,7.798158645629883,0.007632639724761248,47.81216049194336
7469.5,1.5465586185455322,7.935297966003418,0.007605756167322397,47.81216049194336
7471.0,1.5072847604751587,7.9745378494262695,0.007517341524362564,47.81216049194336
7472.5,1.5159764289855957,8.888595581054688,0.00795549526810646,47.812164306640625
7474.0,1.5187034606933594,9.775325775146484,0.008494908921420574,47.822628021240234
7475.5,1.510099172592163,8.995246887207031,0.008692477829754353,47.822628021240234
7477.0,1.5299996137619019,8.986961364746094,0.008212894201278687,47.82262420654297
7478.5,1.5612841844558716,8.508447647094727,0.007947513833642006,47.8226203918457
7480.0,1.5819123983383179,8.232895851135254,0.008368341252207756,47.82262420654297
7481.5,1.5844190120697021,9.336074829101562,0.008722737431526184,47.822628021240234
7483.0,1.5667250156402588,10.355329513549805,0.008693053387105465,47.822628021240234
7484.5,1.554978370666504,10.110573768615723,0.008711330592632294,47.822628021240234
7486.0,1.5823562145233154,10.183659553527832,0.008822022937238216,47.822635650634766
7487.5,1.5549758672714233,9.210990905761719,0.008269786834716797,47.82262420654297
7489.0,1.503930926322937,7.564430236816406,0.007453876547515392,47.82261276245117
7490.5,1.546988844871521,7.771234512329102,0.007211318705230951,47.822608947753906
7492.0,1.5665547847747803,8.025116920471191,0.007123193703591824,47.822608947753906
7493.5,1.5245906114578247,7.318914413452148,0.0071928249672055244,47.822608947753906
7495.0,1.5315120220184326,8.00326156616211,0.007410428486764431,47.82261276245117
7496.5,1.595463514328003,8.777239799499512,0.007545188069343567,47.82261276245117
7498.0,1.620004415512085,7.93842077255249,0.007360001560300589,47.822608947753906
7499.5,1.5631908178329468,7.333388328552246,0.00710937287658453,47.822608947753906
7501.0,1.5245580673217773,7.80667781829834,0.007029873784631491,47.822608947753906
7502.5,1.5118732452392578,8.090032577514648,0.007033633533865213,47.822608947753906
7504.0,1.5393576622009277,8.02224349975586,0.00706186518073082,47.822608947753906
7505.5,1.5264068841934204,8.019021034240723,0.007033764384686947,47.822608947753906
7507.0,1.500030755996704,8.012186050415039,0.0069590467028319836,47.822608947753906
7508.5,1.5096063613891602,7.383068084716797,0.006957161705940962,47.822608947753906
7510.0,1.5401532649993896,7.553497314453125,0.006988202687352896,47.822608947753906
7511.5,1.5547863245010376,7.951272964477539,0.007001957856118679,47.822608947753906
7513.0,1.5578924417495728,8.138381958007812,0.0069900695234537125,47.822608947753906
7514.5,1.549789309501648,7.6372575759887695,0.006942689418792725,47.81215286254883
7516.0,1.5182890892028809,7.190182685852051,0.007030516862869263,47.81215286254883
7517.5,1.4993259906768799,7.350052833557129,0.007252892013639212,47.81215286254883
7519.0,1.5298370122909546,8.230957984924316,0.007589433342218399,47.812156677246094
7520.5,1.5859763622283936,9.039628982543945,0.007628760766237974,47.812156677246094
7522.0,1.5380573272705078,9.1453218460083,0.007528676185756922,47.812156677246094
7523.5,1.5015692710876465,8.00522232055664,0.008348016999661922,47.81216812133789
7525.0,1.5407103300094604,8.456893920898438,0.010442322120070457,47.812198638916016
7526.5,1.6155383586883545,10.90312385559082,0.011833573691546917,47.812225341796875
7528.0,1.6123336553573608,12.144965171813965,0.010357756167650223,47.812198638916016
7529.5,1.5263954401016235,8.877634048461914,0.008370080031454563,47.80170822143555
7531.0,1.4983437061309814,7.427343368530273,0.007703749928623438,47.80170440673828
7532.5,1.611017107963562,8.918498992919922,0.008146298117935658,47.80170822143555
7534.0,1.6540473699569702,9.506845474243164,0.00822919700294733,47.80170822143555
7535.5,1.5550953149795532,8.139320373535156,0.007557352539151907,47.801700592041016
7537.0,1.5161319971084595,7.906049728393555,0.007125326432287693,47.801692962646484
7538.5,1.539901852607727,8.027960777282715,0.007080117706209421,47.801692962646484
7540.0,1.5672749280929565,7.778694152832031,0.007205944508314133,47.801692962646484
7541.5,1.5537995100021362,7.533969402313232,0.00736289843916893,47.801700592041016
7543.0,1.532881736755371,8.055946350097656,0.007423190865665674,47.801700592041016
7544.5,1.5591723918914795,8.498364448547363,0.007277107331901789,47.80169677734375
7546.0,1.5735825300216675,7.855574607849121,0.007089599967002869,47.801692962646484
7547.5,1.5743874311447144,7.460310935974121,0.007098788861185312,47.801692962646484
7549.0,1.5637580156326294,7.7847795486450195,0.007053134962916374,47.801692962646484
7550.5,1.5528664588928223,7.791954040527344,0.007021342404186726,47.801692962646484
7552.0,1.5410979986190796,7.894768714904785,0.006987228523939848,47.801692962646484
7553.5,1.5735613107681274,8.296103477478027,0.007034607697278261,47.801692962646484
7555.0,1.5884144306182861,8.269014358520508,0.007097261492162943,47.801692962646484
7556.5,1.534989833831787,7.254448413848877,0.007153643295168877,47.801692962646484
7558.0,1.5595152378082275,7.721114158630371,0.0074670580215752125,47.801700592041016
7559.5,1.6159073114395142,9.415818214416504,0.007856741547584534,47.812164306640625
7561.0,1.573435664176941,9.634126663208008,0.00774760777130723,47.812164306640625
7562.5,1.5467668771743774,7.937699317932129,0.007342583034187555,47.812156677246094
7564.0,1.5835109949111938,7.69059944152832,0.00707786763086915,47.81215286254883
7565.5,1.5811673402786255,8.47764778137207,0.007031561341136694,47.81215286254883
7567.0,1.5378292798995972,8.15057373046875,0.006987391971051693,47.81215286254883
7568.5,1.5332412719726562,8.264715194702148,0.007245765533298254,47.801700592041016
7570.0,1.5771807432174683,9.181610107421875,0.007568708620965481,47.812156677246094
7571.5,1.5544148683547974,8.355073928833008,0.008154410868883133,47.81216812133789
7573.0,1.540326714515686,8.690407752990723,0.009328020736575127,47.81218338012695
7574.5,1.606063723564148,9.859776496887207,0.009801434352993965,47.81219482421875
7576.0,1.5931864976882935,10.320852279663086,0.009137220680713654,47.81217956542969
7577.5,1.5309131145477295,9.66627025604248,0.007810203358530998,47.812164306640625
7579.0,1.5166617631912231,8.21225357055664,0.007128039840608835,47.81215286254883
7580.5,1.541058897972107,7.834247589111328,0.006947700399905443,47.81215286254883
7582.0,1.568569540977478,7.829232215881348,0.006941089406609535,47.81215286254883
7807.0,1.5286717414855957,8.47884464263916,0.007184427697211504,47.7807731628418
7808.5,1.5281096696853638,8.23968505859375,0.008451989851891994,47.78078842163086
7810.0,1.4983900785446167,8.594589233398438,0.010250103659927845,47.77035140991211
7811.5,1.58258855342865,10.18173599243164,0.010409397073090076,47.770355224609375
7813.0,1.618513822555542,10.326379776000977,0.009288962930440903,47.77033615112305
7814.5,1.5726304054260254,7.99417781829834,0.00789913535118103,47.77031326293945
7816.0,1.5505962371826172,7.744232177734375,0.007543258834630251,47.77030944824219
7817.5,1.558843970298767,9.191615104675293,0.007540280930697918,47.77030944824219
7819.0,1.5485930442810059,9.253992080688477,0.007538207340985537,47.77030944824219
7820.5,1.5104073286056519,7.042315483093262,0.008495675399899483,47.79125213623047
7822.0,1.564035415649414,7.930290222167969,0.011588056571781635,47.79130172729492
7823.5,1.6715046167373657,12.114938735961914,0.014834984205663204,47.79137420654297
7825.0,1.6954624652862549,13.651632308959961,0.014899393543601036,47.81230163574219
7826.5,1.6480486392974854,10.755395889282227,0.010592025704681873,47.81220245361328
7828.0,1.5535376071929932,8.731498718261719,0.007848025299608707,47.812164306640625
7829.5,1.5444121360778809,8.404359817504883,0.007370717823505402,47.791236877441406
7831.0,1.5695974826812744,8.50069522857666,0.007380968891084194,47.801700592041016
7832.5,1.5447466373443604,8.256147384643555,0.0073196473531425,47.801700592041016
7834.0,1.5462456941604614,8.019712448120117,0.00725478446111083,47.7807731628418
7835.5,1.563664197921753,7.869285583496094,0.007271268405020237,47.77030563354492
7837.0,1.5536736249923706,8.289490699768066,0.00726867001503706,47.77030563354492
7838.5,1.5481520891189575,8.332332611083984,0.007222739513963461,47.77030563354492
7840.0,1.5469272136688232,8.699821472167969,0.007421196438372135,47.77030944824219
7841.5,1.578481674194336,9.499625205993652,0.008695942349731922,47.77032470703125
7843.0,1.6662039756774902,10.833383560180664,0.010805240832269192,47.77035140991211
7844.5,1.6568936109542847,11.402229309082031,0.010771987959742546,47.77035140991211
7846.0,1.5454901456832886,9.469414710998535,0.00911155715584755,47.77032470703125
7847.5,1.5144699811935425,7.13650369644165,0.007810754235833883,47.791236877441406
7849.0,1.5589451789855957,7.652791976928711,0.0076322709210217,47.791236877441406
7850.5,1.5431758165359497,8.776022911071777,0.00826748926192522,47.79124450683594
7852.0,1.506441354751587,7.7035346031188965,0.00923828687518835,47.791259765625
7853.5,1.5805410146713257,8.627226829528809,0.011487677693367004,47.791297912597656
7855.0,1.714813232421875,13.489601135253906,0.015482773073017597,47.7913932800293
7856.5,1.7113534212112427,14.711021423339844,0.01610484905540943,47.79140853881836
7858.0,1.5809916257858276,11.66189956665039,0.012577539309859276,47.770389556884766
7859.5,1.5548641681671143,8.735350608825684,0.009708969853818417,47.78080368041992
7861.0,1.6139256954193115,9.056927680969238,0.009775836952030659,47.78080749511719
7862.5,1.6108930110931396,10.959641456604004,0.010757258161902428,47.780826568603516
7864.0,1.5923421382904053,11.097061157226562,0.010977747850120068,47.78083038330078
7865.5,1.5623663663864136,8.323163986206055,0.008963809348642826,47.78079605102539
7867.0,1.503568172454834,6.719853401184082,0.00758213410153985,47.75984573364258
7868.5,1.5156021118164062,7.889788627624512,0.008188163861632347,47.75985336303711
7870.0,1.5479387044906616,9.561112403869629,0.009174451231956482,47.75986862182617
7871.5,1.5673511028289795,10.002189636230469,0.01051044836640358,47.7598876953125
7873.0,1.6193616390228271,10.43124771118164,0.011509969830513,47.75990676879883
7874.5,1.5981782674789429,10.38726806640625,0.010398649610579014,47.7598876953125
7876.0,1.5372145175933838,9.36945915222168,0.008175604976713657,47.75985336303711
7877.5,1.5351128578186035,7.983100891113281,0.007425522431731224,47.75984191894531
7879.0,1.5216020345687866,7.869964122772217,0.008200818672776222,47.75985336303711
7880.5,1.53829026222229,9.294873237609863,0.009781409054994583,47.7598762512207
7882.0,1.6169651746749878,11.247377395629883,0.01052366103976965,47.7598876953125
7883.5,1.6068589687347412,11.273052215576172,0.01021250244230032,47.759883880615234
7885.0,1.5103641748428345,9.50245475769043,0.009402461349964142,47.75987243652344
7886.5,1.5476833581924438,8.826409339904785,0.00842067040503025,47.759857177734375
7888.0,1.5681766271591187,8.697808265686035,0.008105985820293427,47.75985336303711
7889.5,1.46769380569458,8.10953426361084,0.009168567135930061,47.74939727783203
7891.0,1.5497430562973022,9.096694946289062,0.011570395901799202,47.74943923950195
7892.5,1.642045021057129,10.573738098144531,0.0131422383710742,47.74946975708008
7894.0,1.587956428527832,10.097870826721191,0.011402764357626438,47.74943161010742
7895.5,1.5533268451690674,8.10270881652832,0.008828867226839066,47.749393463134766
7897.0,1.5461097955703735,7.7579803466796875,0.0078123281709849834,47.74937438964844
7898.5,1.550459384918213,8.125036239624023,0.007627473678439856,47.74937438964844
7900.0,1.567595362663269,8.229310989379883,0.007523996755480766,47.74937057495117
7901.5,1.5222128629684448,7.9846062660217285,0.007318776100873947,47.74937057495117
7903.0,1.4877326488494873,8.009557723999023,0.00719976844266057,47.75984191894531
7904.5,1.5290411710739136,7.71105432510376,0.007250032387673855,47.77030944824219
7906.0,1.5661158561706543,7.686275482177734,0.007371753454208374,47.77030944824219
7907.5,1.5165849924087524,7.670611381530762,0.00741547578945756,47.77030944824219
7909.0,1.4921716451644897,8.482514381408691,0.00737656420096755,47.77030944824219
7910.5,1.5484241247177124,8.808995246887207,0.007609349209815264,47.77031326293945
7912.0,1.5238420963287354,7.659748077392578,0.008070860058069229,47.77031707763672
7913.5,1.4638782739639282,7.9811506271362305,0.010994630865752697,47.759891510009766
7915.0,1.6069287061691284,11.950630187988281,0.015967177227139473,47.760005950927734
7916.5,1.6715563535690308,13.753124237060547,0.017207566648721695,47.76004409790039
7918.0,1.5420893430709839,10.926822662353516,0.013557220809161663,47.759944915771484
7919.5,1.4952224493026733,8.138846397399902,0.010010032914578915,47.75988006591797
7921.0,1.5025283098220825,8.91667652130127,0.009557276964187622,47.75987243652344
7922.5,1.5354219675064087,11.572021484375,0.011719902977347374,47.75991439819336
7924.0,1.605948567390442,13.13023567199707,0.012424339540302753,47.75992965698242
7925.5,1.5640084743499756,10.216142654418945,0.010493949055671692,47.7598876953125
7927.0,1.523358702659607,7.9065260887146,0.008222167380154133,47.75985336303711
7928.5,1.5155444145202637,8.035386085510254,0.007497080601751804,47.77030944824219
7930.0,1.4477686882019043,8.294782638549805,0.007695202250033617,47.75984573364258
7931.5,1.479936122894287,9.015159606933594,0.009169822558760643,47.75986862182617
7933.0,1.5727721452713013,10.549667358398438,0.011137298308312893,47.75990295410156
7934.5,1.569846272468567,10.32487678527832,0.01091424748301506,47.7598991394043
7936.0,1.5542842149734497,9.221967697143555,0.009256484918296337,47.74939727783203
7937.5,1.5238982439041138,7.868223667144775,0.007749536074697971,47.74937438964844
7939.0,1.4740046262741089,7.212401390075684,0.007111161015927792,47.749366760253906
7940.5,1.5119504928588867,7.358924865722656,0.007105100434273481,47.749366760253906
7942.0,1.5265672206878662,7.7412309646606445,0.007142878137528896,47.749366760253906
7943.5,1.4878515005111694,7.478808403015137,0.007194976322352886,47.749366760253906
7945.0,1.5211228132247925,7.181118011474609,0.007327792700380087,47.74937057495117
7946.5,1.5138612985610962,7.7538909912109375,0.007509004790335894,47.74937057495117
7948.0,1.484651803970337,8.297895431518555,0.007979468442499638,47.74937438964844
7949.5,1.5154461860656738,8.191484451293945,0.008613159880042076,47.749385833740234
7951.0,1.5591232776641846,9.154970169067383,0.009483518078923225,47.7494010925293
7952.5,1.5396864414215088,9.948211669921875,0.009525559842586517,47.7494010925293
7954.0,1.4594069719314575,8.59240436553955,0.008321131579577923,47.74938201904297
7955.5,1.4396458864212036,6.9168195724487305,0.00733439764007926,47.74937057495117
7957.0,1.467402458190918,7.3044843673706055,0.007032521069049835,47.749366760253906
7958.5,1.4750075340270996,7.321767330169678,0.0069459970109164715,47.749366760253906
7960.0,1.4728567600250244,7.161940574645996,0.006966130807995796,47.75983428955078
7961.5,1.4495106935501099,7.8765764236450195,0.0069113667123019695,47.75983428955078
7963.0,1.4006632566452026,7.415301322937012,0.007214758079499006,47.77030944824219
7964.5,1.4277292490005493,6.5635786056518555,0.009238169528543949,47.77033615112305
7966.0,1.5332962274551392,9.557567596435547,0.012503331527113914,47.7703971862793
7967.5,1.5474159717559814,12.987329483032227,0.013787723146378994,47.77042770385742
7969.0,1.4644525051116943,11.605679512023926,0.011956336908042431,47.7703857421875
7970.5,1.440816044807434,9.073375701904297,0.008965578861534595,47.77033233642578
7972.0,1.4875634908676147,8.14129638671875,0.007796799764037132,47.74937438964844
7973.5,1.4985789060592651,7.4091997146606445,0.007409766782075167,47.74937057495117
7975.0,1.4733052253723145,7.489056587219238,0.007205313537269831,47.749366760253906
7976.5,1.4884580373764038,8.229795455932617,0.007489296142011881,47.74937057495117
7978.0,1.5316587686538696,9.166353225708008,0.008182407356798649,47.74937438964844
7979.5,1.5237771272659302,9.371877670288086,0.00969320721924305,47.75986862182617
7981.0,1.5452090501785278,10.369244575500488,0.01099731121212244,47.759891510009766
7982.5,1.5670394897460938,11.253377914428711,0.0110622001811862,47.759891510009766
7984.0,1.4987995624542236,9.678565979003906,0.009523673914372921,47.75986862182617
7985.5,1.4623451232910156,7.284910202026367,0.007889465428888798,47.75984573364258
7987.0,1.5128881931304932,7.007995128631592,0.0073801674880087376,47.75983428955078
7988.5,1.4889384508132935,7.897259712219238,0.00736316479742527,47.75983810424805
7990.0,1.4845213890075684,8.878870964050293,0.007542105857282877,47.75984191894531
7991.5,1.4933854341506958,9.089415550231934,0.008009816519916058,47.75984573364258
7993.0,1.4655438661575317,8.18397045135498,0.009856129065155983,47.75987243652344
7994.5,1.5094741582870483,8.488489151000977,0.013715285807847977,47.75994873046875
7996.0,1.584537386894226,10.686836242675781,0.016118887811899185,47.760009765625
7997.5,1.544690728187561,11.48877239227295,0.013093444518744946,47.770408630371094
7999.0,1.523376226425171,9.045799255371094,0.009463716298341751,47.77033615112305
8000.5,1.5178477764129639,7.379254341125488,0.008058649487793446,47.77031326293945
8002.0,1.4479211568832397,7.561741828918457,0.0077774110250175,47.77030944824219
8003.5,1.425697684288025,7.809620380401611,0.007703053764998913,47.77030944824219
8005.0,1.4713976383209229,8.30850601196289,0.007449684664607048,47.77030944824219
8006.5,1.5161560773849487,7.987624168395996,0.007379877846688032,47.77030944824219
8008.0,1.525944471359253,7.44266939163208,0.007256278768181801,47.75983810424805
8009.5,1.5165889263153076,7.436342239379883,0.007140686269849539,47.75983428955078
8011.0,1.488838791847229,7.715308666229248,0.007043665274977684,47.75983428955078
8012.5,1.4101428985595703,7.269888877868652,0.007302150130271912,47.75984191894531
8014.0,1.3687260150909424,7.496925354003906,0.008076057769358158,47.770320892333984
8015.5,1.4270073175430298,8.737394332885742,0.009577075019478798,47.77034378051758
8017.0,1.4220632314682007,8.88378620147705,0.01006364356726408,47.77035140991211
8018.5,1.3900426626205444,6.912199974060059,0.008847937919199467,47.770328521728516
8020.0,1.397903323173523,6.312370300292969,0.007588482461869717,47.77031326293945
8021.5,1.3925787210464478,6.629945755004883,0.007091580890119076,47.77031326293945
8023.0,1.3247721195220947,6.981637954711914,0.006957405712455511,47.77031707763672
8024.5,1.2375051975250244,6.40488862991333,0.007518831640481949,47.770320892333984
8026.0,1.270527958869934,8.344616889953613,0.009715521708130836,47.77033996582031
8027.5,1.451205849647522,10.539252281188965,0.013057667762041092,47.7703971862793
8029.0,1.6299792528152466,12.322956085205078,0.013449043035507202,47.77040481567383
8030.5,1.5817285776138306,13.165632247924805,0.011179628781974316,47.75989532470703
8032.0,1.4774887561798096,10.30745792388916,0.008737580850720406,47.759857177734375
8033.5,1.502246618270874,8.70289134979248,0.007748691830784082,47.75984573364258
8035.0,1.570406436920166,9.027661323547363,0.007446572184562683,47.75984191894531
8036.5,1.5723445415496826,8.555242538452148,0.007322635967284441,47.75983810424805
8038.0,1.5030043125152588,8.151130676269531,0.007155475206673145,47.75983810424805
8039.5,1.4821250438690186,8.026590347290039,0.007065181620419025,47.75983428955078
8041.0,1.525862216949463,7.901113986968994,0.007101056165993214,47.75983810424805
8042.5,1.5333057641983032,7.831877708435059,0.007434888742864132,47.75983810424805
8044.0,1.502289891242981,7.821037292480469,0.007628271356225014,47.75983810424805
8045.5,1.4948339462280273,7.246214866638184,0.007571989204734564,47.75983810424805
8047.0,1.4924237728118896,7.191332817077637,0.007578090764582157,47.75983428955078
8048.5,1.4664499759674072,7.282491683959961,0.0075446260161697865,47.75983428955078
8050.0,1.4179084300994873,6.709609031677246,0.00748781394213438,47.75983810424805
8051.5,1.4054720401763916,6.652406215667725,0.007897526025772095,47.75984191894531
8053.0,1.4325965642929077,8.270927429199219,0.00875087734311819,47.759857177734375
8054.5,1.4497061967849731,8.585761070251465,0.00899617187678814,47.75986099243164
8056.0,1.4327031373977661,7.499942779541016,0.008405066095292568,47.759857177734375
8057.5,1.4409950971603394,6.836509704589844,0.007447636686265469,47.75984191894531
8059.0,1.5100387334823608,6.983752727508545,0.007195695769041777,47.75984191894531
8060.5,1.4960919618606567,6.924242973327637,0.007232740055769682,47.75984191894531
8062.0,1.4287848472595215,6.862317085266113,0.00794748030602932,47.75984573364258
8063.5,1.4632725715637207,7.411502838134766,0.009663102217018604,47.7598762512207
8065.0,1.5048177242279053,8.013862609863281,0.010424724780023098,47.7598876953125
8066.5,1.4664251804351807,7.288114547729492,0.009052631445229053,47.75986862182617
8068.0,1.4413819313049316,7.199660301208496,0.007568108383566141,47.75984573364258
8069.5,1.5006358623504639,7.63209867477417,0.0070943948812782764,47.75983810424805
8071.0,1.5411709547042847,7.809247016906738,0.007005258928984404,47.75983428955078
8072.5,1.474424123764038,7.239023208618164,0.006916557904332876,47.75983428955078
8074.0,1.4373977184295654,7.385847568511963,0.006841058377176523,47.75983428955078
8075.5,1.4923089742660522,7.580594539642334,0.006976641248911619,47.75983428955078
8077.0,1.5232793092727661,7.552942752838135,0.007086149416863918,47.75983810424805
8078.5,1.4629921913146973,8.07467269897461,0.007162336725741625,47.75984191894531
8080.0,1.4092862606048584,8.40852165222168,0.007133851759135723,47.75984191894531
8081.5,1.4476908445358276,7.436610221862793,0.007080105599015951,47.75983810424805
8083.0,1.46144700050354,6.912109375,0.0070131560787558556,47.75983428955078
8084.5,1.4398200511932373,7.195569038391113,0.007042638026177883,47.749366760253906
8086.0,1.4618269205093384,7.811212062835693,0.007246016059070826,47.74937057495117
8087.5,1.5008609294891357,8.210726737976074,0.007412292063236237,47.74937057495117
8089.0,1.510007619857788,8.093400001525879,0.007316606119275093,47.74937057495117
8090.5,1.5094988346099854,7.709829807281494,0.007088908925652504,47.749366760253906
8092.0,1.50546395778656,7.515927314758301,0.006998779252171516,47.749366760253906
8093.5,1.4797934293746948,7.648501396179199,0.007175209000706673,47.74937057495117
8095.0,1.473784327507019,8.44636058807373,0.007651102263480425,47.74937438964844
8096.5,1.4908808469772339,8.606470108032227,0.007877147756516933,47.74937438964844
8098.0,1.4899152517318726,8.128847122192383,0.007568235043436289,47.74937438964844
8099.5,1.4839118719100952,7.389743328094482,0.007495814003050327,47.749366760253906
8101.0,1.486733317375183,7.1751508712768555,0.007523139473050833,47.749366760253906
8102.5,1.4861118793487549,7.1804375648498535,0.008102422580122948,47.74937438964844
8104.0,1.4968312978744507,7.669355392456055,0.00915969256311655,47.749385833740234
8105.5,1.4751176834106445,8.339274406433105,0.009268329478800297,47.749393463134766
8107.0,1.4469139575958252,8.051502227783203,0.008526146411895752,47.74938201904297
8108.5,1.4346975088119507,7.171328544616699,0.007510247640311718,47.74937057495117
8110.0,1.4673748016357422,7.314784049987793,0.007170411292463541,47.749366760253906
8111.5,1.4978201389312744,7.636747360229492,0.007161153946071863,47.749366760253906
8113.0,1.5136045217514038,7.586906433105469,0.007149797398597002,47.749366760253906
8114.5,1.50182044506073,7.434345245361328,0.007108061574399471,47.749366760253906
8116.0,1.4760788679122925,7.781926155090332,0.007078258320689201,47.749366760253906
8117.5,1.461809515953064,7.697871685028076,0.0070600006729364395,47.749366760253906
8119.0,1.4744936227798462,7.351637363433838,0.006968650035560131,47.749366760253906
8120.5,1.5006310939788818,7.322012901306152,0.006973001640290022,47.749366760253906
8122.0,1.4958266019821167,7.672097682952881,0.006930503994226456,47.749366760253906
8123.5,1.4779647588729858,7.399003028869629,0.007024092134088278,47.749366760253906
8125.0,1.4824731349945068,7.334710121154785,0.007083151023834944,47.749366760253906
8126.5,1.4812114238739014,7.4051408767700195,0.007113128900527954,47.749366760253906
8128.0,1.4722938537597656,7.247002601623535,0.007018818985670805,47.749366760253906
8129.5,1.475864052772522,7.144725799560547,0.007156594656407833,47.749366760253906
8131.0,1.4927852153778076,7.410953521728516,0.007169993128627539,47.749366760253906
8132.5,1.4921612739562988,7.614941120147705,0.00711525185033679,47.75983810424805
8134.0,1.5063714981079102,7.486321449279785,0.007198831997811794,47.75983810424805
8135.5,1.4944535493850708,7.456921577453613,0.007209120783954859,47.75984191894531
8137.0,1.4783095121383667,7.535618782043457,0.007222597952932119,47.75984191894531
8138.5,1.4826651811599731,7.369140625,0.007303901482373476,47.75984191894531
8140.0,1.4704638719558716,7.696954727172852,0.0075901164673268795,47.75984191894531
8141.5,1.47665536403656,8.41189956665039,0.007719465531408787,47.75984573364258
8143.0,1.475320816040039,8.27685260772705,0.0076035792008042336,47.75984573364258
8144.5,1.4449968338012695,6.927791118621826,0.007282906677573919,47.75984191894531
8146.0,1.4441750049591064,6.802159309387207,0.00716206943616271,47.7807731628418
8147.5,1.4956936836242676,7.780819416046143,0.007567849010229111,47.7807731628418
8149.0,1.5134886503219604,9.299036026000977,0.008012542501091957,47.770320892333984
8150.5,1.4848997592926025,8.41225528717041,0.007892491295933723,47.77031326293945
8152.0,1.4745646715164185,7.168341636657715,0.007411102298647165,47.77030944824219
8153.5,1.4917360544204712,7.2628889083862305,0.007185331545770168,47.75983810424805
8155.0,1.4979192018508911,7.381292343139648,0.007154481951147318,47.75983428955078
8156.5,1.4616775512695312,7.091931343078613,0.007082357537001371,47.75983428955078
8158.0,1.4535104036331177,7.3894853591918945,0.0070771281607449055,47.75983428955078
8159.5,1.4740259647369385,7.576427936553955,0.00706941494718194,47.749366760253906
8161.0,1.4572275876998901,7.387078285217285,0.007108459714800119,47.749366760253906
8162.5,1.444824457168579,7.335082530975342,0.0071805729530751705,47.749366760253906
8164.0,1.4882631301879883,7.408149242401123,0.007170708850026131,47.749366760253906
8165.5,1.479986548423767,7.361166000366211,0.007205446250736713,47.749366760253906
8167.0,1.4382948875427246,7.3745832443237305,0.007112191058695316,47.749366760253906
8168.5,1.4373178482055664,7.122587203979492,0.007024505641311407,47.749366760253906
8170.0,1.4536304473876953,6.99068021774292,0.007074507884681225,47.749366760253906
8171.5,1.4795207977294922,7.190766334533691,0.007083226460963488,47.749366760253906
8173.0,1.491465449333191,7.70712423324585,0.007188865914940834,47.749366760253906
8174.5,1.4859967231750488,7.672065734863281,0.0071069179102778435,47.749366760253906
8176.0,1.4698081016540527,7.570497035980225,0.007064102683216333,47.749366760253906
8177.5,1.4645648002624512,7.601156234741211,0.0070924218744039536,47.749366760253906
8179.0,1.470950722694397,7.548286437988281,0.007161121815443039,47.749366760253906
8180.5,1.4563957452774048,7.649697303771973,0.007316455245018005,47.74937057495117
8182.0,1.4445619583129883,7.6556620597839355,0.007462183944880962,47.74937057495117
8183.5,1.479323148727417,7.324972152709961,0.007636540569365025,47.74937438964844
8185.0,1.4892863035202026,7.182742595672607,0.0078251538798213,47.74937438964844
8186.5,1.4395817518234253,7.255992889404297,0.0077833873219788074,47.74937438964844
8188.0,1.4571435451507568,7.667652130126953,0.00784243829548359,47.74937438964844
8189.5,1.4722117185592651,7.713505744934082,0.007824662141501904,47.74937438964844
8191.0,1.4245643615722656,7.425273895263672,0.007841723971068859,47.74937438964844
8192.5,1.4629374742507935,7.430545806884766,0.00777463149279356,47.74937438964844
8194.0,1.4832953214645386,7.597044944763184,0.007835977710783482,47.74937438964844
8195.5,1.4120627641677856,7.228453636169434,0.007803414948284626,47.74937438964844
8197.0,1.4254980087280273,7.07659912109375,0.008013572543859482,47.74937438964844
8198.5,1.4663175344467163,6.824098587036133,0.008302118629217148,47.74938201904297
8200.0,1.4683088064193726,7.140144348144531,0.008049889467656612,47.7493782043457
8201.5,1.4682785272598267,6.910223960876465,0.007765752263367176,47.74937438964844
8203.0,1.4651880264282227,6.933474063873291,0.007627109531313181,47.74937438964844
8204.5,1.4568324089050293,7.536771774291992,0.007447277195751667,47.74937057495117
8206.0,1.4324103593826294,7.863372802734375,0.007429368793964386,47.74937057495117
8207.5,1.4292899370193481,7.293963432312012,0.007498470600694418,47.74937057495117
8209.0,1.4170887470245361,6.927711486816406,0.0073522296734154224,47.74937057495117
8210.5,1.4218348264694214,6.920058727264404,0.007299709599465132,47.791236877441406
8212.0,1.4659777879714966,7.198181629180908,0.007283137645572424,47.791236877441406
8213.5,1.498941421508789,7.359206199645996,0.0073006534948945045,47.791236877441406
8215.0,1.4785710573196411,7.551423072814941,0.007168203126639128,47.791236877441406
8216.5,1.4527733325958252,7.564151763916016,0.00716767692938447,47.791236877441406
8218.0,1.4959853887557983,7.708747863769531,0.007232728414237499,47.791236877441406
8219.5,1.4935191869735718,7.486883640289307,0.007222778629511595,47.791236877441406
8221.0,1.41802179813385,7.346827030181885,0.007036058697849512,47.791236877441406
8222.5,1.3916600942611694,7.350805282592773,0.006980991922318935,47.79123306274414
8224.0,1.419907808303833,7.311529636383057,0.007026925683021545,47.79123306274414
8225.5,1.4340764284133911,7.215755462646484,0.007115284912288189,47.79123306274414
8227.0,1.4443247318267822,7.186875343322754,0.007161443587392569,47.75983810424805
8228.5,1.426025152206421,7.087364196777344,0.007212113589048386,47.75983810424805
8230.0,1.372696876525879,7.084688186645508,0.007138993125408888,47.75983810424805
8231.5,1.3878428936004639,6.973690986633301,0.007135640364140272,47.75983810424805
8233.0,1.4163659811019897,7.022772312164307,0.007065207231789827,47.75983428955078
8234.5,1.4199869632720947,6.892500877380371,0.007041309494525194,47.75983428955078
8236.0,1.4347258806228638,6.751381874084473,0.007035444024950266,47.75983428955078
8237.5,1.4226140975952148,6.807112693786621,0.006966369226574898,47.75983428955078
8239.0,1.4049489498138428,7.181686878204346,0.006881027948111296,47.75983428955078
8240.5,1.427458643913269,7.2071685791015625,0.00692393584176898,47.75983428955078
8242.0,1.4416825771331787,7.447021007537842,0.007048347964882851,47.75983428955078
8243.5,1.4030364751815796,7.619373321533203,0.0071159121580421925,47.75983810424805
8245.0,1.3910253047943115,7.355870723724365,0.007182521279901266,47.75983810424805
8246.5,1.415306806564331,7.041707515716553,0.007181262131780386,47.75983810424805
8248.0,1.4289753437042236,7.1678314208984375,0.007228143513202667,47.75983810424805
8249.5,1.4437538385391235,7.465558052062988,0.007298361975699663,47.75983810424805
8251.0,1.4168297052383423,7.488560676574707,0.007294164039194584,47.75984191894531
8252.5,1.3771026134490967,7.04344367980957,0.007185349240899086,47.75983810424805
8254.0,1.3950480222702026,6.957309722900391,0.007088948972523212,47.75983428955078
8255.5,1.4217063188552856,6.938635349273682,0.00716747622936964,47.75983428955078
8257.0,1.436521291732788,7.360874652862549,0.0072200242429971695,47.75983428955078
8258.5,1.4342098236083984,7.316329002380371,0.007237045560032129,47.75983428955078
8260.0,1.4139444828033447,7.2307538986206055,0.007157145068049431,47.75983428955078
8261.5,1.4028619527816772,7.312175273895264,0.0070509654469788074,47.75983428955078
8263.0,1.432318091392517,7.436882019042969,0.007085248362272978,47.75983428955078
8264.5,1.4603146314620972,7.369314193725586,0.007086289115250111,47.75983428955078
8266.0,1.4652042388916016,7.564502239227295,0.007068893872201443,47.75983428955078
8267.5,1.470801591873169,7.388305187225342,0.0070294542238116264,47.75983428955078
8269.0,1.4617232084274292,7.385989665985107,0.007023056037724018,47.75983428955078
8270.5,1.425148367881775,7.156085968017578,0.006996075622737408,47.75983428955078
8272.0,1.4111067056655884,7.054020404815674,0.0069109294563531876,47.75983428955078
8273.5,1.4464658498764038,7.109840393066406,0.007019459269940853,47.75983428955078
8275.0,1.4602032899856567,7.031892776489258,0.007129531353712082,47.75983428955078
8276.5,1.4412951469421387,6.557046890258789,0.007456168066710234,47.75984191894531
8278.0,1.4497274160385132,6.859240531921387,0.007995832711458206,47.75984573364258
8279.5,1.450688123703003,7.695436477661133,0.009379205293953419,47.75986862182617
8281.0,1.434658408164978,7.918205738067627,0.011023723520338535,47.759891510009766
8282.5,1.4281598329544067,7.261561393737793,0.012375273741781712,47.759918212890625
8284.0,1.3933613300323486,7.189199924468994,0.013371292501688004,47.75993728637695
8285.5,1.3844730854034424,6.8538618087768555,0.01218385063111782,47.75991439819336
8287.0,1.3769111633300781,6.458935737609863,0.010678048245608807,47.759883880615234
8288.5,1.40438973903656,8.217668533325195,0.01200377382338047,47.759910583496094
8290.0,1.5191525220870972,12.327046394348145,0.013807514682412148,47.759952545166016
8291.5,1.5323346853256226,11.559804916381836,0.014332976192235947,47.75996398925781
8293.0,1.4541000127792358,8.565510749816895,0.011824751272797585,47.75991439819336
8294.5,1.4125115871429443,7.18369197845459,0.00865295808762312,47.759857177734375
8296.0,1.3629779815673828,6.754121780395508,0.008009067736566067,47.75985336303711
8297.5,1.3858314752578735,6.447125434875488,0.009639688767492771,47.75987243652344
8299.0,1.4340205192565918,8.024482727050781,0.012352620251476765,47.75992202758789
8300.5,1.474543571472168,9.568532943725586,0.015256105922162533,47.75999069213867
8302.0,1.4996119737625122,8.738502502441406,0.015017557889223099,47.75998306274414
8303.5,1.4282013177871704,6.542369842529297,0.011900210753083229,47.75991439819336
8305.0,1.4022728204727173,6.381016731262207,0.008863285183906555,47.75986099243164
8306.5,1.4709302186965942,7.670233249664307,0.007894502021372318,47.75984573364258
8308.0,1.4637960195541382,7.482025146484375,0.007486212067306042,47.75984191894531
8309.5,1.3811075687408447,6.617895126342773,0.007376884110271931,47.75984191894531
8311.0,1.3647489547729492,6.777190208435059,0.008146843872964382,47.75985336303711
8312.5,1.437981128692627,7.239594459533691,0.009707748889923096,47.7598762512207
8314.0,1.4596115350723267,7.36917781829834,0.009853408671915531,47.7598762512207
8315.5,1.4073851108551025,6.600957870483398,0.008320691995322704,47.75985336303711
8317.0,1.400808572769165,6.240177631378174,0.007231499068439007,47.75983810424805
8318.5,1.425013542175293,6.518468856811523,0.007212366908788681,47.75983810424805
8320.0,1.466685175895691,7.536013603210449,0.0074410452507436275,47.75984191894531
8321.5,1.4826751947402954,7.850263595581055,0.0075456383638083935,47.75984191894531
8323.0,1.4493378400802612,7.473300457000732,0.00725040677934885,47.75983810424805
8324.5,1.4286991357803345,7.051905632019043,0.007043410092592239,47.75983428955078
8326.0,1.4378465414047241,7.272453308105469,0.0069374460726976395,47.75983428955078
8327.5,1.4564297199249268,7.507483959197998,0.00692326296120882,47.75983428955078
8329.0,1.464508295059204,7.440417766571045,0.006957267876714468,47.75983428955078
8330.5,1.4443320035934448,6.883176803588867,0.0069517348892986774,47.75983428955078
8332.0,1.4520097970962524,6.936989784240723,0.006932620890438557,47.75983428955078
8333.5,1.4647578001022339,7.297471046447754,0.006953836884349585,47.75983428955078
8335.0,1.4493138790130615,7.54850435256958,0.006975886411964893,47.75983428955078
8336.5,1.4556918144226074,7.3243255615234375,0.007143666967749596,47.75983428955078
8338.0,1.4540373086929321,7.149730205535889,0.007250828202813864,47.75983428955078
8339.5,1.431434988975525,7.140924453735352,0.007592597045004368,47.74937057495117
8341.0,1.4348151683807373,7.462013244628906,0.008102399297058582,47.74937438964844
8342.5,1.365708351135254,6.711440086364746,0.008622847497463226,47.74938201904297
8344.0,1.3295902013778687,6.906494140625,0.011398080736398697,47.74942398071289
8345.5,1.492465615272522,10.238443374633789,0.018375566229224205,47.74959945678711
8347.0,1.5791815519332886,14.658538818359375,0.024812372401356697,47.74985122680664
8348.5,1.4993644952774048,10.576921463012695,0.01909535378217697,47.7496337890625
8350.0,1.4385684728622437,7.198243618011475,0.012317517772316933,47.749446868896484
8351.5,1.4304367303848267,7.065651893615723,0.008929393254220486,47.749393463134766
8353.0,1.4502254724502563,8.150623321533203,0.009627806954085827,47.7494010925293
8354.5,1.4466497898101807,8.125368118286133,0.01241318415850401,47.749454498291016
8356.0,1.435776710510254,7.587642669677734,0.013016542419791222,47.749473571777344
8357.5,1.4069805145263672,6.918769836425781,0.010898977518081665,47.74942398071289
8359.0,1.418392300605774,6.619850158691406,0.007852697744965553,47.74937438964844
8360.5,1.4579925537109375,6.624833106994629,0.0072320811450481415,47.749366760253906
8362.0,1.447176218032837,7.190442085266113,0.00742321228608489,47.74937057495117
8363.5,1.4095649719238281,7.310781002044678,0.007779356557875872,47.74937438964844
8365.0,1.3775988817214966,7.041698455810547,0.008567865937948227,47.7493896484375
8366.5,1.3693878650665283,7.557435512542725,0.00948642659932375,47.7494010925293
8368.0,1.4310691356658936,8.613128662109375,0.00979344267398119,47.74940872192383
8369.5,1.471680760383606,7.422654628753662,0.008666560053825378,47.749385833740234
8371.0,1.4271154403686523,6.629003524780273,0.007405025418847799,47.73889923095703
8372.5,1.4284756183624268,6.957883834838867,0.006997572258114815,47.7388916015625
8374.0,1.4690855741500854,7.475401401519775,0.006925723049789667,47.7388916015625
8375.5,1.443042278289795,6.949217796325684,0.006911091972142458,47.7388916015625
8377.0,1.417338490486145,6.746125221252441,0.0069862366653978825,47.7388916015625
8378.5,1.4406551122665405,7.19087028503418,0.006948375608772039,47.7388916015625
8380.0,1.4341503381729126,6.997015476226807,0.007058387156575918,47.738895416259766
8381.5,1.3920639753341675,6.342748165130615,0.008027621544897556,47.73890686035156
8383.0,1.4082622528076172,7.0303826332092285,0.009979089722037315,47.73893737792969
8384.5,1.4726283550262451,7.911669731140137,0.011635375209152699,47.73897171020508
8386.0,1.4632301330566406,8.104955673217773,0.011525493115186691,47.73896408081055
8387.5,1.409055471420288,7.2434000968933105,0.008849742822349072,47.73891830444336
8389.0,1.3996567726135254,6.772119998931885,0.007201706990599632,47.738895416259766
8390.5,1.425053358078003,6.909799575805664,0.0070242974907159805,47.738895416259766
8392.0,1.4208252429962158,7.6871795654296875,0.007199185434728861,47.738895416259766
8393.5,1.405447006225586,7.661456108093262,0.007205204106867313,47.738895416259766
8395.0,1.4221346378326416,7.186549663543701,0.007082353346049786,47.738895416259766
8396.5,1.408805012702942,6.647341728210449,0.007149870041757822,47.738895416259766
8398.0,1.3467092514038086,6.731083869934082,0.008560124784708023,47.738914489746094
8399.5,1.364112377166748,7.1516032218933105,0.01321286428719759,47.73899841308594
8401.0,1.4776698350906372,9.857930183410645,0.018511535599827766,47.739139556884766
8402.5,1.4934520721435547,10.537742614746094,0.018056100234389305,47.7391357421875
8404.0,1.4248214960098267,7.601031303405762,0.012884014286100864,47.738990783691406
8405.5,1.4157130718231201,6.562925338745117,0.008546835742890835,47.73891067504883
8407.0,1.451295256614685,7.262331008911133,0.007034924812614918,47.7388916015625
8408.5,1.465085744857788,7.233912944793701,0.006940313149243593,47.7388916015625
8410.0,1.4382152557373047,6.938512802124023,0.006926280912011862,47.7388916015625
8411.5,1.4131033420562744,7.372521877288818,0.006858561187982559,47.7388916015625
8413.0,1.3926079273223877,7.052978515625,0.0068312450312078,47.7388916015625
8414.5,1.3724775314331055,5.815460205078125,0.007792751770466566,47.7389030456543
8416.0,1.4051929712295532,6.807802677154541,0.010237567126750946,47.72846603393555
8417.5,1.4588664770126343,9.757914543151855,0.012684975750744343,47.728515625
8419.0,1.4269464015960693,8.80469799041748,0.012228867039084435,47.72850036621094
8420.5,1.3897002935409546,6.204056739807129,0.009023136459290981,47.72844314575195
8422.0,1.4263319969177246,6.390223979949951,0.007274440489709377,47.72842025756836
8423.5,1.4305835962295532,7.571056842803955,0.007039523683488369,47.72842025756836
8425.0,1.4287631511688232,7.1621294021606445,0.007200369145721197,47.728424072265625
8426.5,1.4243943691253662,6.709662437438965,0.007410005200654268,47.728424072265625
8428.0,1.3884093761444092,6.422540664672852,0.00767924077808857,47.72842788696289
8429.5,1.39165461063385,6.8235182762146,0.010163513943552971,47.728458404541016
8431.0,1.4868354797363281,9.050217628479004,0.01659507118165493,47.72860336303711
8432.5,1.542413592338562,10.606383323669434,0.02145877107977867,47.74970245361328
8434.0,1.4475489854812622,8.263235092163086,0.018320592120289803,47.72865676879883
8435.5,1.3778289556503296,6.179415702819824,0.01273315865546465,47.7285041809082
8437.0,1.425136923789978,6.912637233734131,0.008285070769488811,47.728431701660156
8438.5,1.4570103883743286,7.569444179534912,0.0071984585374593735,47.72842025756836
8440.0,1.3960720300674438,7.096763610839844,0.0068747191689908504,47.72842025756836
8441.5,1.3760902881622314,7.018545150756836,0.006797302979975939,47.72842025756836
8443.0,1.4284701347351074,7.0669403076171875,0.006817994173616171,47.72842025756836
8444.5,1.4269026517868042,6.439864158630371,0.006908349692821503,47.72842025756836
8446.0,1.424668312072754,6.724101543426514,0.007294027600437403,47.728424072265625
8447.5,1.433208703994751,8.104218482971191,0.008394645527005196,47.72843933105469
8449.0,1.3896002769470215,8.971412658691406,0.009203285910189152,47.728450775146484
8450.5,1.384196162223816,7.579819679260254,0.008844747208058834,47.72844314575195
8452.0,1.4540904760360718,7.225502014160156,0.008807293139398098,47.72844314575195
8453.5,1.4766809940338135,8.580245971679688,0.010863850824534893,47.72847366333008
8455.0,1.452837347984314,9.62043571472168,0.012148586101830006,47.7285041809082
8456.5,1.4359214305877686,7.900492191314697,0.01046273298561573,47.72846984863281
8458.0,1.4211034774780273,6.525967597961426,0.008028743788599968,47.72842788696289
8459.5,1.423563838005066,6.534213066101074,0.00704007875174284,47.7388916015625
8461.0,1.4328954219818115,7.091076850891113,0.0069398353807628155,47.7388916015625
8462.5,1.3990278244018555,6.7911553382873535,0.0070732347667217255,47.7388916015625
8464.0,1.362748384475708,6.413974761962891,0.007871981710195541,47.7389030456543
8465.5,1.3833768367767334,7.139893054962158,0.011535044759511948,47.73896408081055
8467.0,1.4341778755187988,8.956204414367676,0.016643071547150612,47.73908233642578
8468.5,1.414174199104309,8.97157096862793,0.017131993547081947,47.739097595214844
8470.0,1.3830199241638184,7.287312984466553,0.013057678937911987,47.73898696899414
8471.5,1.4047855138778687,6.416345596313477,0.008625932969152927,47.73891067504883
8473.0,1.4240424633026123,6.782044410705566,0.007007288746535778,47.7388916015625
8474.5,1.415971279144287,7.21734094619751,0.006996569689363241,47.7388916015625
8476.0,1.42204749584198,7.37230920791626,0.007200389169156551,47.738895416259766
8477.5,1.4354610443115234,7.298578262329102,0.007177597377449274,47.738895416259766
8479.0,1.4264518022537231,6.976701736450195,0.006952610798180103,47.7388916015625
8480.5,1.4241580963134766,6.7657084465026855,0.006772705819457769,47.7388916015625
8482.0,1.4325437545776367,6.761690139770508,0.006686998065561056,47.7388916015625
8483.5,1.4104876518249512,6.6098737716674805,0.006665263790637255,47.7388916015625
8485.0,1.389261245727539,6.620668411254883,0.006654530297964811,47.7388916015625
8486.5,1.421054720878601,6.974975109100342,0.006663670297712088,47.7388916015625
8488.0,1.444506287574768,7.330660820007324,0.006715642753988504,47.7388916015625
8489.5,1.4388281106948853,7.327744483947754,0.006719318684190512,47.7388916015625
8491.0,1.4343451261520386,6.821666717529297,0.00668612215667963,47.72842025756836
8492.5,1.4081648588180542,6.242434501647949,0.007159711793065071,47.72842025756836
8494.0,1.4194884300231934,6.585639476776123,0.008758033625781536,47.72844314575195
8495.5,1.472129464149475,7.405857086181641,0.010719407349824905,47.72847366333008
8497.0,1.4562840461730957,7.4801249504089355,0.010292223654687405,47.72846984863281
8498.5,1.4126344919204712,7.197517395019531,0.008717208169400692,47.73891830444336
8500.0,1.434131145477295,7.45156192779541,0.007384204305708408,47.73889923095703
8501.5,1.44437575340271,7.224874496459961,0.007097029127180576,47.738895416259766
8503.0,1.397916555404663,7.285724639892578,0.0072225467301905155,47.73889923095703
8504.5,1.3543323278427124,6.812480926513672,0.008870851248502731,47.7493896484375
8506.0,1.381630539894104,7.7735443115234375,0.012192423455417156,47.74945068359375
8507.5,1.421309232711792,8.620400428771973,0.01348764356225729,47.74947738647461
8509.0,1.4208760261535645,8.444286346435547,0.011424265801906586,47.73896408081055
8510.5,1.4044013023376465,7.131367206573486,0.008255984634160995,47.73891067504883
8512.0,1.3989243507385254,6.667613983154297,0.006935579236596823,47.7388916015625
8513.5,1.4202555418014526,6.954843521118164,0.006798208691179752,47.7388916015625
8515.0,1.434179663658142,7.3026933670043945,0.006798480171710253,47.7388916015625
8516.5,1.4002833366394043,7.226555824279785,0.006729139015078545,47.7388916015625
8518.0,1.3599663972854614,7.073475360870361,0.006651273462921381,47.7388916015625
8519.5,1.385047197341919,6.851189613342285,0.006731318775564432,47.7388916015625
8521.0,1.438904881477356,6.875133991241455,0.0068052783608436584,47.7388916015625
8522.5,1.4550272226333618,7.32559871673584,0.006868347525596619,47.7388916015625
8524.0,1.426714539527893,7.544770240783691,0.006834120489656925,47.7388916015625
8525.5,1.3785576820373535,6.822024822235107,0.0066917273215949535,47.7388916015625
8527.0,1.346095085144043,6.490521430969238,0.006546396762132645,47.7388916015625
8528.5,1.3598518371582031,6.695640563964844,0.00654066726565361,47.738887786865234
8530.0,1.3721623420715332,6.78306770324707,0.006586136762052774,47.738887786865234
8531.5,1.3824198246002197,6.657953262329102,0.006594374775886536,47.738887786865234
8533.0,1.3932693004608154,6.658778190612793,0.006598778069019318,47.738887786865234
8534.5,1.3965072631835938,6.690953254699707,0.006611206103116274,47.738887786865234
8536.0,1.411582112312317,6.834521293640137,0.006610291078686714,47.738887786865234
8537.5,1.3965001106262207,6.68298864364624,0.0068101175129413605,47.7388916015625
8539.0,1.3641471862792969,6.622176170349121,0.007456250488758087,47.73889923095703
8540.5,1.372076392173767,7.127978324890137,0.008435829542577267,47.738914489746094
8542.0,1.3667843341827393,7.727104187011719,0.008496580645442009,47.738914489746094
8543.5,1.3619356155395508,6.841843128204346,0.007574268616735935,47.7389030456543
8545.0,1.3651485443115234,6.227847099304199,0.006782942917197943,47.7388916015625
8546.5,1.3539403676986694,5.895240306854248,0.00666117062792182,47.7388916015625
8548.0,1.3641538619995117,6.05177116394043,0.007237149868160486,47.73889923095703
8549.5,1.416572093963623,6.78700065612793,0.008859416469931602,47.749393463134766
8551.0,1.42027747631073,7.749324798583984,0.010104547254741192,47.749412536621094
8552.5,1.3914566040039062,7.586004257202148,0.009545053355395794,47.7494010925293
8554.0,1.4211478233337402,7.05025577545166,0.007996241562068462,47.7493782043457
8555.5,1.4396313428878784,6.745125770568848,0.007040278520435095,47.749366760253906
8557.0,1.4055198431015015,6.872864723205566,0.006685977801680565,47.749366760253906
8558.5,1.3987127542495728,6.908805847167969,0.006592730525881052,47.749359130859375
8560.0,1.4132872819900513,7.039554595947266,0.006549606565386057,47.749359130859375
8561.5,1.4077739715576172,6.9203691482543945,0.006569280754774809,47.738887786865234
8563.0,1.4002901315689087,6.9207634925842285,0.006570613011717796,47.738887786865234
8564.5,1.412106990814209,6.906768798828125,0.006546989548951387,47.738887786865234
8566.0,1.4234235286712646,6.871765613555908,0.006618292070925236,47.738887786865234
8567.5,1.428436279296875,6.848090171813965,0.00659730052575469,47.7388916015625
8569.0,1.4296808242797852,6.830835342407227,0.006630945950746536,47.7388916015625
8570.5,1.4181231260299683,6.6091532707214355,0.00663229264318943,47.7388916015625
8572.0,1.397039771080017,6.642609596252441,0.006687085144221783,47.7388916015625
8573.5,1.370683193206787,7.01181697845459,0.006768176797777414,47.7388916015625
8575.0,1.348251461982727,7.083684921264648,0.006842880044132471,47.72842025756836
8576.5,1.3642263412475586,6.815071105957031,0.006998360622674227,47.72842025756836
8578.0,1.4152718782424927,6.922883987426758,0.007174735888838768,47.72842025756836
8579.5,1.4268860816955566,7.4680986404418945,0.007176130078732967,47.72842025756836
8581.0,1.3746020793914795,7.468986988067627,0.006981890182942152,47.72842025756836
8582.5,1.3557766675949097,6.670591354370117,0.006833935156464577,47.72842025756836
8584.0,1.3898128271102905,6.574799060821533,0.006730545312166214,47.728416442871094
8585.5,1.4104208946228027,6.824758529663086,0.0067775365896523,47.728416442871094
8587.0,1.4230823516845703,6.740371227264404,0.006795726716518402,47.72842025756836
8588.5,1.4336276054382324,7.212825775146484,0.00722678005695343,47.72842025756836
8590.0,1.4415117502212524,8.369771957397461,0.007780405227094889,47.72842788696289
8591.5,1.4311800003051758,8.554498672485352,0.007843829691410065,47.72842788696289
8593.0,1.39540696144104,7.494678020477295,0.007341798394918442,47.728424072265625
8594.5,1.3772443532943726,6.29637336730957,0.006883325520902872,47.72842025756836
8596.0,1.3845640420913696,6.118492126464844,0.006839741487056017,47.72842025756836
8597.5,1.4172005653381348,6.8949713706970215,0.007474846206605434,47.728424072265625
8599.0,1.4362200498580933,8.306663513183594,0.008216685615479946,47.72843551635742
8600.5,1.4165797233581543,8.507442474365234,0.008140704594552517,47.72843551635742
8602.0,1.395241141319275,7.359291076660156,0.00744420662522316,47.728424072265625
8603.5,1.391402006149292,6.550693511962891,0.006941184401512146,47.72842025756836
8605.0,1.3997087478637695,7.002890586853027,0.00684632733464241,47.72842025756836
8606.5,1.4245530366897583,7.505374431610107,0.006926821544766426,47.72842025756836
8608.0,1.4120149612426758,7.402068614959717,0.007081597577780485,47.72842025756836
8609.5,1.3642369508743286,6.85338020324707,0.007226430810987949,47.728424072265625
8611.0,1.3603599071502686,6.599780082702637,0.007550481706857681,47.72842788696289
8612.5,1.3734694719314575,6.792084693908691,0.008026361465454102,47.72842788696289
8614.0,1.3760511875152588,7.386612892150879,0.00853730645030737,47.72843933105469
8615.5,1.3875799179077148,7.051246166229248,0.009254378266632557,47.728450775146484
8617.0,1.3715208768844604,6.786423683166504,0.009887740947306156,47.728458404541016
8618.5,1.3692057132720947,7.359996318817139,0.0109244454652071,47.72847366333008
8620.0,1.3714687824249268,8.16120433807373,0.011912468820810318,47.728492736816406
8621.5,1.3721953630447388,7.309692859649658,0.012770287692546844,47.728511810302734
8623.0,1.395872950553894,7.165763854980469,0.013688281178474426,47.7390022277832
8624.5,1.4257749319076538,8.199333190917969,0.014436564408242702,47.73902130126953
8626.0,1.417203664779663,9.056440353393555,0.014921006746590137,47.739036560058594
8627.5,1.3844356536865234,9.231069564819336,0.01536547765135765,47.73904800415039
8629.0,1.3739749193191528,9.4134521484375,0.015611577779054642,47.73905563354492
8630.5,1.3730961084365845,8.763055801391602,0.016033602878451347,47.73906707763672
8632.0,1.3701527118682861,8.757466316223145,0.015716956928372383,47.73906707763672
8633.5,1.3315808773040771,8.728830337524414,0.015607872977852821,47.73906326293945
8635.0,1.2985572814941406,8.822324752807617,0.015253251418471336,47.739051818847656
8636.5,1.3434114456176758,8.271503448486328,0.014719048514962196,47.739036560058594
8638.0,1.3720728158950806,7.475064754486084,0.014240117743611336,47.7390251159668
8639.5,1.3626594543457031,7.1395769119262695,0.013250227086246014,47.7390022277832
8641.0,1.3814526796340942,8.372550964355469,0.012208624742925167,47.73897933959961
8642.5,1.3950650691986084,8.72970199584961,0.01101903710514307,47.73896026611328
8644.0,1.4052579402923584,8.604766845703125,0.009926509112119675,47.73893356323242
8645.5,1.3997206687927246,7.1315531730651855,0.00838566292077303,47.738914489746094
8647.0,1.3454887866973877,6.1538801193237305,0.008001100271940231,47.73891067504883
8648.5,1.3227626085281372,6.621793746948242,0.008950655348598957,47.73892593383789
8650.0,1.3584800958633423,8.37885856628418,0.010563275776803493,47.73894500732422
8651.5,1.3505512475967407,7.9217000007629395,0.01215930376201868,47.738975524902344
8653.0,1.3165818452835083,6.473260879516602,0.013592502102255821,47.73900604248047
8654.5,1.3361302614212036,7.288429260253906,0.01393718272447586,47.739013671875
8656.0,1.3486026525497437,9.769129753112793,0.01438249833881855,47.7390251159668
8657.5,1.3308403491973877,7.840669631958008,0.01564345695078373,47.739051818847656
8659.0,1.304511547088623,7.0663557052612305,0.014713739044964314,47.739036560058594
8660.5,1.2926517724990845,7.705030918121338,0.014976252801716328,47.73903274536133
8662.0,1.270194172859192,7.435100078582764,0.015414570458233356,47.73905563354492
8663.5,1.2762588262557983,6.7546162605285645,0.015160886570811272,47.73904800415039
8665.0,1.3585528135299683,8.226967811584473,0.014213251881301403,47.73902130126953
8666.5,1.4202601909637451,10.16734504699707,0.014657820574939251,47.73902893066406
8668.0,1.3844928741455078,8.563644409179688,0.01500164344906807,47.73904037475586
8669.5,1.3732044696807861,6.816863059997559,0.013796352781355381,47.739009857177734
8671.0,1.3693302869796753,7.3185858726501465,0.013308490626513958,47.7390022277832
8672.5,1.3340935707092285,7.743158340454102,0.014195570722222328,47.73902130126953
8674.0,1.335957407951355,7.201241493225098,0.012872890569269657,47.738990783691406
8675.5,1.3604599237442017,6.77185583114624,0.012076163664460182,47.73897171020508
8677.0,1.3451509475708008,7.7992706298828125,0.012720619328320026,47.73898696899414
8678.5,1.2867319583892822,7.975135803222656,0.012646363116800785,47.73898696899414
8680.0,1.2914574146270752,7.076271057128906,0.011034827679395676,47.738956451416016
8681.5,1.3625729084014893,7.342170238494873,0.010468440130352974,47.73894119262695
8683.0,1.4099684953689575,8.76944351196289,0.011096674017608166,47.738956451416016
8684.5,1.3726173639297485,7.431077003479004,0.011081370525062084,47.738956451416016
8686.0,1.3402628898620605,6.476998329162598,0.009748703800141811,47.73893356323242
8687.5,1.430754542350769,7.851043224334717,0.009181713685393333,47.73892593383789
8689.0,1.4923568964004517,10.278388977050781,0.009492630138993263,47.738929748535156
8690.5,1.410502314567566,9.043164253234863,0.008980298414826393,47.738922119140625
8692.0,1.3381612300872803,6.954220771789551,0.008037184365093708,47.73891067504883
8693.5,1.3430017232894897,7.267908096313477,0.007957762107253075,47.73891067504883
8695.0,1.349003553390503,9.168617248535156,0.008442511782050133,47.738914489746094
8696.5,1.3657801151275635,8.591365814208984,0.008209997788071632,47.73891067504883
8698.0,1.3698054552078247,6.563802242279053,0.007695535663515329,47.74937438964844
8699.5,1.3667287826538086,6.336662292480469,0.0076935915276408195,47.74937438964844
8701.0,1.367854118347168,7.9643120765686035,0.008061554282903671,47.74937438964844
8702.5,1.376792073249817,8.86625862121582,0.008116858080029488,47.7493782043457
8704.0,1.4063588380813599,7.993628978729248,0.007658752147108316,47.74937438964844
8705.5,1.390572190284729,6.777459144592285,0.00731116347014904,47.74937057495117
8707.0,1.3716669082641602,6.599318504333496,0.007224698085337877,47.73889923095703
8708.5,1.3693909645080566,6.993104934692383,0.007458011154085398,47.73889923095703
8710.0,1.354557991027832,7.064602851867676,0.007486539427191019,47.7389030456543
8711.5,1.308074712753296,6.491667747497559,0.007169010117650032,47.73889923095703
8713.0,1.2930818796157837,6.318870544433594,0.006878279149532318,47.7388916015625
8714.5,1.3105063438415527,6.485071659088135,0.0066935219801962376,47.7388916015625
8716.0,1.3221572637557983,6.5837483406066895,0.006595258135348558,47.7388916015625
8717.5,1.3087815046310425,6.334888935089111,0.0064928289502859116,47.74936294555664
8719.0,1.2829476594924927,6.35127067565918,0.006463177967816591,47.74936294555664
8720.5,1.2963167428970337,6.4677629470825195,0.006500633433461189,47.749366760253906
8722.0,1.332404613494873,6.659145355224609,0.006560259498655796,47.749366760253906
8723.5,1.3613686561584473,6.621720314025879,0.00655601778998971,47.74936294555664
8725.0,1.3874033689498901,6.813776969909668,0.006575044710189104,47.74936294555664
8726.5,1.375060796737671,7.198984622955322,0.006621764041483402,47.749366760253906
8728.0,1.35129714012146,7.164402008056641,0.006667761597782373,47.749366760253906
8729.5,1.3582481145858765,6.697071075439453,0.006697975564748049,47.749366760253906
8731.0,1.374191403388977,6.578886985778809,0.00665813684463501,47.749366760253906
8732.5,1.384557843208313,6.811905384063721,0.006541936658322811,47.749359130859375
8734.0,1.3952906131744385,6.953821659088135,0.006544900126755238,47.749359130859375
8735.5,1.3969898223876953,6.8568854331970215,0.006609100382775068,47.749359130859375
8737.0,1.3662508726119995,6.720122337341309,0.006589216645807028,47.749359130859375
8738.5,1.3624649047851562,6.697612762451172,0.0066481661051511765,47.749366760253906
8740.0,1.3789892196655273,6.640007495880127,0.006816404405981302,47.749366760253906
8741.5,1.3586504459381104,6.535400390625,0.0068685985170304775,47.749366760253906
8743.0,1.333101511001587,6.715695381164551,0.006820047739893198,47.749366760253906
8744.5,1.3613414764404297,6.703270435333252,0.00678755808621645,47.749366760253906
8746.0,1.4009017944335938,6.560220241546631,0.006753670983016491,47.749366760253906
8747.5,1.404433012008667,6.552654266357422,0.006660398095846176,47.749366760253906
8749.0,1.3706557750701904,6.804793834686279,0.006583866197615862,47.749366760253906
8750.5,1.3237864971160889,6.651564598083496,0.006552278995513916,47.7388916015625
8752.0,1.3336442708969116,6.7473907470703125,0.006627005524933338,47.7388916015625
8753.5,1.3923650979995728,7.12211799621582,0.006666540168225765,47.7388916015625
8755.0,1.3856748342514038,7.251902103424072,0.006619165185838938,47.7388916015625
8756.5,1.3221075534820557,6.690962791442871,0.006488047074526548,47.738887786865234
8758.0,1.3064404726028442,6.458062171936035,0.006923118140548468,47.738895416259766
8759.5,1.3192293643951416,6.639948844909668,0.008907184936106205,47.73891830444336
8761.0,1.3062758445739746,7.11324405670166,0.012009730562567711,47.738975524902344
8762.5,1.2824273109436035,7.915470123291016,0.01542342733591795,47.739051818847656
8764.0,1.250213623046875,8.380284309387207,0.01648477092385292,47.73908233642578
8765.5,1.2273783683776855,6.596459865570068,0.014492210932075977,47.73903274536133
8767.0,1.252773642539978,6.391927719116211,0.012837144546210766,47.73899459838867
8768.5,1.3016518354415894,7.446789264678955,0.015279542654752731,47.73904800415039
8770.0,1.3232989311218262,8.805474281311035,0.018385712057352066,47.73912811279297
8771.5,1.319253921508789,7.673242568969727,0.016139820218086243,47.739070892333984
8773.0,1.3121188879013062,6.73574161529541,0.011532469652593136,47.73896408081055
8774.5,1.3043771982192993,6.5886430740356445,0.008166449144482613,47.73891067504883
8776.0,1.3088433742523193,7.233287334442139,0.008079520426690578,47.73891067504883
8777.5,1.3638746738433838,8.473857879638672,0.011470014229416847,47.73896408081055
8779.0,1.4040776491165161,9.154962539672852,0.016615014523267746,47.739078521728516
8780.5,1.382292628288269,8.728815078735352,0.0187678225338459,47.739139556884766
8782.0,1.3566458225250244,8.560894012451172,0.016723928973078728,47.739070892333984
8783.5,1.331011414527893,6.904274940490723,0.011321816593408585,47.738948822021484
8785.0,1.3158576488494873,5.841523170471191,0.007608176674693823,47.73889923095703
8786.5,1.313887119293213,5.920895576477051,0.006762132979929447,47.7388916015625
8788.0,1.32322359085083,7.062705993652344,0.0067969439551234245,47.7388916015625
8789.5,1.3373140096664429,6.939877986907959,0.007074869703501463,47.7388916015625
8791.0,1.3434473276138306,6.534548282623291,0.008149233646690845,47.73891067504883
8792.5,1.363138198852539,7.1125030517578125,0.010926403105258942,47.73895263671875
8794.0,1.368712306022644,7.9888916015625,0.012175858952105045,47.749454498291016
8795.5,1.338894248008728,6.545413017272949,0.01028114277869463,47.74941635131836
8797.0,1.3211127519607544,5.76317024230957,0.007647979073226452,47.74937438964844
8798.5,1.3331513404846191,6.008713722229004,0.006650119554251432,47.749366760253906
8800.0,1.3156307935714722,6.590688228607178,0.006442346144467592,47.749366760253906
8801.5,1.2751812934875488,6.250234127044678,0.006416745949536562,47.749366760253906
8803.0,1.2900972366333008,6.330374717712402,0.006440451368689537,47.7388916015625
8804.5,1.3296282291412354,6.689571380615234,0.006467574741691351,47.738887786865234
8806.0,1.3238576650619507,6.628022193908691,0.0064413221552968025,47.738887786865234
8807.5,1.340463638305664,6.309489727020264,0.006459122058004141,47.738887786865234
8809.0,1.381366491317749,6.579388618469238,0.006614500656723976,47.7388916015625
8810.5,1.3964567184448242,7.197309494018555,0.007030296605080366,47.738895416259766
8812.0,1.3946282863616943,7.920548439025879,0.00748259574174881,47.7389030456543
8813.5,1.371919870376587,7.687788963317871,0.0073979999870061874,47.73889923095703
8815.0,1.3461644649505615,6.815934181213379,0.006924537941813469,47.7388916015625
8816.5,1.3297996520996094,6.449795246124268,0.006565495859831572,47.7388916015625
8818.0,1.3321306705474854,6.458359718322754,0.006443568971008062,47.738887786865234
8819.5,1.3396031856536865,6.253351211547852,0.0064591155387461185,47.738887786865234
8821.0,1.351950764656067,6.581931114196777,0.00652214465662837,47.7388916015625
8822.5,1.3555787801742554,7.230197429656982,0.006560148671269417,47.7388916015625
8824.0,1.3370965719223022,6.961695671081543,0.006796762812882662,47.7388916015625
8825.5,1.3256913423538208,6.207698345184326,0.009169541299343109,47.73892593383789
8827.0,1.3568401336669922,6.973809242248535,0.01608545333147049,47.73906326293945
8828.5,1.3725016117095947,9.78449821472168,0.024728765711188316,47.739376068115234
8830.0,1.2783440351486206,10.464286804199219,0.02932891808450222,47.73956298828125
8831.5,1.2009687423706055,7.709930419921875,0.021973202005028725,47.7392692565918
8833.0,1.2136766910552979,6.338302135467529,0.01361274067312479,47.73900604248047
8834.5,1.1455456018447876,5.595555305480957,0.009972011670470238,47.73894500732422
8836.0,1.104171872138977,6.603883743286133,0.011221624910831451,47.73896026611328
8837.5,1.218348503112793,8.064526557922363,0.014417282305657864,47.7390251159668
8839.0,1.2933788299560547,7.846423149108887,0.01622074842453003,47.739078521728516
8840.5,1.2949239015579224,7.038932800292969,0.013901952654123306,47.739017486572266
8842.0,1.3314173221588135,7.385144233703613,0.009704185649752617,47.738929748535156
8843.5,1.3425592184066772,6.954033851623535,0.007234360557049513,47.73889923095703
8845.0,1.2994930744171143,6.622808933258057,0.0065069133415818214,47.7388916015625
8846.5,1.312536358833313,6.7981181144714355,0.0067377821542322636,47.7388916015625
8848.0,1.3313136100769043,6.742978096008301,0.007102892734110355,47.73889923095703
8849.5,1.2679625749588013,6.250980377197266,0.007790028117597103,47.7389030456543
8851.0,1.2084708213806152,6.271475791931152,0.009220283478498459,47.738929748535156
8852.5,1.2199065685272217,6.564446449279785,0.01045144535601139,47.738948822021484
8854.0,1.283772349357605,6.619321823120117,0.00933101400732994,47.738929748535156
8855.5,1.3366705179214478,6.326925277709961,0.0076216161251068115,47.7389030456543
8857.0,1.3366667032241821,6.354702949523926,0.00667543662711978,47.7388916015625
8858.5,1.3235905170440674,6.240509986877441,0.00655903946608305,47.7388916015625
8860.0,1.3170324563980103,6.177176475524902,0.006529856938868761,47.7388916015625
8861.5,1.3095773458480835,6.193023204803467,0.006633374840021133,47.7388916015625
8863.0,1.2971930503845215,6.217045307159424,0.006951238494366407,47.738895416259766
8864.5,1.2922110557556152,6.41353702545166,0.0073836203664541245,47.7389030456543
8866.0,1.2943124771118164,6.376568794250488,0.007796891964972019,47.73891067504883
8867.5,1.2894060611724854,6.127579689025879,0.009722556918859482,47.73893356323242
8869.0,1.3107346296310425,6.537282943725586,0.012702712789177895,47.738990783691406
8870.5,1.3050205707550049,7.577298164367676,0.014005179516971111,47.739017486572266
8872.0,1.2536430358886719,8.068485260009766,0.011328364722430706,47.73896408081055
8980.0,1.3939623832702637,6.987729072570801,0.006841351743787527,47.749366760253906
8981.5,1.3621429204940796,7.098917007446289,0.0070525845512747765,47.749366760253906
8983.0,1.3268251419067383,7.325928688049316,0.007290623150765896,47.74937057495117
8984.5,1.3389655351638794,7.804803848266602,0.007302436046302319,47.74937057495117
8986.0,1.359971046447754,7.38226318359375,0.007330561522394419,47.74937057495117
8987.5,1.332125186920166,6.6412248611450195,0.007864007726311684,47.74937438964844
8989.0,1.299864411354065,7.309222221374512,0.009909262880682945,47.74940872192383
8990.5,1.2962853908538818,7.375579357147217,0.012850485742092133,47.74946594238281
8992.0,1.312258243560791,6.623397350311279,0.012519748881459236,47.749454498291016
8993.5,1.3147071599960327,6.107797622680664,0.009766887873411179,47.7598762512207
8995.0,1.2824333906173706,6.5474748611450195,0.007710672449320555,47.75984573364258
8996.5,1.26810884475708,6.7350287437438965,0.006895366590470076,47.75983810424805
8998.0,1.248226523399353,6.102323532104492,0.006425229366868734,47.75983428955078
8999.5,1.1328870058059692,5.430559158325195,0.0066912067122757435,47.75983428955078
9001.0,1.0406492948532104,6.747091293334961,0.008870515041053295,47.75986099243164
9002.5,1.0396976470947266,7.258522033691406,0.013605491258203983,47.74948501586914
9004.0,1.0119696855545044,6.533480644226074,0.017672445625066757,47.74958419799805
9005.5,1.0054773092269897,5.361917495727539,0.015079863369464874,47.74951934814453
9007.0,1.095395803451538,5.506815433502197,0.009647542610764503,47.738929748535156
9008.5,1.1717259883880615,5.70304012298584,0.0068143499083817005,47.738895416259766
9010.0,1.2094899415969849,6.127549171447754,0.006174144800752401,47.738887786865234
9011.5,1.2581247091293335,6.388858795166016,0.006197014823555946,47.738887786865234
9013.0,1.267822504043579,6.4181413650512695,0.006142538506537676,47.738887786865234
9014.5,1.2364447116851807,6.4033403396606445,0.006112806033343077,47.738887786865234
9016.0,1.2278401851654053,6.1357526779174805,0.006071456708014011,47.738887786865234
9017.5,1.2494258880615234,5.768251895904541,0.006137527991086245,47.738887786865234
9019.0,1.2865667343139648,6.044734954833984,0.006272301077842712,47.738887786865234
9020.5,1.3182345628738403,6.620506763458252,0.006431116256862879,47.738887786865234
9022.0,1.3239648342132568,7.088377952575684,0.006493780761957169,47.7388916015625
9023.5,1.3457145690917969,7.007378578186035,0.006690818816423416,47.7388916015625
9025.0,1.370216727256775,6.809590816497803,0.006817269138991833,47.7388916015625
9026.5,1.339504361152649,6.227482795715332,0.006590327713638544,47.7388916015625
9028.0,1.303663730621338,6.056705474853516,0.006614913232624531,47.7388916015625
9029.5,1.311535358428955,6.47137975692749,0.006783726625144482,47.7388916015625
9031.0,1.3290619850158691,6.938331604003906,0.006855701562017202,47.738895416259766
9032.5,1.3167070150375366,7.020025253295898,0.006844004616141319,47.7388916015625
9034.0,1.2980903387069702,6.72163200378418,0.006599619518965483,47.7388916015625
9035.5,1.3326382637023926,6.16377067565918,0.006511176936328411,47.738887786865234
9037.0,1.3614747524261475,6.1928510665893555,0.006850770208984613,47.7388916015625
9038.5,1.35984206199646,6.569393157958984,0.007901441305875778,47.7389030456543
9040.0,1.3664978742599487,6.903569221496582,0.009431167505681515,47.738929748535156
9041.5,1.380016565322876,6.777734756469727,0.009604716673493385,47.738929748535156
9043.0,1.3520530462265015,6.418051242828369,0.008213917724788189,47.73891067504883
9044.5,1.3485102653503418,6.292056083679199,0.007048408500850201,47.738895416259766
9046.0,1.3703250885009766,6.827867031097412,0.006734165828675032,47.749366760253906
9047.5,1.3182317018508911,6.659475326538086,0.0067188492976129055,47.749366760253906
9049.0,1.2847498655319214,6.279913425445557,0.007571359630674124,47.74937438964844
9050.5,1.3190746307373047,6.7310967445373535,0.01037477608770132,47.74941635131836
9052.0,1.3442068099975586,7.699059963226318,0.012457643635571003,47.74945831298828
9053.5,1.3500628471374512,7.01539945602417,0.011755791492760181,47.74944305419922
9055.0,1.3555744886398315,6.01290225982666,0.009347734041512012,47.74939727783203
9056.5,1.338755488395691,5.942337512969971,0.0070638530887663364,47.749366760253906
9058.0,1.3237667083740234,6.598756790161133,0.006604241672903299,47.749366760253906
9059.5,1.3371284008026123,6.626821517944336,0.006635176949203014,47.749366760253906
9061.0,1.3565033674240112,6.417761325836182,0.006646672263741493,47.749366760253906
9062.5,1.3642245531082153,6.570660591125488,0.006571942009031773,47.74936294555664
9064.0,1.3557764291763306,6.745977878570557,0.0065992786549031734,47.74936294555664
9065.5,1.3234198093414307,7.0938310623168945,0.006675872020423412,47.749366760253906
9067.0,1.3194266557693481,7.439276218414307,0.006905765272676945,47.749366760253906
9068.5,1.3697417974472046,7.150664329528809,0.007054774556308985,47.749366760253906
9070.0,1.3905068635940552,6.839968681335449,0.007084753829985857,47.749366760253906
9071.5,1.358280062675476,7.099102973937988,0.007220767904073,47.74937057495117
9073.0,1.3474105596542358,7.416555881500244,0.007273243274539709,47.74937057495117
9074.5,1.3522992134094238,6.781827449798584,0.006961115635931492,47.749366760253906
9076.0,1.340165138244629,6.383552074432373,0.006711621768772602,47.749366760253906
9077.5,1.3343364000320435,6.430383682250977,0.0065481094643473625,47.749359130859375
9079.0,1.3333300352096558,6.620748996734619,0.006457226816564798,47.749359130859375
9080.5,1.3273485898971558,6.649835586547852,0.006465885788202286,47.749359130859375
9082.0,1.3341426849365234,6.821766376495361,0.006542906165122986,47.749359130859375
9083.5,1.3407350778579712,6.620441436767578,0.006644028704613447,47.749359130859375
9085.0,1.3348156213760376,6.221184730529785,0.006670332048088312,47.749366760253906
9086.5,1.3179739713668823,6.39149284362793,0.006693284958600998,47.749366760253906
9088.0,1.3080700635910034,6.802134037017822,0.006774767767637968,47.749366760253906
9089.5,1.314971923828125,6.3638739585876465,0.006693494506180286,47.749366760253906
9091.0,1.3104125261306763,5.869246482849121,0.006651680450886488,47.749366760253906
9092.5,1.3168919086456299,6.5551581382751465,0.00718837371096015,47.749366760253906
9094.0,1.3369914293289185,8.339305877685547,0.008137189783155918,47.74938201904297
9095.5,1.3213093280792236,8.887690544128418,0.008679167367517948,47.749393463134766
9097.0,1.3041919469833374,7.58397102355957,0.00807908084243536,47.74938201904297
9098.5,1.314622163772583,6.605772972106934,0.0071387579664587975,47.749366760253906
9100.0,1.2970095872879028,6.37004280090332,0.006659617647528648,47.749366760253906
9101.5,1.257195234298706,6.318333148956299,0.0068229069001972675,47.749366760253906
9103.0,1.2645827531814575,6.451220512390137,0.007739350665360689,47.74937438964844
9104.5,1.314778208732605,6.473006248474121,0.00923877116292715,47.74939727783203
9106.0,1.3611012697219849,6.690044403076172,0.00956726260483265,47.7494010925293
9107.5,1.3535667657852173,6.368416786193848,0.008488491177558899,47.749385833740234
9109.0,1.3092857599258423,6.1284284591674805,0.007020190358161926,47.749366760253906
9110.5,1.2677232027053833,5.996603012084961,0.006461541634052992,47.749359130859375
9112.0,1.2618781328201294,6.156215667724609,0.006385459564626217,47.749359130859375
9113.5,1.319893717765808,6.3221940994262695,0.006386918015778065,47.749359130859375
9115.0,1.348570704460144,6.467974662780762,0.006362018641084433,47.749359130859375
9116.5,1.3224865198135376,6.487849235534668,0.006332035176455975,47.749359130859375
9118.0,1.3164873123168945,6.418549537658691,0.006398845463991165,47.749359130859375
9119.5,1.319542646408081,6.236086368560791,0.00648229755461216,47.749359130859375
9121.0,1.3174291849136353,6.46108865737915,0.006512451451271772,47.749359130859375
9122.5,1.3293184041976929,6.710638046264648,0.00645059160888195,47.749359130859375
9124.0,1.3422833681106567,6.741467475891113,0.006440903525799513,47.749359130859375
9125.5,1.3557788133621216,6.6566267013549805,0.006414450705051422,47.749359130859375
9127.0,1.3801147937774658,6.725285053253174,0.0064891125075519085,47.749359130859375
9128.5,1.387824535369873,6.732367515563965,0.006434804759919643,47.749359130859375
9130.0,1.3746538162231445,6.672747611999512,0.006409403868019581,47.749359130859375
9131.5,1.3633308410644531,6.503259658813477,0.006482324097305536,47.749359130859375
9133.0,1.377167820930481,6.652222633361816,0.006605618633329868,47.749359130859375
9134.5,1.3920022249221802,6.723819732666016,0.006642770953476429,47.749359130859375
9136.0,1.3713637590408325,6.8345184326171875,0.006687382236123085,47.749366760253906
9137.5,1.3369596004486084,6.879427909851074,0.006726638413965702,47.749366760253906
9139.0,1.3269015550613403,6.783232688903809,0.006816471461206675,47.749366760253906
9140.5,1.319725513458252,6.507896423339844,0.006714195944368839,47.749366760253906
9142.0,1.3219059705734253,6.507725715637207,0.006615981925278902,47.74936294555664
9143.5,1.367795467376709,6.604531288146973,0.0066154408268630505,47.749359130859375
9145.0,1.381479263305664,6.529570579528809,0.006594812497496605,47.749359130859375
9146.5,1.361471176147461,6.542636871337891,0.006565580144524574,47.749359130859375
9148.0,1.3584634065628052,6.810946464538574,0.006577189080417156,47.749359130859375
9149.5,1.3441123962402344,6.307790756225586,0.006606541574001312,47.75983428955078
9151.0,1.3147028684616089,5.983704566955566,0.006724432576447725,47.75983428955078
9152.5,1.3197953701019287,6.849234580993652,0.007360233925282955,47.75984191894531
9154.0,1.3481296300888062,8.442048072814941,0.008242656476795673,47.75985336303711
9155.5,1.3467291593551636,8.338991165161133,0.00857558660209179,47.759857177734375
9157.0,1.3201740980148315,7.398394584655762,0.008260885253548622,47.75985336303711
9158.5,1.320439338684082,6.2363386154174805,0.007669428363442421,47.75984573364258
9160.0,1.3399572372436523,6.028379440307617,0.007490711752325296,47.75984191894531
9161.5,1.368986964225769,6.565104961395264,0.007805554196238518,47.75984573364258
9163.0,1.4132215976715088,8.3489990234375,0.008509314619004726,47.759857177734375
9164.5,1.4494341611862183,9.097652435302734,0.008595393039286137,47.75986099243164
9166.0,1.4164471626281738,7.913049697875977,0.007715299725532532,47.75984573364258
9167.5,1.365725040435791,6.474281311035156,0.0068918028846383095,47.75983428955078
9169.0,1.3568917512893677,6.067239284515381,0.006588972173631191,47.759830474853516
9170.5,1.3460891246795654,6.296339988708496,0.006520226132124662,47.759830474853516
9172.0,1.3240152597427368,6.6810150146484375,0.006472127512097359,47.759830474853516
9173.5,1.3280547857284546,6.844367980957031,0.006514395121484995,47.759830474853516
9175.0,1.349794626235962,6.49049186706543,0.006632586009800434,47.759830474853516
9176.5,1.3652783632278442,6.154348373413086,0.0067015462554991245,47.75983428955078
9178.0,1.3733559846878052,6.2978410720825195,0.006702866405248642,47.75983428955078
9179.5,1.3756401538848877,6.675654411315918,0.006743706297129393,47.75983428955078
9181.0,1.381879448890686,6.711764335632324,0.006683910731226206,47.75983428955078
9182.5,1.3688585758209229,6.625077247619629,0.006621997803449631,47.759830474853516
9184.0,1.346613883972168,6.593267440795898,0.006583922076970339,47.759830474853516
9185.5,1.3361320495605469,6.485772132873535,0.006521556060761213,47.759830474853516
9187.0,1.3255321979522705,6.453177452087402,0.006498674862086773,47.759830474853516
9188.5,1.3302043676376343,6.325737953186035,0.00649102870374918,47.759830474853516
9190.0,1.3618724346160889,6.4565324783325195,0.006463903933763504,47.759830474853516
9191.5,1.3774298429489136,6.7241315841674805,0.00645042210817337,47.759830474853516
9193.0,1.3592216968536377,6.801817893981934,0.006468129809945822,47.759830474853516
9194.5,1.3344347476959229,6.567112922668457,0.006434720940887928,47.759830474853516
9196.0,1.3312381505966187,6.328134536743164,0.00650080805644393,47.759830474853516
9197.5,1.3433345556259155,6.330219268798828,0.00652336934581399,47.759830474853516
9199.0,1.344124436378479,6.547097206115723,0.006453461013734341,47.759830474853516
9200.5,1.3428165912628174,6.56453800201416,0.00647739740088582,47.759830474853516
9202.0,1.3471592664718628,6.508906364440918,0.00656011700630188,47.759830474853516
9203.5,1.3403879404067993,6.484375953674316,0.00652986578643322,47.75983428955078
9205.0,1.310240626335144,6.4761199951171875,0.00647322554141283,47.759830474853516
9206.5,1.2862169742584229,6.2296295166015625,0.006420133635401726,47.77029800415039
9208.0,1.2946525812149048,6.154197692871094,0.006450674030929804,47.77029800415039
9209.5,1.2932443618774414,6.191505432128906,0.0064628408290445805,47.77029800415039
9211.0,1.27498459815979,6.219151496887207,0.0064378175884485245,47.77029800415039
9212.5,1.2726318836212158,6.242436408996582,0.006489414721727371,47.77029800415039
9214.0,1.27097487449646,6.192538738250732,0.006493885535746813,47.77029800415039
9215.5,1.2709630727767944,6.257925033569336,0.006690898910164833,47.77030563354492
9217.0,1.2897355556488037,6.878414154052734,0.007149219512939453,47.77030563354492
9218.5,1.3054240942001343,7.724390029907227,0.007725371979176998,47.77031326293945
9220.0,1.310153841972351,7.7115936279296875,0.007965551689267159,47.770320892333984
9221.5,1.3036394119262695,6.2129974365234375,0.007358540780842304,47.77030944824219
9223.0,1.2741787433624268,5.505819320678711,0.006683735642582178,47.77030563354492
9224.5,1.2486145496368408,5.747720241546631,0.007040275260806084,47.77030563354492
9226.0,1.2567864656448364,6.413645267486572,0.007814322598278522,47.77031326293945
9227.5,1.292089819908142,6.561803340911865,0.008318188600242138,47.770320892333984
9229.0,1.3277661800384521,6.735058784484863,0.008071612566709518,47.77031707763672
9230.5,1.3270858526229858,6.936759948730469,0.007248166017234325,47.77030944824219
9232.0,1.311011552810669,6.717966079711914,0.006721855606883764,47.77030563354492
9233.5,1.3260979652404785,6.435834884643555,0.006607423070818186,47.780765533447266
9235.0,1.3325453996658325,6.426705360412598,0.00658573629334569,47.780765533447266
9236.5,1.3015273809432983,6.479933261871338,0.006572662387043238,47.780765533447266
9238.0,1.3026223182678223,6.570812702178955,0.0064905909821391106,47.780765533447266
9239.5,1.353732705116272,6.530627250671387,0.006550000514835119,47.780765533447266
9241.0,1.375435471534729,6.5080437660217285,0.006566527299582958,47.780765533447266
9242.5,1.3489114046096802,6.3031392097473145,0.006546914577484131,47.780765533447266
9244.0,1.3311039209365845,6.3533935546875,0.0065421778708696365,47.780765533447266
9245.5,1.3456916809082031,6.559770584106445,0.0065710642375051975,47.780765533447266
9247.0,1.3656489849090576,6.712367534637451,0.006634220946580172,47.780765533447266
9248.5,1.3509255647659302,6.452899932861328,0.006802039220929146,47.78076934814453
9250.0,1.3162994384765625,6.319241046905518,0.007036132272332907,47.78076934814453
9251.5,1.3257524967193604,6.720789909362793,0.007248149253427982,47.7807731628418
9253.0,1.3536068201065063,7.075818061828613,0.0073431446217000484,47.7807731628418
9254.5,1.32486093044281,6.883731842041016,0.007297671865671873,47.7807731628418
9256.0,1.2996338605880737,6.764612197875977,0.007062898017466068,47.7807731628418
9257.5,1.3442554473876953,6.654360771179199,0.006925045512616634,47.78076934814453
9259.0,1.3772088289260864,6.384784698486328,0.006825089454650879,47.78076934814453
9260.5,1.3365883827209473,5.966439247131348,0.006655458826571703,47.780765533447266
9262.0,1.3033156394958496,6.120133876800537,0.0066756983287632465,47.77029800415039
9263.5,1.3268743753433228,6.581127166748047,0.006894460413604975,47.77030563354492
9265.0,1.332927942276001,6.769723415374756,0.007002370897680521,47.77030563354492
9266.5,1.3202319145202637,6.699953556060791,0.006983477156609297,47.77030563354492
9268.0,1.3334403038024902,6.513030052185059,0.006854747422039509,47.77030563354492
9269.5,1.3409571647644043,6.277279853820801,0.006644651759415865,47.77029800415039
9271.0,1.3441483974456787,6.382304668426514,0.006583062000572681,47.77029800415039
9272.5,1.3407268524169922,6.6722612380981445,0.0065155187621712685,47.77029800415039
9274.0,1.3200247287750244,6.5590314865112305,0.006521950475871563,47.77029800415039
9275.5,1.3169082403182983,6.339475631713867,0.006490777246654034,47.77029800415039
9277.0,1.3217189311981201,6.456306457519531,0.00647333450615406,47.77029800415039
9278.5,1.313204050064087,6.605068206787109,0.006534881889820099,47.77029800415039
9280.0,1.3217449188232422,6.533631801605225,0.0066025638952851295,47.77029800415039
9281.5,1.3432835340499878,6.417298316955566,0.006675451993942261,47.77029800415039
9283.0,1.3326807022094727,6.446667671203613,0.006646921392530203,47.770301818847656
9284.5,1.3341631889343262,6.3268585205078125,0.006655953824520111,47.770301818847656
9286.0,1.368086814880371,6.23298454284668,0.0068818931467831135,47.77030563354492
9287.5,1.382820725440979,6.8325042724609375,0.007512328680604696,47.77030944824219
9289.0,1.3846993446350098,8.00410270690918,0.008022503927350044,47.77031326293945
9290.5,1.379791498184204,7.617647647857666,0.007932845503091812,47.77031326293945
9292.0,1.336661458015442,6.460984706878662,0.007390683051198721,47.77030944824219
9293.5,1.2985327243804932,6.592715740203857,0.007273805793374777,47.77030944824219
9295.0,1.31889808177948,8.026376724243164,0.007723876740783453,47.77031326293945
9296.5,1.348107099533081,8.509933471679688,0.008215964771807194,47.770320892333984
9298.0,1.3555927276611328,7.81050968170166,0.008088482543826103,47.770320892333984
9299.5,1.3500616550445557,6.861245155334473,0.00746558140963316,47.77030944824219
9301.0,1.3249115943908691,6.7030487060546875,0.006988542154431343,47.77030563354492
9302.5,1.3056851625442505,6.666176795959473,0.006924859248101711,47.77030563354492
9304.0,1.3110283613204956,6.0845627784729,0.007239496801048517,47.77030563354492
9305.5,1.3501414060592651,6.684405326843262,0.009849505499005318,47.77034378051758
9307.0,1.3897629976272583,9.630505561828613,0.01491174753755331,47.77043151855469
9308.5,1.396561861038208,11.49815559387207,0.02027706615626812,47.77058792114258
9310.0,1.2595298290252686,10.31696891784668,0.026480048894882202,47.770809173583984
9311.5,1.0757322311401367,7.280121803283691,0.026068853214383125,47.77079772949219
9313.0,1.148709774017334,8.576035499572754,0.024502119049429893,47.77071762084961
9314.5,1.322641372680664,9.35926342010498,0.025637542828917503,47.770774841308594
9316.0,1.2274630069732666,9.681873321533203,0.028275545686483383,47.77092742919922
9317.5,1.1673678159713745,9.006717681884766,0.026794517412781715,47.77083206176758
9319.0,1.2920235395431519,8.903724670410156,0.01952849142253399,47.770572662353516
9320.5,1.367035984992981,7.341620445251465,0.014392992481589317,47.77042770385742
9322.0,1.394290804862976,7.5207343101501465,0.014299094676971436,47.77043533325195
9323.5,1.349532961845398,8.973970413208008,0.019162679091095924,47.77056121826172
9325.0,1.1962257623672485,9.858414649963379,0.02644619345664978,47.77083206176758
9326.5,1.0802141427993774,8.67292594909668,0.032098423689603806,47.771080017089844
9328.0,1.089867115020752,6.8321428298950195,0.027951916679739952,47.7708854675293
9329.5,1.18836510181427,5.952149868011475,0.01709539070725441,47.77049255371094
9331.0,1.2891273498535156,7.090710639953613,0.0097725298255682,47.77033996582031
9332.5,1.3576606512069702,9.057955741882324,0.009350810199975967,47.77033615112305
9334.0,1.3634881973266602,9.386260986328125,0.010000891052186489,47.77034378051758
9335.5,1.3269668817520142,7.266457557678223,0.009980001486837864,47.77034378051758
9337.0,1.3163167238235474,6.541585922241211,0.010451328940689564,47.77035140991211
9338.5,1.329200267791748,7.4638824462890625,0.01244007982313633,47.7703857421875
9340.0,1.3507477045059204,7.886355400085449,0.015337333083152771,47.77045822143555
9341.5,1.3623427152633667,6.716338634490967,0.015725575387477875,47.77046203613281
9343.0,1.341724157333374,5.725481033325195,0.012691719457507133,47.770389556884766
9344.5,1.315201997756958,5.83067512512207,0.009735608473420143,47.77033615112305
9346.0,1.3020647764205933,6.315147399902344,0.008929310366511345,47.770320892333984
9347.5,1.2726340293884277,6.3405656814575195,0.008950638584792614,47.77032470703125
9349.0,1.2833045721054077,6.799088478088379,0.008985924534499645,47.770328521728516
9350.5,1.3222728967666626,8.227132797241211,0.009240992367267609,47.77033615112305
9352.0,1.316902756690979,9.2396240234375,0.009457020089030266,47.77033996582031
9353.5,1.316152811050415,8.3107271194458,0.00932500883936882,47.77033615112305
9355.0,1.3227245807647705,7.145227909088135,0.008925685659050941,47.770328521728516
9356.5,1.3127278089523315,6.57334041595459,0.008696145378053188,47.77032470703125
9358.0,1.305846095085144,6.534092903137207,0.008565072901546955,47.770320892333984
9359.5,1.276879906654358,6.505514144897461,0.008300786837935448,47.78078079223633
9361.0,1.246410846710205,6.616192817687988,0.008126439526677132,47.78078079223633
9362.5,1.2401070594787598,7.044797420501709,0.008250606246292591,47.780784606933594
9364.0,1.2254769802093506,7.602381229400635,0.0083560049533844,47.78078842163086
9365.5,1.2151203155517578,6.990255355834961,0.008225232362747192,47.78078842163086
9367.0,1.2232123613357544,6.1418681144714355,0.008056331425905228,47.78078079223633
9368.5,1.2453794479370117,6.273727893829346,0.008265219628810883,47.780784606933594
9370.0,1.2694512605667114,7.281744480133057,0.008944646455347538,47.770328521728516
9371.5,1.274632215499878,6.376192092895508,0.009493361227214336,47.77033615112305
9373.0,1.2754639387130737,5.300073623657227,0.011362629011273384,47.77036666870117
9374.5,1.3308145999908447,9.96649169921875,0.018277987837791443,47.77052688598633
9376.0,1.3861923217773438,20.155792236328125,0.0274505615234375,47.7708854675293
9377.5,1.1763519048690796,23.47730827331543,0.04218482971191406,47.77178955078125
9379.0,0.8497847318649292,17.69833755493164,0.0555366687476635,47.772857666015625
9380.5,0.8563115000724792,7.711302280426025,0.042121026664972305,47.771705627441406
9382.0,1.1116217374801636,8.012935638427734,0.02277613803744316,47.770660400390625
9383.5,1.30403733253479,8.504861831665039,0.012251695618033409,47.77037811279297
9385.0,1.3686387538909912,8.718042373657227,0.010661604814231396,47.770355224609375
9386.5,1.4027574062347412,10.416940689086914,0.011674138717353344,47.7703742980957
9388.0,1.4953693151474,16.27219009399414,0.01388604287058115,47.77042007446289
9389.5,1.5291756391525269,17.49130630493164,0.016084125265479088,47.770477294921875
9391.0,1.4431822299957275,11.982799530029297,0.014430154114961624,47.77043533325195
9392.5,1.3366446495056152,7.325901031494141,0.01000140979886055,47.77034378051758
9394.0,1.3102376461029053,6.3001604080200195,0.007752945646643639,47.77031326293945
9395.5,1.331382155418396,6.715097904205322,0.007485582493245602,47.77030944824219
9397.0,1.3453539609909058,6.9990739822387695,0.007642297074198723,47.77030944824219
9398.5,1.3211076259613037,6.478867530822754,0.008042337372899055,47.77031326293945
9400.0,1.2897257804870605,6.387877464294434,0.008734464645385742,47.77032470703125
9401.5,1.2989168167114258,7.280845642089844,0.010262709110975266,47.77034378051758
9403.0,1.3132658004760742,7.742483139038086,0.012780014425516129,47.770389556884766
9404.5,1.2769595384597778,6.600085258483887,0.015385250560939312,47.77045822143555
9406.0,1.2666621208190918,5.981116771697998,0.01499322708696127,47.770442962646484
9407.5,1.3276647329330444,6.495695114135742,0.010882608592510223,47.77035903930664
9409.0,1.3684265613555908,7.084447860717773,0.008062087930738926,47.77031326293945
9410.5,1.3501441478729248,6.933791160583496,0.007326184306293726,47.77030563354492
9412.0,1.35554838180542,6.76802921295166,0.007340412121266127,47.77030563354492
9413.5,1.3697558641433716,6.675047397613525,0.007460771594196558,47.77030563354492
9415.0,1.3280595541000366,6.550748825073242,0.007394674699753523,47.77030563354492
9416.5,1.2875590324401855,6.555334091186523,0.007425306364893913,47.77030944824219
9418.0,1.303272008895874,7.4580583572387695,0.008729519322514534,47.77032470703125
9419.5,1.338802456855774,8.970547676086426,0.011919672600924969,47.7703742980957
9421.0,1.3611925840377808,8.541282653808594,0.016796499490737915,47.77048110961914
9422.5,1.4181456565856934,6.76188850402832,0.020526345819234848,47.77059555053711
9424.0,1.5514867305755615,6.687534332275391,0.018245898187160492,47.76005554199219
9425.5,1.7063624858856201,7.9979329109191895,0.013831334188580513,47.75993347167969
9427.0,1.7790772914886475,8.88183307647705,0.01060792151838541,47.75987243652344
9428.5,1.7107813358306885,8.556882858276367,0.009106338024139404,47.75985336303711
9430.0,1.546157956123352,8.446002960205078,0.008733143098652363,47.759849548339844
9431.5,1.4262458086013794,7.617398738861084,0.008516400121152401,47.75984573364258
9433.0,1.3841103315353394,6.9365434646606445,0.008065320551395416,47.75984573364258
9434.5,1.3334473371505737,6.809809684753418,0.007703159935772419,47.75984191894531
9436.0,1.2844717502593994,6.647543907165527,0.0075481426902115345,47.75984191894531
9437.5,1.282193660736084,6.979077339172363,0.010049756616353989,47.75987243652344
9439.0,1.3137750625610352,10.55732536315918,0.016395991668105125,47.760013580322266
9440.5,1.2483675479888916,11.036090850830078,0.02851203829050064,47.76042175292969
9442.0,1.1770379543304443,10.40021800994873,0.04735535755753517,47.76165771484375
9443.5,1.1863503456115723,9.20707893371582,0.046028245240449905,47.761512756347656
9445.0,1.20783531665802,9.215349197387695,0.029682252556085587,47.7604866027832
9446.5,1.2027736902236938,8.577260971069336,0.014933655969798565,47.759971618652344
9448.0,1.2258557081222534,7.76549768447876,0.009648379869759083,47.75986862182617
9449.5,1.3181395530700684,8.251693725585938,0.00933659728616476,47.759864807128906
9451.0,1.4105889797210693,9.123526573181152,0.009666319005191326,47.75987243652344
9452.5,1.3921033143997192,8.52267074584961,0.009627184830605984,47.75986862182617
9454.0,1.3376100063323975,6.917922496795654,0.008859528228640556,47.759857177734375
9455.5,1.3114252090454102,6.119677543640137,0.009119220077991486,47.759857177734375
9457.0,1.2787466049194336,7.4105682373046875,0.011210317723453045,47.759883880615234
9458.5,1.2614728212356567,9.251302719116211,0.0167530570179224,47.7599983215332
9460.0,1.3365622758865356,9.421083450317383,0.024761879816651344,47.760231018066406
9461.5,1.355083703994751,7.731006622314453,0.02679618075489998,47.7603645324707
9463.0,1.205132007598877,6.692368984222412,0.02333986572921276,47.76023483276367
9464.5,1.2083882093429565,6.49198579788208,0.014596270397305489,47.75996017456055
9466.0,1.2987265586853027,7.62495231628418,0.008986611850559711,47.759857177734375
9467.5,1.3518307209014893,7.859928607940674,0.008031833916902542,47.75984573364258
9469.0,1.364001989364624,7.434758186340332,0.007729147560894489,47.75984191894531
9470.5,1.3338563442230225,7.770781517028809,0.007696649059653282,47.75984191894531
9472.0,1.322499394416809,7.848939895629883,0.007780325599014759,47.75984191894531
9473.5,1.31208074092865,6.126297950744629,0.008574294857680798,47.75985336303711
9475.0,1.2807120084762573,7.143847465515137,0.011276120319962502,47.75989532470703
9476.5,1.2544187307357788,13.00070571899414,0.018751604482531548,47.76008224487305
9478.0,1.258682131767273,15.357046127319336,0.029125666245818138,47.76054000854492
9479.5,1.1899349689483643,9.200987815856934,0.04185052588582039,47.76123809814453
9481.0,1.0951788425445557,6.387771129608154,0.0386815145611763,47.76108932495117
9482.5,1.157700777053833,7.096735954284668,0.026475049555301666,47.7603645324707
9484.0,1.2792068719863892,9.522342681884766,0.013109280727803707,47.75993728637695
9485.5,1.351470708847046,8.877243041992188,0.00937093049287796,47.759864807128906
9487.0,1.3831194639205933,8.26240062713623,0.008395169861614704,47.75985336303711
9488.5,1.3651541471481323,7.559071063995361,0.007729841396212578,47.75984573364258
9490.0,1.3412375450134277,7.472406387329102,0.0076056672260165215,47.75984191894531
9491.5,1.3472007513046265,7.705713272094727,0.007855942472815514,47.75984573364258
9493.0,1.3422616720199585,7.456137180328369,0.008244963362812996,47.759849548339844
9494.5,1.3318817615509033,6.741085052490234,0.008551789447665215,47.75985336303711
9496.0,1.3492443561553955,6.485684394836426,0.0086916983127594,47.770320892333984
9497.5,1.3542888164520264,6.412317276000977,0.008647161535918713,47.770320892333984
9499.0,1.31111478805542,6.297994613647461,0.008437086828052998,47.77031326293945
9500.5,1.2660186290740967,6.518530368804932,0.009507417678833008,47.770328521728516
9502.0,1.2858246564865112,8.657489776611328,0.012652991339564323,47.770389556884766
9503.5,1.3356748819351196,9.119974136352539,0.018740523606538773,47.77055358886719
9505.0,1.340618371963501,8.295562744140625,0.025435013696551323,47.77080154418945
9506.5,1.2341656684875488,6.706915855407715,0.024311579763889313,47.76029586791992
9508.0,1.209093451499939,7.103306770324707,0.017724914476275444,47.760040283203125
9509.5,1.293387770652771,7.707887172698975,0.010385635308921337,47.7598762512207
9511.0,1.3016921281814575,7.1905622482299805,0.007949825376272202,47.75984573364258
9512.5,1.3143372535705566,7.166128158569336,0.007563423365354538,47.75984191894531
9514.0,1.3645968437194824,8.264294624328613,0.007614009082317352,47.75984191894531
9515.5,1.3542981147766113,7.990051746368408,0.007974701933562756,47.75984573364258
9517.0,1.293094277381897,7.200615882873535,0.009862950071692467,47.75986862182617
9518.5,1.2468841075897217,10.560176849365234,0.014712897129356861,47.759971618652344
9520.0,1.2571221590042114,13.406871795654297,0.023713387548923492,47.76023483276367
9521.5,1.3212429285049438,8.492654800415039,0.0362662672996521,47.76087951660156
9523.0,1.3272440433502197,5.751189231872559,0.041033484041690826,47.76118469238281
9524.5,1.2625430822372437,6.396948337554932,0.028371864929795265,47.76044464111328
9526.0,1.2536730766296387,8.244331359863281,0.014887062832713127,47.75997543334961
9527.5,1.3098469972610474,8.092069625854492,0.009301727637648582,47.75986099243164
9529.0,1.323927879333496,7.571598052978516,0.008154693059623241,47.75984573364258
9530.5,1.2961182594299316,7.5169196128845215,0.008415920659899712,47.75985336303711
9532.0,1.2630313634872437,7.628827095031738,0.008834658190608025,47.75986099243164
9533.5,1.2291555404663086,6.815184116363525,0.008789259940385818,47.75986099243164
9535.0,1.2240941524505615,6.211258411407471,0.00838522706180811,47.75985336303711
9536.5,1.2591902017593384,6.630998611450195,0.008597721345722675,47.759857177734375
9538.0,1.3062975406646729,7.645478248596191,0.009401536546647549,47.75986862182617
9539.5,1.3364078998565674,7.749373912811279,0.009881061501801014,47.7598762512207
9541.0,1.3277673721313477,7.015186309814453,0.00925099290907383,47.759864807128906
9542.5,1.3064985275268555,6.356022834777832,0.008246516808867455,47.75985336303711
9544.0,1.290236234664917,6.2967634201049805,0.007526922505348921,47.75984191894531
9545.5,1.2612141370773315,6.279148101806641,0.007656382862478495,47.75984191894531
9547.0,1.2440136671066284,6.238739490509033,0.00782177597284317,47.75984191894531
9548.5,1.2582736015319824,6.19591760635376,0.007782741915434599,47.75984191894531
9550.0,1.2838772535324097,6.737762928009033,0.00825362280011177,47.75984573364258
9551.5,1.285387635231018,8.398460388183594,0.009853435680270195,47.75987243652344
9553.0,1.2366474866867065,9.477291107177734,0.01265052892267704,47.75992965698242
9554.5,1.1966475248336792,8.222993850708008,0.01764257811009884,47.76004409790039
9556.0,1.2200732231140137,6.7834062576293945,0.0199371799826622,47.760128021240234
9557.5,1.257533073425293,5.744871139526367,0.015633996576070786,47.75999450683594
9559.0,1.2812796831130981,6.905183792114258,0.010520575568079948,47.7598762512207
9560.5,1.2897751331329346,7.73103141784668,0.008591655641794205,47.75985336303711
9562.0,1.2708770036697388,7.460598468780518,0.008438566699624062,47.75985336303711
9563.5,1.272343397140503,6.544411659240723,0.00894020963460207,47.75986099243164
9565.0,1.2904595136642456,6.717006683349609,0.010215707123279572,47.75988006591797
9566.5,1.2533613443374634,9.819990158081055,0.014054619707167149,47.75996017456055
9568.0,1.2125627994537354,10.254119873046875,0.019812826067209244,47.749656677246094
9569.5,1.2364528179168701,7.7079010009765625,0.02833687700331211,47.7500114440918
9571.0,1.2501287460327148,6.009058475494385,0.03113226220011711,47.75012969970703
9572.5,1.2451379299163818,6.671292304992676,0.02224680222570896,47.749732971191406
9574.0,1.2335515022277832,8.620491027832031,0.012814025394618511,47.74945831298828
9575.5,1.2067242860794067,7.698181629180908,0.008930630050599575,47.749393463134766
9577.0,1.2024054527282715,6.605864524841309,0.007924200035631657,47.74937438964844
9578.5,1.217320442199707,6.010320663452148,0.007754015736281872,47.74937438964844
9580.0,1.2368515729904175,6.156785011291504,0.007708346005529165,47.74937438964844
9581.5,1.2485122680664062,6.020108222961426,0.0077333166263997555,47.74937057495117
9583.0,1.2458668947219849,5.93559455871582,0.007743236143141985,47.74937057495117
9584.5,1.2417783737182617,6.124998569488525,0.0077567314729094505,47.74937057495117
9586.0,1.2225496768951416,6.224967002868652,0.007503243163228035,47.74937057495117
9587.5,1.1988391876220703,6.0804901123046875,0.007376127876341343,47.749366760253906
9589.0,1.204895257949829,6.031939506530762,0.0074483840726315975,47.74937057495117
9590.5,1.2279340028762817,6.007450580596924,0.007564927916973829,47.74937057495117
9592.0,1.2326806783676147,6.108303070068359,0.007777210790663958,47.74937438964844
9593.5,1.2275038957595825,6.316622734069824,0.0082252761349082,47.74937438964844
9595.0,1.2275416851043701,6.47316312789917,0.008384749293327332,47.74938201904297
9596.5,1.2345376014709473,6.119130611419678,0.008117657154798508,47.74937438964844
9598.0,1.2381229400634766,5.748244285583496,0.007730413228273392,47.74937057495117
9599.5,1.2200497388839722,5.532020568847656,0.0075715272687375546,47.74937057495117
9601.0,1.2007473707199097,5.851518630981445,0.007428733166307211,47.74937057495117
9602.5,1.201004981994629,5.994360446929932,0.007454847451299429,47.74937057495117
9604.0,1.202613115310669,5.884200572967529,0.00749942846596241,47.74937057495117
9605.5,1.2106447219848633,6.144514560699463,0.007876805029809475,47.74937438964844
9607.0,1.2374964952468872,7.479187488555908,0.009138934314250946,47.749393463134766
9608.5,1.2740641832351685,8.077347755432129,0.01203822623938322,47.74943923950195
9610.0,1.28581964969635,7.763644218444824,0.015165860764682293,47.749515533447266
9611.5,1.2572803497314453,6.90383243560791,0.015191405080258846,47.74951171875
9613.0,1.2235978841781616,6.525543689727783,0.012141749262809753,47.74943923950195
9614.5,1.2212207317352295,6.598238945007324,0.008818783797323704,47.749385833740234
9616.0,1.253599762916565,6.520462989807129,0.007978294044733047,47.74937438964844
9617.5,1.2707958221435547,6.482626438140869,0.008412548340857029,47.74938201904297
9619.0,1.2320243120193481,6.80998420715332,0.009440144523978233,47.74939727783203
9620.5,1.2062631845474243,8.040595054626465,0.011350677348673344,47.749427795410156
9622.0,1.249341607093811,9.182306289672852,0.01457253098487854,47.74949264526367
9623.5,1.2595940828323364,7.803195476531982,0.018907448276877403,47.74961853027344
9625.0,1.1887255907058716,5.956273078918457,0.018843641504645348,47.749610900878906
9626.5,1.18361234664917,5.284911155700684,0.014438938349485397,47.74949264526367
9628.0,1.270508885383606,6.4329047203063965,0.010452952235937119,47.74940872192383
9629.5,1.3456753492355347,7.5714240074157715,0.009256905876100063,47.749393463134766
9631.0,1.350745677947998,7.5124921798706055,0.00931547675281763,47.749393463134766
9632.5,1.3056132793426514,6.3951802253723145,0.009247459471225739,47.7493896484375
9634.0,1.2888431549072266,6.303016185760498,0.008824757300317287,47.74938201904297
9635.5,1.3139179944992065,6.731449604034424,0.008613665588200092,47.74938201904297
9637.0,1.315853238105774,6.55677604675293,0.008139919489622116,47.74937438964844
9638.5,1.2572662830352783,6.277775287628174,0.008037656545639038,47.74937438964844
9640.0,1.2500083446502686,6.561688423156738,0.008116824552416801,47.74937438964844
9641.5,1.2845139503479004,6.76250696182251,0.008108911104500294,47.74937438964844
9643.0,1.281564712524414,6.645487308502197,0.007926763966679573,47.74937438964844
9644.5,1.2528587579727173,6.129458427429199,0.007762285880744457,47.74937057495117
9646.0,1.2655961513519287,6.066901206970215,0.007732737809419632,47.74937057495117
9647.5,1.30447256565094,6.289239406585693,0.007787799928337336,47.74937057495117
9649.0,1.2970547676086426,6.348542213439941,0.00787966139614582,47.74937057495117
9650.5,1.240246295928955,5.83293342590332,0.007760394364595413,47.74937057495117
9652.0,1.2096128463745117,5.807083606719971,0.0079013891518116,47.74937438964844
9653.5,1.2387608289718628,6.251112937927246,0.00825464352965355,47.74937438964844
9655.0,1.2985919713974,6.5540547370910645,0.008711346425116062,47.749385833740234
9656.5,1.312969446182251,6.378602504730225,0.009059074334800243,47.749393463134766
9658.0,1.2759864330291748,6.083619594573975,0.009058027528226376,47.749393463134766
9659.5,1.2703356742858887,6.210226058959961,0.008671348914504051,47.749385833740234
9661.0,1.2754007577896118,6.85986328125,0.008988219313323498,47.749393463134766
9662.5,1.2524226903915405,7.343003749847412,0.00923760887235403,47.74939727783203
9664.0,1.2550861835479736,7.1949262619018555,0.009283153340220451,47.74939727783203
9665.5,1.2743500471115112,7.066027641296387,0.00902774091809988,47.75986099243164
9667.0,1.2651386260986328,7.7333173751831055,0.009210145100951195,47.78079605102539
9668.5,1.2433964014053345,8.007757186889648,0.01052984967827797,47.780818939208984
9670.0,1.2393527030944824,7.327204704284668,0.012723769061267376,47.74945831298828
9671.5,1.2613056898117065,6.647536277770996,0.014804607257246971,47.74950408935547
9673.0,1.2929576635360718,6.577555179595947,0.015336200594902039,47.749507904052734
9674.5,1.3034064769744873,6.662993431091309,0.012316572479903698,47.74943923950195
9676.0,1.2951732873916626,6.730522632598877,0.010095018893480301,47.74940872192383
9677.5,1.271053671836853,6.384389877319336,0.009617695584893227,47.74939727783203
9679.0,1.2513132095336914,7.087116718292236,0.010070904158055782,47.7494010925293
9680.5,1.2656899690628052,7.88941764831543,0.012002767994999886,47.74943542480469
9682.0,1.2826464176177979,7.467634201049805,0.014106993563473225,47.74948501586914
9683.5,1.2410218715667725,6.486363410949707,0.01781752146780491,47.749576568603516
9685.0,1.2359724044799805,6.759913444519043,0.018570633605122566,47.74959945678711
9686.5,1.3036924600601196,7.571182727813721,0.015257693827152252,47.75997543334961
9688.0,1.3144381046295166,8.343474388122559,0.01163521222770214,47.7598991394043
9689.5,1.2620224952697754,8.140753746032715,0.009546682238578796,47.75986862182617
9691.0,1.2745305299758911,9.015933990478516,0.009568409062922001,47.75986862182617
9692.5,1.3188942670822144,10.158125877380371,0.010860763490200043,47.7598876953125
9694.0,1.289147973060608,9.186674118041992,0.011282581835985184,47.7598991394043
9695.5,1.2456259727478027,6.8886213302612305,0.010658279061317444,47.7598876953125
9697.0,1.2598236799240112,6.722103118896484,0.010214501060545444,47.7598762512207
9698.5,1.2659419775009155,8.095988273620605,0.011450611054897308,47.77036666870117
9700.0,1.249206781387329,8.513980865478516,0.014444885775446892,47.75996398925781
9701.5,1.2316412925720215,7.058418273925781,0.01777210831642151,47.76005554199219
9703.0,1.222194790840149,6.734658241271973,0.020255155861377716,47.76013946533203
9704.5,1.2374025583267212,6.409717559814453,0.016225779429078102,47.760005950927734
9706.0,1.2591763734817505,7.328492164611816,0.010878783650696278,47.7598876953125
9707.5,1.24820876121521,7.0839080810546875,0.008869332261383533,47.759857177734375
9709.0,1.232194423675537,7.407689094543457,0.008654595352709293,47.75985336303711
9710.5,1.2600327730178833,8.296625137329102,0.009276250377297401,47.75986099243164
9712.0,1.2840076684951782,8.53247356414795,0.010300707072019577,47.7598762512207
9713.5,1.2735029458999634,6.873647689819336,0.012398583814501762,47.759918212890625
9715.0,1.237888216972351,5.6826677322387695,0.013995693996548653,47.759952545166016
9716.5,1.2104743719100952,5.673207759857178,0.012414607219398022,47.770389556884766
9718.0,1.220901608467102,7.825617790222168,0.012090588919818401,47.7703742980957
9719.5,1.2612299919128418,9.413686752319336,0.014612837694585323,47.77042007446289
9721.0,1.2542812824249268,8.430191993713379,0.018589651212096214,47.7705192565918
9722.5,1.2557469606399536,7.504953384399414,0.025057584047317505,47.770729064941406
9724.0,1.203559160232544,6.658916473388672,0.02489202469587326,47.76023483276367
9725.5,1.177031397819519,6.391412734985352,0.01785452850162983,47.76003646850586
9727.0,1.1586737632751465,6.74027681350708,0.011651122942566872,47.75990295410156
9728.5,1.2277675867080688,7.209826946258545,0.00964963249862194,47.75986862182617
9730.0,1.2883152961730957,7.7338643074035645,0.009450776502490044,47.75986862182617
9731.5,1.2728196382522583,7.178845405578613,0.009435418993234634,47.75986862182617
9733.0,1.2234814167022705,6.816274642944336,0.009334533475339413,47.759864807128906
9734.5,1.2091171741485596,6.770761489868164,0.009570999071002007,47.75987243652344
9736.0,1.2309396266937256,6.596222877502441,0.010871230624616146,47.759891510009766
9737.5,1.2265287637710571,6.168813705444336,0.012342960573732853,47.759918212890625
9739.0,1.1810998916625977,5.627274513244629,0.01397080346941948,47.75995635986328
9740.5,1.1763238906860352,5.065680503845215,0.015016724355518818,47.759979248046875
9742.0,1.2173547744750977,5.126081466674805,0.014243198558688164,47.75996017456055
9743.5,1.2465438842773438,6.11346960067749,0.01197818387299776,47.75990676879883
9745.0,1.2382724285125732,7.773097038269043,0.010086060501635075,47.7598762512207
9746.5,1.2213966846466064,7.615124702453613,0.011017909273505211,47.759891510009766
9748.0,1.2085801362991333,6.225761413574219,0.013007860630750656,47.75992202758789
9749.5,1.1976274251937866,5.203308582305908,0.012673268094658852,47.75992202758789
9751.0,1.2097508907318115,5.428489685058594,0.011539612896740437,47.7598991394043
9752.5,1.2237759828567505,5.878465175628662,0.009731383062899113,47.75986862182617
9754.0,1.218629240989685,5.888741493225098,0.008654225617647171,47.74938201904297
9755.5,1.2285540103912354,5.847370147705078,0.008569683879613876,47.74938201904297
9757.0,1.2520071268081665,6.021699905395508,0.0086878826841712,47.74938201904297
9758.5,1.2008639574050903,5.854362964630127,0.00876452587544918,47.74938201904297
9760.0,1.1380189657211304,5.894791603088379,0.008613147772848606,47.74938201904297
9761.5,1.1627483367919922,6.0849504470825195,0.008523398078978062,47.74938201904297
9763.0,1.2175486087799072,6.343992710113525,0.008505454286932945,47.74937438964844
9764.5,1.2293014526367188,6.250988006591797,0.008405894041061401,47.74937438964844
9766.0,1.2237379550933838,6.274759292602539,0.008357105776667595,47.74937438964844
9767.5,1.2281581163406372,6.2592267990112305,0.008446099236607552,47.74937438964844
9769.0,1.2250862121582031,6.138138771057129,0.008406376466155052,47.74937438964844
9770.5,1.2318456172943115,6.013776779174805,0.008395349606871605,47.74937438964844
9772.0,1.2437927722930908,6.002434730529785,0.008526409976184368,47.74937438964844
9773.5,1.2325364351272583,6.103279113769531,0.008550555445253849,47.74937438964844
9775.0,1.2122796773910522,6.265926361083984,0.008508402854204178,47.74937438964844
9776.5,1.2218594551086426,6.574084758758545,0.00867034588009119,47.7493782043457
9778.0,1.2417107820510864,6.9762163162231445,0.008670712821185589,47.7493782043457
9779.5,1.219879150390625,6.74155330657959,0.00857122428715229,47.74938201904297
9781.0,1.1811753511428833,6.326264381408691,0.00858164019882679,47.74938201904297
9782.5,1.17829430103302,6.97447395324707,0.00865259114652872,47.74938201904297
9784.0,1.1761287450790405,8.372169494628906,0.008652652613818645,47.74938201904297
9785.5,1.170767903327942,7.766012191772461,0.008857626467943192,47.749385833740234
9787.0,1.2046533823013306,6.711578845977783,0.00950328167527914,47.749393463134766
9788.5,1.223240852355957,8.610581398010254,0.01298298966139555,47.749454498291016
9790.0,1.1291429996490479,11.405261993408203,0.019393596798181534,47.7496223449707
9791.5,1.004306435585022,7.506178379058838,0.028650397434830666,47.75
9793.0,1.0253102779388428,5.072957515716553,0.04091695323586464,47.750770568847656
9794.5,1.1203724145889282,4.349885940551758,0.045646969228982925,47.75107955932617
9796.0,1.1786049604415894,5.985611438751221,0.03553742542862892,47.750423431396484
9797.5,1.208573818206787,10.68740463256836,0.02325299382209778,47.74977493286133
9799.0,1.1561750173568726,10.943720817565918,0.015559017658233643,47.74953079223633
9800.5,1.0923118591308594,6.945584297180176,0.017213372513651848,47.749568939208984
9802.0,1.0999196767807007,6.414757251739502,0.02179732359945774,47.749725341796875
9803.5,1.124845027923584,5.892668724060059,0.020993871614336967,47.74969482421875
9805.0,1.1622569561004639,6.716526031494141,0.017400145530700684,47.74956130981445
9806.5,1.2155241966247559,7.1554460525512695,0.01200974639505148,47.74943923950195
9808.0,1.2363942861557007,7.63924503326416,0.010665124282240868,47.749412536621094
9809.5,1.2270797491073608,7.592649459838867,0.01150363590568304,47.749427795410156
9811.0,1.2119781970977783,7.739169120788574,0.012835182249546051,47.749454498291016
9812.5,1.2015689611434937,7.280265808105469,0.013035314157605171,47.74945831298828
9814.0,1.1995476484298706,6.750190734863281,0.013564854860305786,47.74946975708008
9815.5,1.1965253353118896,6.172971725463867,0.014308199286460876,47.74948501586914
9971.5,1.3611059188842773,12.218465805053711,0.017586246132850647,47.72861862182617
9973.0,1.2753562927246094,7.604152679443359,0.019332876428961754,47.71818542480469
9974.5,1.019380807876587,4.744479179382324,0.0232705045491457,47.718326568603516
9976.0,0.871607780456543,3.822042942047119,0.02472754195332527,47.718406677246094
9977.5,1.0369408130645752,5.395444869995117,0.021639373153448105,47.71827697753906
9979.0,1.2588006258010864,8.585434913635254,0.017333097755908966,47.718135833740234
9980.5,1.3044503927230835,9.987387657165527,0.016658302396535873,47.71812057495117
9982.0,1.2478018999099731,9.537153244018555,0.016662931069731712,47.71812438964844
9983.5,1.1982532739639282,7.875027656555176,0.01579936221241951,47.71809768676758
9985.0,1.1758099794387817,6.821243762969971,0.014394499361515045,47.71805953979492
9986.5,1.2183529138565063,7.101987838745117,0.013442959636449814,47.71803283691406
9988.0,1.3022751808166504,8.091176986694336,0.013106081634759903,47.71802520751953
9989.5,1.3219561576843262,8.168896675109863,0.013197969645261765,47.71802520751953
9991.0,1.3033233880996704,7.944292068481445,0.013138966634869576,47.718021392822266
9992.5,1.3223185539245605,7.633852958679199,0.013277539983391762,47.71802520751953
9994.0,1.3297882080078125,7.537651062011719,0.013407104648649693,47.71802520751953
9995.5,1.282874345779419,7.156219482421875,0.013381585478782654,47.71802520751953
9997.0,1.2524378299713135,7.729825496673584,0.013430586084723473,47.7180290222168
9998.5,1.2795169353485107,9.514993667602539,0.014105590060353279,47.718048095703125
10000.0,1.290856957435608,10.501166343688965,0.015280799940228462,47.71807861328125
10001.5,1.2347332239151,9.193612098693848,0.017461417242884636,47.71814727783203
10003.0,1.1945198774337769,7.7638654708862305,0.019539806991815567,47.71821212768555
10004.5,1.2269903421401978,7.912112236022949,0.019367197528481483,47.71820831298828
10006.0,1.2681856155395508,9.437756538391113,0.01834779791533947,47.718170166015625
10007.5,1.2867389917373657,10.984695434570312,0.01718107983469963,47.7181282043457
10009.0,1.3122916221618652,14.329720497131348,0.017572160810232162,47.718135833740234
10010.5,1.331549882888794,20.85244369506836,0.024050172418355942,47.71836853027344
10012.0,1.221726417541504,22.648235321044922,0.03432337939739227,47.718894958496094
10013.5,0.7950698733329773,9.481813430786133,0.04911528155207634,47.71996307373047
10015.0,0.22265276312828064,3.251110076904297,0.06354723870754242,47.721397399902344
10016.5,0.06044595688581467,0.7838479280471802,0.06774942576885223,47.72159957885742
10018.0,0.30341729521751404,2.830042839050293,0.06004679203033447,47.7208137512207
10019.5,0.8294619917869568,9.68455696105957,0.03903887793421745,47.719093322753906
10021.0,1.2400364875793457,10.6605224609375,0.02464274875819683,47.718360900878906
10022.5,1.3494911193847656,15.20490550994873,0.021197747439146042,47.71823501586914
10024.0,1.340024709701538,16.222850799560547,0.022233357653021812,47.7182731628418
10025.5,1.092697262763977,92.50597381591797,0.027084600180387497,47.71855926513672
10027.0,0.739583432674408,3.120762348175049,0.03490760922431946,47.718807220458984
10028.5,0.6790831685066223,1.9834153652191162,0.038942184299230576,47.71907043457031
10030.0,0.8801626563072205,3.7205429077148438,0.03792267292737961,47.7190055847168
10031.5,1.1384773254394531,5.799190521240234,0.027687381953001022,47.71846008300781
10033.0,1.3159418106079102,10.435428619384766,0.01777479238808155,47.71812438964844
10034.5,1.3245799541473389,10.912899017333984,0.01601605862379074,47.718082427978516
10036.0,1.2368180751800537,9.734318733215332,0.015575760044157505,47.718074798583984
10037.5,1.1772557497024536,8.45022201538086,0.015528446063399315,47.718074798583984
10039.0,1.1877045631408691,7.883786678314209,0.015856262296438217,47.71807861328125
10040.5,1.2215453386306763,7.706348419189453,0.016531987115740776,47.71809387207031
10042.0,1.2713005542755127,8.636724472045898,0.017460286617279053,47.718116760253906
10043.5,1.3535908460617065,9.162510871887207,0.019329791888594627,47.71815872192383
10045.0,1.4089016914367676,9.237430572509766,0.02223692275583744,47.71825408935547
10046.5,1.383913278579712,8.980661392211914,0.02469625510275364,47.71833801269531
10048.0,1.3646334409713745,8.935134887695312,0.023648880422115326,47.71830368041992
10049.5,1.3561464548110962,9.563100814819336,0.019424255937337875,47.71816635131836
10051.0,1.338747501373291,10.12084674835205,0.016309287399053574,47.71807861328125
10052.5,1.2691351175308228,9.341402053833008,0.015481536276638508,47.71805953979492
10054.0,1.1965758800506592,8.38392448425293,0.01517337653785944,47.718055725097656
10055.5,1.2503576278686523,7.909392356872559,0.015545560047030449,47.718055725097656
10057.0,1.3098325729370117,8.697267532348633,0.01639886386692524,47.71807098388672
10058.5,1.2867828607559204,10.519304275512695,0.01948956772685051,47.718143463134766
10060.0,1.2401034832000732,11.446419715881348,0.02291681058704853,47.71825408935547
10061.5,1.1552751064300537,7.56947135925293,0.027544260025024414,47.72893142700195
10063.0,1.0135858058929443,4.502688884735107,0.03395736962556839,47.729248046875
10064.5,1.0516432523727417,4.200771808624268,0.033658839762210846,47.729312896728516
10066.0,1.1865934133529663,6.599067687988281,0.029447020962834358,47.72907257080078
10067.5,1.2033002376556396,8.436755180358887,0.022780725732445717,47.728782653808594
10069.0,1.2065825462341309,8.889861106872559,0.02099338173866272,47.728721618652344
10070.5,1.2515109777450562,8.556571960449219,0.02196441777050495,47.728755950927734
10072.0,1.2532734870910645,8.417097091674805,0.022983064875006676,47.728790283203125
10073.5,1.2260174751281738,7.945667743682861,0.02339404821395874,47.72880172729492
10075.0,1.223101019859314,8.162002563476562,0.022701459005475044,47.718292236328125
10076.5,1.2590551376342773,8.654182434082031,0.020822379738092422,47.71821975708008
10078.0,1.3320155143737793,11.266777038574219,0.019711414352059364,47.718177795410156
10079.5,1.3767502307891846,15.34616756439209,0.022298935800790787,47.71826934814453
10081.0,1.2672358751296997,16.155115127563477,0.028772447258234024,47.718536376953125
10082.5,0.993437647819519,7.982323169708252,0.0377582386136055,47.70859146118164
10084.0,0.7335743308067322,3.0446629524230957,0.05039411783218384,47.709564208984375
10085.5,0.5167582035064697,1.1873728036880493,0.05891034007072449,47.71035385131836
10087.0,0.5329024791717529,1.1942856311798096,0.056403663009405136,47.710044860839844
10088.5,0.8659682869911194,3.743246078491211,0.039153821766376495,47.70863342285156
10090.0,1.2363033294677734,9.91096305847168,0.023275280371308327,47.70783996582031
10091.5,1.3816760778427124,13.173072814941406,0.018621698021888733,47.70767593383789
10093.0,1.3888803720474243,11.715675354003906,0.01766594499349594,47.707645416259766
10094.5,1.3326475620269775,8.925090789794922,0.017398152500391006,47.7076416015625
10096.0,1.2861579656600952,8.851499557495117,0.01741216890513897,47.7076416015625
10097.5,1.2624330520629883,8.843151092529297,0.01779588684439659,47.7076530456543
10099.0,1.235350489616394,7.370540618896484,0.018740298226475716,47.707672119140625
10100.5,1.1433213949203491,7.1813507080078125,0.02050096169114113,47.707733154296875
10102.0,1.0163840055465698,9.588884353637695,0.024138975888490677,47.70787811279297
10103.5,0.9372513294219971,7.514859676361084,0.027188293635845184,47.70801544189453
10105.0,0.8414077758789062,3.9309067726135254,0.032642774283885956,47.70829772949219
10106.5,0.8058514595031738,2.4463300704956055,0.04078073054552078,47.729766845703125
10108.0,0.9463365077972412,2.4969727993011475,0.04051714390516281,47.72978973388672
10109.5,1.148277997970581,5.101705074310303,0.03053150698542595,47.7396354675293
10111.0,1.301418662071228,10.508661270141602,0.021088019013404846,47.739192962646484
10112.5,1.3778982162475586,13.015349388122559,0.01920972391963005,47.739112854003906
10114.0,1.372321605682373,12.5704927444458,0.019008643925189972,47.739097595214844
10115.5,1.3068817853927612,11.672813415527344,0.01862211339175701,47.73909378051758
10117.0,1.2705060243606567,10.983177185058594,0.018663756549358368,47.718143463134766
10118.5,1.295391321182251,10.03272533416748,0.019299296662211418,47.70767593383789
10120.0,1.3435927629470825,11.75013542175293,0.022444844245910645,47.70777893066406
10121.5,1.3700591325759888,18.916385650634766,0.029631037265062332,47.70808029174805
10123.0,1.2355875968933105,19.841392517089844,0.037854306399822235,47.708560943603516
10124.5,0.7505950927734375,4.992282867431641,0.04778745770454407,47.70930862426758
10126.0,0.24850259721279144,0.7935798168182373,0.062833271920681,47.7107048034668
10127.5,0.2545835077762604,0.345765620470047,0.07132069766521454,47.71175003051758
10129.0,0.4328657388687134,0.9962431788444519,0.06513524055480957,47.71098709106445
10130.5,0.8510405421257019,5.015115737915039,0.03946807608008385,47.70869445800781
10132.0,1.1936012506484985,14.339141845703125,0.024140484631061554,47.707881927490234
10133.5,1.2619385719299316,13.43891716003418,0.022251475602388382,47.707801818847656
10135.0,1.2557218074798584,10.0639066696167,0.02221054397523403,47.70779800415039
10136.5,1.2989126443862915,7.785388946533203,0.022324172779917717,47.71826934814453
10138.0,1.3342396020889282,7.19013786315918,0.021845247596502304,47.7182502746582
10139.5,1.2769427299499512,8.117539405822754,0.02100728638470173,47.718223571777344
10141.0,1.1682127714157104,9.038616180419922,0.020628394559025764,47.718223571777344
10142.5,1.1483155488967896,9.097613334655762,0.021061863750219345,47.718238830566406
10144.0,1.213197946548462,8.539422988891602,0.021975772455334663,47.7182731628418
10145.5,1.2662371397018433,8.647802352905273,0.023917606100440025,47.718345642089844
10147.0,1.2726311683654785,8.546314239501953,0.025828300043940544,47.71841812133789
10148.5,1.2436901330947876,7.934060096740723,0.026534346863627434,47.71846389770508
10150.0,1.1518573760986328,7.598798751831055,0.027288490906357765,47.718509674072266
10151.5,1.0288715362548828,8.293396949768066,0.030665384605526924,47.71870040893555
10153.0,0.9879493117332458,8.165180206298828,0.03461727127432823,47.718910217285156
10154.5,0.9354548454284668,4.880587577819824,0.04099736362695694,47.71933364868164
10156.0,0.7502275109291077,2.8572983741760254,0.0465560182929039,47.71974182128906
10157.5,0.6918172240257263,2.6045706272125244,0.04306503385305405,47.71947479248047
10159.0,0.9218635559082031,5.919489860534668,0.035281408578157425,47.71893310546875
10160.5,1.1885030269622803,9.824155807495117,0.031998489052057266,47.70827102661133
10162.0,1.2716116905212402,11.281021118164062,0.031134437769651413,47.708221435546875
10163.5,1.1923282146453857,8.710535049438477,0.03007550723850727,47.70815658569336
10165.0,1.054791808128357,6.22705602645874,0.030021505430340767,47.708133697509766
10166.5,1.0701324939727783,6.711122989654541,0.030683357268571854,47.70814895629883
10168.0,1.2086554765701294,13.088090896606445,0.03285907581448555,47.708274841308594
10169.5,1.2962580919265747,20.018495559692383,0.04020389914512634,47.70872497558594
10171.0,1.0809309482574463,16.347166061401367,0.05044005438685417,47.70947265625
10172.5,0.4591999351978302,3.7877323627471924,0.06499358266592026,47.71080017089844
10174.0,0.12916028499603271,0.7265605926513672,0.08528337627649307,47.71334457397461
10175.5,0.2284393608570099,0.558553159236908,0.08796989917755127,47.72428512573242
10177.0,0.49708232283592224,2.1399927139282227,0.07792480289936066,47.72288513183594
10178.5,1.0903897285461426,8.220930099487305,0.05154445767402649,47.72004699707031
10180.0,1.4414281845092773,19.643051147460938,0.03330876678228378,47.71877670288086
10181.5,1.2933202981948853,16.430883407592773,0.030512109398841858,47.71865463256836
10183.0,1.122308611869812,9.360091209411621,0.03251706063747406,47.71879577636719
10184.5,1.151319980621338,6.260329246520996,0.0347372367978096,47.71889877319336
10186.0,1.2185750007629395,9.242250442504883,0.03612738102674484,47.71897506713867
10187.5,1.2819201946258545,15.899730682373047,0.03746182844042778,47.71906280517578
10189.0,1.3576656579971313,16.19076156616211,0.04003474488854408,47.719215393066406
10190.5,1.187687873840332,7.683877944946289,0.04895035922527313,47.709407806396484
10192.0,0.7384065389633179,2.1149685382843018,0.057537391781806946,47.71017837524414
10193.5,0.46060508489608765,0.9878659844398499,0.0596453994512558,47.71039962768555
10195.0,0.6558049917221069,2.6683828830718994,0.055520448833703995,47.709983825683594
10196.5,1.1244288682937622,10.36827278137207,0.04009166359901428,47.70872497558594
10198.0,1.3858695030212402,14.957677841186523,0.0305053498595953,47.70813751220703
10199.5,1.3183646202087402,13.008655548095703,0.02922140620648861,47.70808029174805
10201.0,1.1862187385559082,14.032844543457031,0.03112339973449707,47.708187103271484
10202.5,1.1987152099609375,13.24846076965332,0.03371638432145119,47.70832824707031
10204.0,1.2300959825515747,7.651569366455078,0.037086371332407,47.70854568481445
10205.5,1.1725889444351196,4.889726161956787,0.04262617602944374,47.70891571044922
10207.0,1.1854751110076904,6.569567680358887,0.04862089455127716,47.70932388305664
10208.5,1.1193279027938843,9.73607063293457,0.04732992872595787,47.71973419189453
10210.0,0.801131546497345,10.222997665405273,0.05008510500192642,47.7199821472168
10211.5,0.43237343430519104,3.2543063163757324,0.06208854913711548,47.72112274169922
10213.0,0.29342588782310486,2.1518306732177734,0.07421272993087769,47.72254943847656
10214.5,0.39186397194862366,1.4890496730804443,0.07773682475090027,47.72298812866211
10216.0,0.7962709665298462,4.569535255432129,0.06806358695030212,47.7217903137207
10217.5,1.3135789632797241,11.171701431274414,0.04712219908833504,47.71969223022461
10219.0,1.557052731513977,18.271150588989258,0.03290388733148575,47.708251953125
10220.5,1.466264247894287,14.707348823547363,0.030855737626552582,47.708133697509766
10222.0,1.2565221786499023,10.272327423095703,0.032562289386987686,47.70822525024414
10223.5,1.1752769947052002,13.30577278137207,0.03670244663953781,47.7084846496582
10225.0,1.1795061826705933,15.133416175842285,0.039291366934776306,47.708656311035156
10226.5,1.0072518587112427,8.025419235229492,0.046861328184604645,47.70920181274414
10228.0,0.7336803674697876,5.095134735107422,0.061412304639816284,47.71055603027344
10229.5,0.6365982294082642,3.695085048675537,0.06688746064901352,47.71117401123047
10231.0,0.7197186946868896,4.707727909088135,0.059502843767404556,47.710411071777344
10232.5,0.8132204413414001,3.102038860321045,0.05434514954686165,47.70988845825195
10234.0,0.8524105548858643,3.03057599067688,0.0513114333152771,47.7096061706543
10235.5,0.9969363808631897,4.290267467498779,0.04510829597711563,47.709102630615234
10237.0,1.2101681232452393,8.1104736328125,0.037350233644247055,47.7085075378418
10238.5,1.2427656650543213,9.393295288085938,0.032619673758745193,47.708229064941406
10240.0,1.1711865663528442,9.406448364257812,0.030408477410674095,47.70812225341797
10241.5,1.15658438205719,7.974454879760742,0.029739057645201683,47.70808029174805
10243.0,1.1877527236938477,8.351791381835938,0.029565393924713135,47.708072662353516
10244.5,1.259161353111267,8.351982116699219,0.02952386438846588,47.70806884765625
10246.0,1.3046419620513916,7.539665222167969,0.02993273176252842,47.708065032958984
10247.5,1.2710422277450562,6.707581996917725,0.029585491865873337,47.70806121826172
10249.0,1.3028435707092285,7.277057647705078,0.02955017052590847,47.70805740356445
10250.5,1.3971043825149536,9.470010757446289,0.02969524636864662,47.70805740356445
10252.0,1.328194499015808,9.754192352294922,0.02979484386742115,47.708065032958984
10253.5,1.1469597816467285,7.8007965087890625,0.029542677104473114,47.70807647705078
10255.0,1.1025266647338867,6.264259338378906,0.02978978119790554,47.708091735839844
10256.5,1.1869480609893799,6.863486289978027,0.03052058070898056,47.70811080932617
10258.0,1.2228089570999146,8.650144577026367,0.030849279835820198,47.7081413269043
10259.5,1.2068712711334229,10.155513763427734,0.03142315521836281,47.708168029785156
10261.0,1.262102723121643,10.747029304504395,0.03187147527933121,47.70817947387695
10262.5,1.2892265319824219,8.973928451538086,0.03169011324644089,47.70817565917969
10264.0,1.2007306814193726,7.16136360168457,0.03223501518368721,47.708194732666016
10265.5,1.178080677986145,8.522725105285645,0.03405427187681198,47.708248138427734
10267.0,1.3716286420822144,13.260210990905762,0.035333093255758286,47.697837829589844
10268.5,1.4711564779281616,14.473103523254395,0.03935965523123741,47.69804763793945
10343.5,0.0,0.0,7.211102485656738,74.0
10345.0,0.0,0.0,7.211102485656738,74.0
10346.5,0.0,0.0,7.211102485656738,74.0
10348.0,0.0,0.0,7.211102485656738,74.0
10349.5,0.0,0.0,7.211102485656738,74.0
10351.0,0.0,0.0,7.211102485656738,74.0
