WAVE,FLUX_1RE,FLUX_FoV,ERROR_1RE,ERROR_FoV
3622.0,2.4044220447540283,10.443493843078613,0.08456657081842422,32.144161224365234
3623.5,2.647331953048706,10.549444198608398,0.08396363258361816,32.144107818603516
3625.0,2.678398609161377,15.527085304260254,0.08253965526819229,32.14396286010742
3626.5,2.4081907272338867,8.540961265563965,0.08147571980953217,32.14378356933594
3628.0,2.281022548675537,12.660118103027344,0.08078717440366745,32.143802642822266
3629.5,3.060965061187744,10.402139663696289,0.08271743357181549,32.143672943115234
3631.0,2.404388904571533,11.298965454101562,0.08087388426065445,32.14361572265625
3632.5,2.432765483856201,8.932805061340332,0.08037880063056946,32.143714904785156
3634.0,2.8054187297821045,13.730810165405273,0.08059447258710861,32.15922546386719
3635.5,2.35357928276062,10.707357406616211,0.07898536324501038,32.159217834472656
3637.0,2.3908603191375732,9.84218692779541,0.07962287962436676,32.159122467041016
3638.5,1.6097357273101807,7.422765731811523,0.076571524143219,32.15903091430664
3640.0,2.0533242225646973,9.888630867004395,0.07664105296134949,32.15891647338867
3641.5,2.9241795539855957,10.4567232131958,0.07604657113552094,32.1433219909668
3643.0,2.4031519889831543,13.2942476272583,0.07454609125852585,32.14324951171875
3940.0,2.7591960430145264,7.474711894989014,0.02235630713403225,32.35753631591797
3941.5,2.867645025253296,7.485034465789795,0.023029861971735954,32.35755157470703
3943.0,3.057548761367798,7.917492866516113,0.023540647700428963,32.35756301879883
3944.5,2.7162208557128906,6.752490043640137,0.02316928096115589,32.35756301879883
3946.0,2.3911213874816895,5.930528163909912,0.02263069711625576,32.35756301879883
3947.5,2.545954704284668,6.448033332824707,0.022656956687569618,32.35755920410156
3949.0,2.489257574081421,6.921446800231934,0.022621693089604378,32.35756301879883
3950.5,2.666879177093506,6.715518951416016,0.022680820897221565,32.3575553894043
3952.0,2.5862643718719482,7.4831342697143555,0.02249404974281788,32.35755157470703
3953.5,2.791594982147217,7.416368007659912,0.022897470742464066,32.3575553894043
3955.0,3.1390395164489746,8.668956756591797,0.023068754002451897,32.37299728393555
3956.5,3.3387813568115234,7.962480068206787,0.023498278111219406,32.37300109863281
3958.0,3.417506456375122,9.932729721069336,0.02362312562763691,32.3884391784668
3959.5,3.4840517044067383,9.707757949829102,0.023596322163939476,32.38844299316406
3961.0,3.527590036392212,9.419767379760742,0.02381250075995922,32.37300109863281
3962.5,3.719616651535034,9.25535774230957,0.023982850834727287,32.37299728393555
3964.0,3.4372494220733643,9.735895156860352,0.022994617000222206,32.372982025146484
3965.5,3.524867534637451,8.858797073364258,0.022848552092909813,32.403846740722656
3967.0,3.46370005607605,8.826019287109375,0.022432714700698853,32.403839111328125
3968.5,3.072714328765869,7.883957862854004,0.021539486944675446,32.40383529663086
3970.0,3.0364222526550293,8.58100700378418,0.021196922287344933,32.403831481933594
3971.5,2.994758367538452,7.250568389892578,0.021616021171212196,32.40383529663086
3973.0,2.9345717430114746,7.7520952224731445,0.021759582683444023,32.40384292602539
3974.5,2.7386631965637207,6.919445991516113,0.022047575563192368,32.40385437011719
3976.0,2.456967830657959,6.95713996887207,0.022224340587854385,32.40386962890625
3977.5,2.3994882106781006,6.951105117797852,0.02209690771996975,32.40387725830078
3979.0,2.4629569053649902,7.223631858825684,0.022610055282711983,32.40388488769531
3980.5,2.539048194885254,7.024399757385254,0.022699622437357903,32.40388107299805
3982.0,2.9201600551605225,8.916646003723145,0.02345682680606842,32.40388870239258
3983.5,3.211838483810425,7.836504936218262,0.023737309500575066,32.40388107299805
3985.0,3.483729839324951,10.047443389892578,0.023915618658065796,32.40388488769531
3986.5,3.0882070064544678,8.23672103881836,0.023270074278116226,32.40388107299805
3988.0,3.613136053085327,10.350727081298828,0.023690903559327126,32.403873443603516
3989.5,3.43180251121521,9.402259826660156,0.023852206766605377,32.40388107299805
3991.0,3.6496615409851074,10.62710189819336,0.024325735867023468,32.40388488769531
3992.5,3.4590158462524414,9.183563232421875,0.02368750423192978,32.4193000793457
3994.0,3.4219095706939697,9.539085388183594,0.02348303608596325,32.41930389404297
3995.5,3.262834072113037,7.662761211395264,0.023224635049700737,32.41929626464844
3997.0,3.3262760639190674,9.441902160644531,0.023095550015568733,32.419288635253906
3998.5,3.1455507278442383,7.689138889312744,0.02301815338432789,32.41929626464844
4000.0,3.1919522285461426,8.687275886535645,0.02339581958949566,32.41930389404297
4001.5,3.012462615966797,7.686870574951172,0.02305724285542965,32.41930389404297
4003.0,3.0717620849609375,9.493684768676758,0.022780153900384903,32.434715270996094
4004.5,3.064455270767212,7.799539566040039,0.02282416634261608,32.45012664794922
4006.0,3.101202964782715,8.651390075683594,0.02239171974360943,32.45011901855469
4007.5,2.9799716472625732,7.466515064239502,0.022655418142676353,32.45012283325195
4009.0,2.8898708820343018,6.741795063018799,0.023270858451724052,32.450138092041016
4010.5,2.5965352058410645,7.247682094573975,0.022906949743628502,32.45014953613281
4012.0,2.461001396179199,6.565337181091309,0.02247224748134613,32.45014572143555
4013.5,2.3002471923828125,5.515658378601074,0.022133808583021164,32.45014190673828
4015.0,2.2742538452148438,5.924129486083984,0.02187783271074295,32.450138092041016
4016.5,2.303131580352783,6.0542144775390625,0.021559640765190125,32.45013427734375
4018.0,2.284512996673584,6.261786937713623,0.02116764709353447,32.45012283325195
4019.5,2.3005096912384033,5.097339153289795,0.021452711895108223,32.45012664794922
4021.0,2.351801633834839,5.857410907745361,0.02200053445994854,32.43472671508789
4022.5,2.4641900062561035,6.531540393829346,0.022083066403865814,32.434730529785156
4024.0,2.5311150550842285,7.112341403961182,0.021999327465891838,32.434722900390625
4025.5,3.067903518676758,7.935810089111328,0.022398775443434715,32.43471908569336
4027.0,3.1178784370422363,8.442666053771973,0.02229338325560093,32.43470764160156
4028.5,3.184159755706787,8.6021728515625,0.022089935839176178,32.43470764160156
4030.0,3.300102949142456,7.976999282836914,0.0220557302236557,32.4347038269043
4031.5,3.3525354862213135,9.178349494934082,0.021907823160290718,32.43470001220703
4033.0,3.520782947540283,8.621089935302734,0.021722950041294098,32.4346923828125
4034.5,3.4252512454986572,8.288558959960938,0.021611474454402924,32.4346923828125
4036.0,3.4417552947998047,8.75544548034668,0.021521922200918198,32.4346923828125
4037.5,3.3159642219543457,9.006429672241211,0.021723074838519096,32.43470001220703
4039.0,3.203768491744995,8.366477012634277,0.02188640460371971,32.4347038269043
4040.5,3.402066230773926,9.10447883605957,0.021901626139879227,32.43470001220703
4042.0,3.544529914855957,9.933473587036133,0.022184591740369797,32.4347038269043
4043.5,3.2638418674468994,8.438467025756836,0.02239861711859703,32.43471908569336
4045.0,3.4989473819732666,10.619806289672852,0.022875994443893433,32.43472671508789
4046.5,3.418818235397339,10.258584022521973,0.024766847491264343,32.43478012084961
4048.0,3.1045949459075928,6.24397087097168,0.027304157614707947,32.450260162353516
4049.5,3.4915285110473633,9.782482147216797,0.025589890778064728,32.465606689453125
4051.0,3.845262050628662,11.589691162109375,0.023435145616531372,32.46554183959961
4052.5,3.5994176864624023,9.245650291442871,0.022416576743125916,32.46552276611328
4054.0,3.4554264545440674,9.25979995727539,0.021662423387169838,32.46550750732422
4055.5,3.1248128414154053,7.772378921508789,0.02134081721305847,32.465511322021484
4057.0,3.271652936935425,7.331098556518555,0.02135884203016758,32.46550369262695
4058.5,3.342134952545166,9.33981704711914,0.02101031132042408,32.46549606323242
4060.0,3.2814817428588867,8.46721076965332,0.021266868337988853,32.46549987792969
4061.5,3.220728635787964,8.570785522460938,0.021342504769563675,32.46550750732422
4063.0,2.999356508255005,8.228179931640625,0.020883748307824135,32.46550369262695
4064.5,3.130577802658081,8.886919021606445,0.0211486853659153,32.465511322021484
4066.0,3.082637071609497,7.451329708099365,0.021524323150515556,32.46551513671875
4067.5,2.7727370262145996,7.5142059326171875,0.02092888578772545,32.46551513671875
4069.0,2.679933547973633,8.07122802734375,0.02058662846684456,32.465511322021484
4070.5,2.6133718490600586,6.674016952514648,0.020481601357460022,32.46550750732422
4072.0,3.019528865814209,8.208878517150879,0.020612584426999092,32.46550369262695
4073.5,2.8669912815093994,7.077954292297363,0.02032824419438839,32.46549606323242
4075.0,2.6968374252319336,7.570888042449951,0.020096927881240845,32.465492248535156
4076.5,2.6898269653320312,7.140476226806641,0.020876983180642128,32.48090362548828
4078.0,2.534837007522583,7.082597732543945,0.021210746839642525,32.48091506958008
4079.5,2.9296650886535645,8.743904113769531,0.02153233252465725,32.48091506958008
4081.0,3.0183637142181396,8.20671558380127,0.021130435168743134,32.48091125488281
4082.5,3.149306058883667,8.682916641235352,0.02156505174934864,32.48091506958008
4084.0,3.1852269172668457,8.406099319458008,0.02129537984728813,32.48090744018555
4085.5,3.6543807983398438,9.76668930053711,0.021684348583221436,32.49629211425781
4087.0,3.388158082962036,8.916600227355957,0.021785732358694077,32.49629592895508
4088.5,3.2765822410583496,7.729249000549316,0.021567031741142273,32.49629592895508
4090.0,3.520775556564331,8.036301612854004,0.021676868200302124,32.49628829956055
4091.5,3.607405424118042,9.04368782043457,0.02145346626639366,32.49628829956055
4093.0,3.6157960891723633,9.314329147338867,0.021473651751875877,32.49628448486328
4094.5,3.8187124729156494,9.714935302734375,0.02169942297041416,32.49628448486328
4096.0,3.8802223205566406,9.63572883605957,0.021595217287540436,32.496280670166016
4097.5,3.9001572132110596,10.174605369567871,0.021490739658474922,32.496280670166016
4099.0,3.912628650665283,9.672544479370117,0.021452590823173523,32.496280670166016
4100.5,3.7999515533447266,9.251886367797852,0.021374912932515144,32.49627685546875
4102.0,3.7326362133026123,9.907625198364258,0.021069517359137535,32.496273040771484
4103.5,3.7329185009002686,10.578619956970215,0.02067510224878788,32.496273040771484
4105.0,3.6994576454162598,9.966520309448242,0.02066129446029663,32.511653900146484
4106.5,3.657299757003784,9.397783279418945,0.02071998454630375,32.52702331542969
4108.0,3.6543703079223633,8.707609176635742,0.020969737321138382,32.542396545410156
4109.5,3.432677984237671,8.604135513305664,0.020820049569010735,32.54240417480469
4111.0,3.3831028938293457,8.239387512207031,0.020913109183311462,32.54240036010742
4112.5,3.3298535346984863,8.17625617980957,0.020505454391241074,32.542396545410156
4114.0,3.210878849029541,9.478900909423828,0.020012561231851578,32.557762145996094
4115.5,2.811696767807007,7.0298614501953125,0.019852368161082268,32.557762145996094
4117.0,2.763153314590454,7.007641792297363,0.01971149630844593,32.557762145996094
4118.5,2.17695951461792,5.569908142089844,0.018520036712288857,32.55775451660156
4120.0,2.181356430053711,5.990289688110352,0.01818138174712658,32.5577507019043
4121.5,2.306598424911499,5.513179779052734,0.01839226298034191,32.5577507019043
4123.0,2.4987707138061523,5.570592880249023,0.018785495311021805,32.55775451660156
4124.5,2.905564785003662,7.009115695953369,0.019492970779538155,32.55775833129883
4126.0,3.0791401863098145,8.486778259277344,0.01975044049322605,32.557762145996094
4127.5,3.1456966400146484,7.387042999267578,0.019849125295877457,32.55775833129883
4129.0,3.144228219985962,8.321404457092285,0.019950218498706818,32.57311248779297
4130.5,3.280764579772949,7.706936836242676,0.02010115422308445,32.57311248779297
4132.0,3.438014268875122,8.349771499633789,0.020000725984573364,32.57311248779297
4133.5,3.448586940765381,8.839228630065918,0.020134299993515015,32.573116302490234
4135.0,3.4683122634887695,9.284278869628906,0.020236248150467873,32.573116302490234
4136.5,3.6448447704315186,9.830190658569336,0.020703976973891258,32.5731201171875
4138.0,3.6600334644317627,9.468729972839355,0.020846135914325714,32.5731201171875
4139.5,3.6596643924713135,8.922832489013672,0.020770344883203506,32.573116302490234
4141.0,3.478161334991455,9.211692810058594,0.020401008427143097,32.573116302490234
4142.5,3.5302672386169434,9.075185775756836,0.020227737724781036,32.5731086730957
4144.0,3.3833181858062744,9.08913803100586,0.019463904201984406,32.57310104370117
4145.5,3.4018633365631104,9.362178802490234,0.01946914754807949,32.57310104370117
4147.0,3.296502113342285,8.271714210510254,0.019660592079162598,32.58845138549805
4148.5,3.067246675491333,8.51364517211914,0.019266754388809204,32.58845138549805
4150.0,2.770191192626953,6.642822265625,0.018633699044585228,32.588443756103516
4151.5,2.6058757305145264,6.0573320388793945,0.018337737768888474,32.588443756103516
4153.0,2.319338321685791,5.183948993682861,0.018189894035458565,32.588443756103516
4154.5,2.165966749191284,5.619357109069824,0.01801387593150139,32.58845138549805
4156.0,2.284022331237793,5.541679382324219,0.018606992438435555,32.58845520019531
4157.5,2.453808069229126,4.928624153137207,0.01900104060769081,32.58845901489258
4159.0,2.398846387863159,6.213049411773682,0.018716227263212204,32.58845520019531
4160.5,2.196171760559082,6.206919193267822,0.018396150320768356,32.58845901489258
4162.0,2.556354522705078,7.25320291519165,0.01900773122906685,32.588462829589844
4163.5,2.7722935676574707,7.548587799072266,0.01935296319425106,32.588462829589844
4165.0,3.1000499725341797,9.744791030883789,0.0199334304779768,32.588470458984375
4166.5,3.0107548236846924,8.215601921081543,0.020368343219161034,32.588478088378906
4168.0,3.3698229789733887,9.611970901489258,0.020391881465911865,32.588470458984375
4169.5,3.5480542182922363,8.727262496948242,0.020705709233880043,32.588470458984375
4171.0,3.449662208557129,8.882816314697266,0.02050434611737728,32.58846664428711
4172.5,3.568246841430664,8.963581085205078,0.02040155790746212,32.588462829589844
4174.0,3.508906126022339,9.575188636779785,0.02021140046417713,32.58845901489258
4175.5,3.6272053718566895,9.828076362609863,0.019987143576145172,32.58845520019531
4177.0,3.5925509929656982,10.06671142578125,0.019919393584132195,32.58845138549805
4178.5,3.8046324253082275,9.740580558776855,0.020090967416763306,32.58845138549805
4180.0,3.756179094314575,10.27607536315918,0.020113907754421234,32.58845520019531
4181.5,3.8770060539245605,10.18115234375,0.02003570832312107,32.58845138549805
4183.0,3.916358709335327,10.111927032470703,0.02002757228910923,32.58844757080078
4184.5,3.8384389877319336,10.031952857971191,0.019706353545188904,32.588443756103516
4186.0,3.846196174621582,11.009525299072266,0.019709160551428795,32.58844757080078
4187.5,3.6765403747558594,8.800386428833008,0.019490104168653488,32.603782653808594
4189.0,3.9848129749298096,10.233020782470703,0.01952296681702137,32.60377883911133
4190.5,4.023531913757324,10.180971145629883,0.01987697184085846,32.603782653808594
4192.0,4.108414649963379,9.565820693969727,0.020077936351299286,32.603782653808594
4193.5,3.8874125480651855,10.093964576721191,0.01979644224047661,32.60378646850586
4195.0,3.66461181640625,9.46142864227295,0.01959966868162155,32.60378646850586
4196.5,3.8873074054718018,10.221243858337402,0.019552545621991158,32.603782653808594
4198.0,3.789609670639038,10.984959602355957,0.019200986251235008,32.60377883911133
4199.5,3.912080764770508,10.635995864868164,0.019086157903075218,32.6037712097168
4201.0,3.8313040733337402,10.508719444274902,0.018980132415890694,32.60377502441406
4202.5,3.8213577270507812,9.964408874511719,0.019086821004748344,32.60377502441406
4204.0,4.0309600830078125,11.282642364501953,0.019259847700595856,32.60377502441406
4205.5,4.008655071258545,10.810287475585938,0.019207848235964775,32.60377502441406
4207.0,3.9860475063323975,11.314615249633789,0.019521353766322136,32.60377883911133
4208.5,4.065185070037842,10.664590835571289,0.01988995634019375,32.60378646850586
4210.0,4.1940717697143555,10.590304374694824,0.020141424611210823,32.603782653808594
4211.5,4.079841613769531,11.003589630126953,0.01980583555996418,32.603782653808594
4213.0,4.085490703582764,11.615123748779297,0.019690288230776787,32.60377883911133
4214.5,4.105829238891602,10.566305160522461,0.019842974841594696,32.60377883911133
4216.0,3.9917542934417725,11.439373970031738,0.019406020641326904,32.60377883911133
4217.5,3.927757740020752,10.370277404785156,0.01941693387925625,32.60377883911133
4219.0,3.989194869995117,11.385008811950684,0.019319258630275726,32.60377883911133
4220.5,3.9835968017578125,10.399763107299805,0.019274143502116203,32.60377883911133
4222.0,3.8614330291748047,10.76154899597168,0.019099408760666847,32.60377502441406
4223.5,3.7148404121398926,9.901798248291016,0.018868712708353996,32.60377502441406
4225.0,3.5969889163970947,9.572611808776855,0.018623055890202522,32.6037712097168
4226.5,3.909369945526123,9.910642623901367,0.018734712153673172,32.58842849731445
4228.0,4.11517333984375,11.19180679321289,0.018716175109148026,32.58842468261719
4229.5,4.109438896179199,11.400978088378906,0.01881849206984043,32.58842849731445
4231.0,4.123341083526611,10.988153457641602,0.01920587196946144,32.58843231201172
4232.5,4.018285274505615,10.10702133178711,0.019244957715272903,32.588436126708984
4234.0,4.071793556213379,11.753799438476562,0.019234657287597656,32.58843231201172
4235.5,3.876854181289673,9.585723876953125,0.019028987735509872,32.58843231201172
4237.0,3.7561545372009277,9.938486099243164,0.018869485706090927,32.58843231201172
4238.5,3.829857349395752,9.627691268920898,0.018954304978251457,32.6037712097168
4240.0,4.186890125274658,10.764368057250977,0.01937778666615486,32.6037712097168
4241.5,4.14823055267334,11.355618476867676,0.01923237182199955,32.6037712097168
4340.5,3.7306511402130127,10.471460342407227,0.01816258206963539,32.60376739501953
4342.0,4.100949287414551,11.180475234985352,0.01903536170721054,32.619102478027344
4343.5,4.187041759490967,10.71235466003418,0.019206544384360313,32.619102478027344
4345.0,4.128454208374023,11.482333183288574,0.019068928435444832,32.619102478027344
4346.5,4.069117546081543,11.250763893127441,0.019124558195471764,32.61910629272461
4348.0,4.10314416885376,10.519240379333496,0.01946583390235901,32.619110107421875
4349.5,3.9572105407714844,10.102306365966797,0.01950242929160595,32.61911392211914
4351.0,3.8749475479125977,9.04375171661377,0.018930945545434952,32.619110107421875
4352.5,4.006089687347412,10.448125839233398,0.01864449679851532,32.619102478027344
4354.0,3.9498229026794434,10.944498062133789,0.01843378320336342,32.61909866333008
4355.5,4.239123821258545,11.674517631530762,0.01914074830710888,32.634429931640625
4357.0,4.0214314460754395,12.485554695129395,0.020062843337655067,32.6191291809082
4358.5,4.229918003082275,10.965681076049805,0.025321444496512413,32.61924743652344
4360.0,4.031611919403076,10.831035614013672,0.030316708609461784,32.619388580322266
4361.5,4.345931053161621,13.428775787353516,0.02593998610973358,32.619258880615234
4363.0,4.393284797668457,11.79739761352539,0.02118307538330555,32.603816986083984
4364.5,4.0830864906311035,10.932990074157715,0.019402362406253815,32.60378646850586
4366.0,4.143603324890137,10.724824905395508,0.0190481785684824,32.60377883911133
4367.5,3.8666887283325195,10.659931182861328,0.018667636439204216,32.60377502441406
4369.0,3.943436861038208,10.570945739746094,0.01858198083937168,32.60377502441406
4370.5,3.847559928894043,9.98189926147461,0.018495777621865273,32.60377502441406
4372.0,3.8062477111816406,10.001646041870117,0.01825699955224991,32.6037712097168
4373.5,3.795949697494507,10.148761749267578,0.018102506175637245,32.6037712097168
4375.0,4.013465404510498,10.741491317749023,0.018390296027064323,32.6037712097168
4376.5,3.862715244293213,9.424768447875977,0.01851353980600834,32.6037712097168
4378.0,3.8630053997039795,10.772500991821289,0.018435966223478317,32.60377502441406
4379.5,3.7960972785949707,9.885892868041992,0.01829695515334606,32.60377502441406
4381.0,3.9257972240448,10.977694511413574,0.01827193796634674,32.6037712097168
4382.5,4.0358123779296875,10.325529098510742,0.0182870551943779,32.60376739501953
4384.0,4.075803756713867,11.03564739227295,0.018183624371886253,32.603763580322266
4385.5,3.9280922412872314,10.785436630249023,0.01785905845463276,32.603759765625
4387.0,3.9001002311706543,10.686630249023438,0.01797480881214142,32.603759765625
4388.5,4.081871509552002,11.406993865966797,0.018445992842316628,32.60376739501953
4390.0,4.12313985824585,11.637861251831055,0.018499305471777916,32.603763580322266
4391.5,4.123506546020508,10.836912155151367,0.0184785109013319,32.60376739501953
4393.0,4.059540271759033,10.754280090332031,0.018468309193849564,32.60376739501953
4394.5,3.9071342945098877,10.322365760803223,0.018275871872901917,32.60376739501953
4396.0,4.0405497550964355,10.631487846374512,0.018324654549360275,32.60376739501953
4397.5,3.9020602703094482,10.05456256866455,0.01820913888514042,32.60376739501953
4399.0,3.809617757797241,9.296541213989258,0.01810120791196823,32.60376739501953
4400.5,3.770803928375244,10.330544471740723,0.01814861223101616,32.6037712097168
4402.0,3.958737373352051,10.962764739990234,0.01846230961382389,32.6037712097168
4403.5,3.996974468231201,10.379241943359375,0.018702272325754166,32.61910629272461
4405.0,4.130229949951172,10.244558334350586,0.01873594895005226,32.61910629272461
4406.5,4.042196273803711,11.076786041259766,0.0186995230615139,32.61910629272461
4408.0,4.092096328735352,10.921241760253906,0.018933085724711418,32.619110107421875
4409.5,4.013984203338623,10.341742515563965,0.019017726182937622,32.61911392211914
4411.0,4.155022144317627,10.679704666137695,0.019083058461546898,32.619110107421875
4412.5,4.050989627838135,10.132440567016602,0.019078558310866356,32.61911392211914
4414.0,4.001461982727051,10.231595039367676,0.01915069669485092,32.61911392211914
4415.5,3.9082837104797363,10.23803997039795,0.018855001777410507,32.619110107421875
4417.0,4.026548385620117,10.660074234008789,0.019079139456152916,32.619110107421875
4418.5,4.166126251220703,10.68704605102539,0.019226636737585068,32.61911392211914
4420.0,4.135822772979736,11.433671951293945,0.019098451361060143,32.619110107421875
4421.5,4.123260974884033,10.108373641967773,0.019373781979084015,32.61911392211914
4423.0,4.0014848709106445,10.11957836151123,0.01913616992533207,32.61911392211914
4424.5,3.740449905395508,10.09141731262207,0.01855349726974964,32.61910629272461
4426.0,3.4607901573181152,9.383123397827148,0.018253883346915245,32.634429931640625
4427.5,3.5204007625579834,9.108808517456055,0.018465358763933182,32.63443374633789
4429.0,3.671159267425537,9.95975112915039,0.01862375997006893,32.634429931640625
4430.5,4.044834613800049,11.127135276794434,0.018740931525826454,32.634429931640625
4432.0,4.035953998565674,10.91786003112793,0.01869780197739601,32.634429931640625
4433.5,3.901132345199585,10.517419815063477,0.01870938017964363,32.634429931640625
4435.0,3.897554874420166,11.126701354980469,0.018405165523290634,32.634429931640625
4436.5,3.7739417552948,10.758354187011719,0.01812373287975788,32.63442611694336
4438.0,3.9849441051483154,10.396169662475586,0.018553031608462334,32.63442611694336
4439.5,3.9075279235839844,10.074441909790039,0.018810870125889778,32.63443374633789
4441.0,3.8748621940612793,9.706831932067871,0.01880709081888199,32.63443374633789
4442.5,4.022610187530518,10.8862886428833,0.018684443086385727,32.634429931640625
4444.0,4.047614574432373,10.989471435546875,0.018488813191652298,32.63442611694336
4445.5,4.2232255935668945,11.487464904785156,0.018781181424856186,32.634429931640625
4447.0,4.213481903076172,11.513082504272461,0.01908103935420513,32.63443374633789
4448.5,3.996251106262207,10.678960800170898,0.018864892423152924,32.634429931640625
4450.0,4.074138164520264,11.640422821044922,0.01873464323580265,32.63442611694336
4451.5,3.976755142211914,10.127666473388672,0.018619006499648094,32.63442611694336
4453.0,3.770040273666382,9.385854721069336,0.018404023721814156,32.63442611694336
4454.5,3.8298864364624023,10.260086059570312,0.018095482140779495,32.634422302246094
4456.0,3.7682955265045166,9.841733932495117,0.017980119213461876,32.63441848754883
4457.5,3.885822057723999,10.308703422546387,0.018006281927227974,32.63441848754883
4459.0,3.9808826446533203,11.095428466796875,0.017967695370316505,32.63441848754883
4460.5,3.8514373302459717,10.234914779663086,0.018056580796837807,32.63441848754883
4462.0,3.6944596767425537,10.362699508666992,0.017973674461245537,32.63441848754883
4463.5,3.6910910606384277,9.35331916809082,0.018008070066571236,32.63441848754883
4465.0,4.127464771270752,10.755773544311523,0.018488863483071327,32.63441848754883
4466.5,4.102447986602783,11.133150100708008,0.018615948036313057,32.649742126464844
4468.0,4.277209281921387,12.005130767822266,0.018742594867944717,32.649742126464844
4469.5,4.0055413246154785,11.392842292785645,0.01827411912381649,32.649742126464844
4471.0,4.026866912841797,11.496797561645508,0.018077833577990532,32.64973831176758
4472.5,3.850743532180786,10.207181930541992,0.01793946698307991,32.64973831176758
4474.0,3.670691967010498,9.91450309753418,0.01789676770567894,32.64973831176758
4475.5,3.655025005340576,9.975214004516602,0.017980411648750305,32.649742126464844
4477.0,3.645308256149292,9.674944877624512,0.017999645322561264,32.649742126464844
4478.5,3.92758846282959,11.016282081604004,0.018210841342806816,32.649742126464844
4480.0,4.015345573425293,10.117483139038086,0.01826363243162632,32.649742126464844
4481.5,4.191742420196533,11.742507934570312,0.018145404756069183,32.64973831176758
4483.0,3.9954335689544678,10.661415100097656,0.017844175919890404,32.64973831176758
4484.5,4.028573989868164,11.046463012695312,0.018012283369898796,32.64973831176758
4486.0,3.8686892986297607,9.971220016479492,0.018023617565631866,32.649742126464844
4487.5,3.868943929672241,10.096691131591797,0.018036631867289543,32.649742126464844
4489.0,3.811208963394165,9.506336212158203,0.017883043736219406,32.64973831176758
4490.5,3.805657386779785,9.620176315307617,0.01762370392680168,32.64973831176758
4492.0,3.6414051055908203,9.703633308410645,0.01768634468317032,32.64973449707031
4493.5,3.530719041824341,9.397321701049805,0.01787511445581913,32.64973831176758
4495.0,3.5728442668914795,9.474798202514648,0.018001142889261246,32.649742126464844
4496.5,3.715542793273926,9.85447883605957,0.01810731180012226,32.649742126464844
4498.0,3.8852500915527344,10.644899368286133,0.018277596682310104,32.649742126464844
4499.5,3.7754030227661133,10.369996070861816,0.01802937686443329,32.649742126464844
4501.0,3.629016160964966,9.889360427856445,0.017745105549693108,32.649742126464844
4502.5,3.45883846282959,8.98423957824707,0.017496265470981598,32.64973831176758
4504.0,3.311415195465088,9.088687896728516,0.017327627167105675,32.64973831176758
4505.5,3.3825552463531494,9.160250663757324,0.01750338450074196,32.649742126464844
4507.0,3.340973377227783,9.446274757385254,0.017501838505268097,32.649742126464844
4508.5,3.363199472427368,8.583721160888672,0.01751185953617096,32.649742126464844
4510.0,3.441852569580078,9.334270477294922,0.01753809303045273,32.649742126464844
4511.5,3.3300960063934326,8.911293983459473,0.01742318831384182,32.634422302246094
4513.0,3.252657890319824,7.868969917297363,0.01724359393119812,32.63441848754883
4514.5,3.5501480102539062,9.080039978027344,0.017496705055236816,32.63441848754883
4516.0,3.5686283111572266,9.333150863647461,0.01749197579920292,32.63441848754883
4517.5,3.684743642807007,9.60893440246582,0.017533890902996063,32.64973449707031
4519.0,3.7720956802368164,10.36430549621582,0.017603687942028046,32.64973449707031
4520.5,4.092019557952881,11.406333923339844,0.017909612506628036,32.64973449707031
4522.0,4.145371437072754,11.151007652282715,0.018184222280979156,32.64973831176758
4523.5,4.172760963439941,10.680028915405273,0.018138954415917397,32.64973831176758
4525.0,4.06644344329834,10.295068740844727,0.017988812178373337,32.64973831176758
4526.5,3.935115098953247,10.666399002075195,0.01774127408862114,32.64973449707031
4528.0,3.6991100311279297,10.68153190612793,0.01745467633008957,32.64973449707031
4529.5,3.5873618125915527,9.536964416503906,0.017393754795193672,32.64973449707031
4531.0,3.549973249435425,9.769552230834961,0.017361268401145935,32.64973449707031
4532.5,3.5818049907684326,9.47857666015625,0.01755508966743946,32.64973831176758
4534.0,3.7681655883789062,9.851089477539062,0.01800701953470707,32.649742126464844
4535.5,3.9024159908294678,10.958620071411133,0.017946159467101097,32.649742126464844
4537.0,3.809736728668213,11.003400802612305,0.017862828448414803,32.64973831176758
4538.5,3.7403595447540283,10.529905319213867,0.017844246700406075,32.649742126464844
4540.0,3.7799229621887207,10.487825393676758,0.01796099916100502,32.649742126464844
4541.5,3.7896974086761475,10.204126358032227,0.017855850979685783,32.64973831176758
4543.0,4.139875888824463,10.642985343933105,0.018234271556138992,32.64973831176758
4544.5,5.181431293487549,10.933284759521484,0.01943095214664936,32.649742126464844
4546.0,5.588816165924072,11.474191665649414,0.019872168079018593,32.649742126464844
4547.5,4.4283857345581055,10.780659675598145,0.0186173003166914,32.649742126464844
4549.0,3.3837225437164307,9.356609344482422,0.017495164647698402,32.64973831176758
4550.5,3.427048921585083,9.59453010559082,0.01726108230650425,32.64973831176758
4552.0,3.580293655395508,9.979007720947266,0.017415858805179596,32.64973449707031
4553.5,3.65425968170166,9.53028678894043,0.01754392310976982,32.64973831176758
4555.0,3.561033248901367,10.200275421142578,0.017467249184846878,32.64973831176758
4556.5,3.7567481994628906,9.99687385559082,0.017471903935074806,32.64973449707031
4558.0,3.446629285812378,9.385417938232422,0.017149915918707848,32.64973449707031
4559.5,3.6736154556274414,9.885926246643066,0.017528750002384186,32.64973831176758
4561.0,3.774090051651001,10.581258773803711,0.0176742784678936,32.64973831176758
4562.5,4.0282182693481445,11.781558990478516,0.017765648663043976,32.64973449707031
4564.0,3.929971694946289,10.525435447692871,0.017750317230820656,32.64973449707031
4565.5,4.048949241638184,10.98930549621582,0.01768486760556698,32.64973068237305
4567.0,4.110794544219971,10.611432075500488,0.017698876559734344,32.64973068237305
4568.5,4.157779216766357,11.51932144165039,0.01778656244277954,32.64973449707031
4570.0,4.333703994750977,11.612077713012695,0.017989736050367355,32.64973449707031
4571.5,4.22757625579834,11.333741188049316,0.017996985465288162,32.64973449707031
4573.0,4.239675045013428,11.739819526672363,0.017880160361528397,32.64973449707031
4574.5,4.276423931121826,12.022200584411621,0.01789356954395771,32.64973449707031
4576.0,3.997286796569824,10.865278244018555,0.017770206555724144,32.64973449707031
4577.5,4.03917932510376,10.89769172668457,0.017735179513692856,32.64973449707031
4579.0,3.9571304321289062,10.842166900634766,0.017703870311379433,32.64973449707031
4580.5,4.004054546356201,10.451476097106934,0.017738081514835358,32.64973449707031
4582.0,3.861544132232666,10.337249755859375,0.01748793199658394,32.64973068237305
4583.5,3.9117143154144287,9.928266525268555,0.017568863928318024,32.64973068237305
4585.0,3.990633249282837,10.894155502319336,0.01761642098426819,32.64973449707031
4586.5,4.07261848449707,11.21803092956543,0.017649304121732712,32.64973068237305
4588.0,4.030520915985107,11.269107818603516,0.01752384565770626,32.64973068237305
4589.5,3.80849289894104,10.963888168334961,0.017367606982588768,32.64973068237305
4591.0,3.606985569000244,9.546238899230957,0.01726176030933857,32.64973449707031
4592.5,3.5089638233184814,9.604191780090332,0.016968917101621628,32.64973068237305
4594.0,3.643953323364258,10.45610237121582,0.017018133774399757,32.64972686767578
4595.5,3.7050931453704834,9.78585147857666,0.0172153040766716,32.64973068237305
4597.0,3.742056131362915,10.247249603271484,0.01710648462176323,32.64972686767578
4598.5,3.7709784507751465,10.007427215576172,0.017208769917488098,32.64973068237305
4600.0,3.939026355743408,10.597244262695312,0.017417727038264275,32.64973068237305
4601.5,3.962981700897217,10.748144149780273,0.017316915094852448,32.64972686767578
4603.0,3.9162797927856445,10.083181381225586,0.017177069559693336,32.64972686767578
4604.5,4.045123100280762,10.98090934753418,0.01738762855529785,32.64972686767578
4606.0,4.154083728790283,11.428943634033203,0.017532162368297577,32.64972686767578
4607.5,4.118124485015869,11.211740493774414,0.017457053065299988,32.64972686767578
4609.0,3.990609884262085,11.291170120239258,0.017353009432554245,32.64973068237305
4610.5,3.9993205070495605,10.688804626464844,0.017592160031199455,32.64973068237305
4612.0,4.006350994110107,9.91004753112793,0.017608042806386948,32.64973068237305
4613.5,3.8688466548919678,10.333002090454102,0.017258992418646812,32.64972686767578
4615.0,3.8580074310302734,10.232856750488281,0.01721101440489292,32.64972686767578
4616.5,3.887524366378784,10.262447357177734,0.01720687933266163,32.64972686767578
4618.0,3.846304416656494,10.346364974975586,0.01724017597734928,32.64972686767578
4619.5,4.115350246429443,11.40349292755127,0.017423970624804497,32.64972686767578
4621.0,4.290616989135742,12.63563346862793,0.0175790973007679,32.64972686767578
4622.5,4.060251235961914,10.90396499633789,0.01747199147939682,32.64972686767578
4624.0,3.9413750171661377,11.322389602661133,0.01738709583878517,32.64972686767578
4762.0,4.167617321014404,11.795694351196289,0.01705010235309601,32.649723052978516
4763.5,4.262317657470703,11.77650260925293,0.017043404281139374,32.64971923828125
4765.0,4.074837684631348,12.00637435913086,0.016721943393349648,32.64971923828125
4766.5,4.2605695724487305,11.479999542236328,0.016967425122857094,32.64971923828125
4768.0,4.179745674133301,11.502875328063965,0.0169001966714859,32.64971923828125
4769.5,4.1268720626831055,11.166690826416016,0.01686861924827099,32.64971923828125
4771.0,4.197120189666748,11.63694953918457,0.016940396279096603,32.649723052978516
4772.5,4.212670803070068,11.613456726074219,0.017006326466798782,32.64971923828125
4774.0,4.416365623474121,12.425041198730469,0.017191117629408836,32.64971923828125
4775.5,4.38569450378418,11.504364013671875,0.0172911137342453,32.649723052978516
4777.0,4.456185340881348,12.536962509155273,0.017317071557044983,32.649723052978516
4778.5,4.47812032699585,12.185443878173828,0.01737748645246029,32.649723052978516
4780.0,4.3335771560668945,12.384145736694336,0.01735338754951954,32.64972686767578
4781.5,4.4150166511535645,11.890307426452637,0.01742551475763321,32.64972686767578
4783.0,4.395678520202637,11.565969467163086,0.017273399978876114,32.64971923828125
4784.5,4.443600177764893,12.00033187866211,0.01722864620387554,32.64971923828125
4786.0,4.5333333015441895,12.691335678100586,0.01726703904569149,32.64971923828125
4787.5,4.440455913543701,11.481706619262695,0.017215264961123466,32.64971923828125
4789.0,4.41637659072876,11.89571762084961,0.017102926969528198,32.64971923828125
4790.5,4.4041032791137695,12.324792861938477,0.01714819110929966,32.66503143310547
4792.0,4.396848201751709,12.989105224609375,0.017108989879488945,32.66503143310547
4793.5,4.471386432647705,12.674505233764648,0.017349278554320335,32.66503143310547
4795.0,4.3710222244262695,12.473508834838867,0.017250146716833115,32.66503143310547
4796.5,4.30024528503418,11.586708068847656,0.017224835231900215,32.66503143310547
4798.0,4.281825542449951,11.763504981994629,0.017147500067949295,32.66503143310547
4799.5,4.2766289710998535,11.455307006835938,0.017193656414747238,32.66503143310547
4801.0,4.325150489807129,11.720382690429688,0.017157504335045815,32.64971923828125
4802.5,4.212679862976074,11.776327133178711,0.017034435644745827,32.649723052978516
4804.0,4.280584812164307,11.830952644348145,0.01710726134479046,32.649723052978516
4805.5,4.38399076461792,11.92643928527832,0.017323030158877373,32.649723052978516
4807.0,4.352247714996338,11.85047721862793,0.017254112288355827,32.66503143310547
4808.5,4.383853435516357,11.522007942199707,0.017268767580389977,32.66503143310547
4810.0,4.417901039123535,12.08411979675293,0.017190365120768547,32.66503143310547
4811.5,4.298216819763184,11.144538879394531,0.017145508900284767,32.66503143310547
4813.0,4.312216758728027,12.21402359008789,0.01717825047671795,32.66503143310547
4814.5,4.318659782409668,11.976300239562988,0.01716059073805809,32.66503143310547
4816.0,4.334236145019531,11.612102508544922,0.017276737838983536,32.66503143310547
4817.5,4.277618885040283,12.132749557495117,0.017349105328321457,32.665035247802734
4819.0,4.346651554107666,12.414545059204102,0.017545582726597786,32.665035247802734
4820.5,4.356574058532715,12.174068450927734,0.01761108636856079,32.6650390625
4822.0,4.493717193603516,12.113658905029297,0.017726803198456764,32.6650390625
4823.5,4.340539932250977,11.76518440246582,0.017598234117031097,32.6650390625
4825.0,4.468022346496582,12.120973587036133,0.017591489478945732,32.64972686767578
4826.5,4.46189546585083,12.538185119628906,0.017515843734145164,32.64972686767578
4828.0,4.567248344421387,13.22142505645752,0.017671050503849983,32.64972686767578
4829.5,4.51223611831665,12.605525970458984,0.01771010272204876,32.6650390625
4831.0,4.433046340942383,11.745720863342285,0.017604144290089607,32.665035247802734
4832.5,4.635009288787842,12.172231674194336,0.017796741798520088,32.6650390625
4834.0,4.5893659591674805,13.110465049743652,0.017824096605181694,32.6650390625
4835.5,4.536730766296387,12.301042556762695,0.017888173460960388,32.6650390625
4837.0,4.608163833618164,12.638082504272461,0.017809433862566948,32.6650390625
4838.5,4.505370140075684,12.335981369018555,0.017691314220428467,32.665035247802734
4840.0,4.554279327392578,12.494606971740723,0.017846841365098953,32.6650390625
4841.5,4.679499626159668,13.053329467773438,0.017987556755542755,32.6650390625
4843.0,4.710262775421143,12.970062255859375,0.017881300300359726,32.64972686767578
4844.5,4.605993747711182,12.847003936767578,0.017673183232545853,32.649723052978516
4846.0,4.679717063903809,13.050423622131348,0.01769445464015007,32.649723052978516
4847.5,4.6313629150390625,12.677764892578125,0.01773246005177498,32.64972686767578
4849.0,4.610748767852783,12.740129470825195,0.01762409508228302,32.64972686767578
4850.5,4.467960834503174,12.307232856750488,0.01735677197575569,32.649723052978516
4852.0,4.572185516357422,12.486363410949707,0.017335958778858185,32.649723052978516
4853.5,4.4919891357421875,12.469236373901367,0.017383795231580734,32.649723052978516
4855.0,4.41454553604126,12.029308319091797,0.017350593581795692,32.649723052978516
4856.5,4.419310569763184,11.720569610595703,0.017155423760414124,32.64971923828125
4858.0,4.468570709228516,11.18896484375,0.016924725845456123,32.6343994140625
4859.5,4.434328079223633,12.623586654663086,0.01683209463953972,32.6343994140625
4861.0,4.430203437805176,13.067265510559082,0.016962610185146332,32.634403228759766
4862.5,4.526436805725098,12.892843246459961,0.017553025856614113,32.63440704345703
4864.0,4.601953983306885,12.89143180847168,0.01762944646179676,32.63440704345703
4865.5,4.30014705657959,11.762174606323242,0.016908250749111176,32.634403228759766
4867.0,4.338679790496826,12.257583618164062,0.016767095774412155,32.6343994140625
4868.5,4.168301105499268,11.517269134521484,0.016654429957270622,32.634403228759766
4870.0,4.354288578033447,11.547801971435547,0.016863614320755005,32.634403228759766
4871.5,4.394558906555176,11.791179656982422,0.016899671405553818,32.634403228759766
4873.0,4.445500373840332,11.888154029846191,0.01680854707956314,32.6343994140625
4874.5,4.366893291473389,12.00027847290039,0.016669658944010735,32.6343994140625
4876.0,4.181218147277832,11.961860656738281,0.01662610098719597,32.634403228759766
4877.5,4.439634799957275,12.105504989624023,0.016964441165328026,32.634403228759766
4879.0,4.631761074066162,12.590668678283691,0.01715218462049961,32.634403228759766
4880.5,4.694865703582764,12.841230392456055,0.017408305779099464,32.634403228759766
4882.0,4.652989864349365,13.018556594848633,0.017353687435388565,32.649723052978516
4883.5,4.443806171417236,12.661628723144531,0.017113130539655685,32.649723052978516
4885.0,4.354128837585449,11.640729904174805,0.017025183886289597,32.64971923828125
4886.5,4.221303939819336,11.76987361907959,0.01670954003930092,32.64971923828125
4888.0,4.1303911209106445,11.019794464111328,0.016523953527212143,32.649715423583984
4889.5,4.062994003295898,10.911938667297363,0.016486793756484985,32.64971923828125
4891.0,4.172924041748047,10.995198249816895,0.016703780740499496,32.64971923828125
4892.5,4.360607147216797,12.160724639892578,0.016723215579986572,32.64971923828125
4894.0,4.502649307250977,13.132863998413086,0.016914382576942444,32.64971923828125
4895.5,4.384953022003174,12.282442092895508,0.016858872026205063,32.64971923828125
4897.0,4.368192672729492,11.835334777832031,0.016967840492725372,32.64971923828125
4898.5,4.338768005371094,11.917423248291016,0.016807299107313156,32.64971923828125
4900.0,4.399590969085693,12.102395057678223,0.016798263415694237,32.649715423583984
4901.5,4.397098541259766,11.501968383789062,0.016773013398051262,32.649715423583984
4903.0,4.360259056091309,11.892335891723633,0.016690054908394814,32.649715423583984
4904.5,4.31779670715332,10.944942474365234,0.016608498990535736,32.649715423583984
4906.0,4.406540393829346,12.332918167114258,0.01671535149216652,32.649715423583984
4907.5,4.5103278160095215,12.088201522827148,0.016935480758547783,32.64971923828125
4909.0,4.383058547973633,12.658470153808594,0.016663942486047745,32.649715423583984
4910.5,4.419633865356445,11.715337753295898,0.016619428992271423,32.649715423583984
4912.0,4.448676109313965,12.066139221191406,0.016612032428383827,32.649715423583984
4913.5,4.357717514038086,11.562397003173828,0.016493558883666992,32.649715423583984
4915.0,4.4230241775512695,11.682652473449707,0.016561659052968025,32.6650276184082
4916.5,4.373396873474121,11.602804183959961,0.01659763604402542,32.6650276184082
4918.0,4.333133220672607,12.48686408996582,0.0165267251431942,32.6650276184082
4919.5,4.421666622161865,12.397846221923828,0.016474304720759392,32.66502380371094
4921.0,4.221083641052246,12.077098846435547,0.016095051541924477,32.66502380371094
4922.5,4.246994972229004,12.039978981018066,0.016103146597743034,32.66502380371094
4924.0,4.346769332885742,11.78951644897461,0.01633523963391781,32.66502380371094
4925.5,4.2665581703186035,11.156473159790039,0.016451150178909302,32.66502380371094
4927.0,4.08754301071167,11.471025466918945,0.016246872022747993,32.6650276184082
4928.5,4.253946781158447,11.60165786743164,0.01630547270178795,32.6650276184082
4930.0,4.211174964904785,11.466560363769531,0.016284285113215446,32.66502380371094
4931.5,4.137813091278076,11.157205581665039,0.016230503097176552,32.6650276184082
4933.0,4.217698574066162,11.513999938964844,0.01628907024860382,32.6650276184082
4934.5,4.316812992095947,11.586745262145996,0.016428658738732338,32.6650276184082
4936.0,4.286923885345459,12.085384368896484,0.016321750357747078,32.66502380371094
4937.5,4.2656378746032715,12.069526672363281,0.016379961743950844,32.6650276184082
4939.0,4.151701927185059,11.482253074645996,0.01628381945192814,32.6650276184082
4940.5,4.428661346435547,11.4112548828125,0.016478873789310455,32.6650276184082
4942.0,4.418824672698975,11.874165534973145,0.01637229137122631,32.66502380371094
4943.5,4.565096855163574,12.53539752960205,0.016644231975078583,32.6650276184082
4945.0,4.419416427612305,11.920859336853027,0.01643374375998974,32.6650276184082
4946.5,4.522322654724121,11.73929500579834,0.01647062599658966,32.66502380371094
4948.0,4.450058460235596,11.44965648651123,0.016388913616538048,32.66502380371094
4949.5,4.4114089012146,12.108196258544922,0.016389671713113785,32.6650276184082
4951.0,4.270521640777588,12.212851524353027,0.016237715259194374,32.6650276184082
4952.5,4.200502395629883,10.987451553344727,0.01627987064421177,32.66502380371094
4954.0,4.096677303314209,11.801641464233398,0.01614382304251194,32.6650276184082
4955.5,4.205990314483643,11.678842544555664,0.016483502462506294,32.6650276184082
4957.0,4.380889415740967,11.60791301727295,0.01638868637382984,32.6650276184082
4958.5,4.2885589599609375,11.886987686157227,0.016024669632315636,32.66501998901367
4960.0,4.41851282119751,11.633045196533203,0.016142792999744415,32.66502380371094
4961.5,4.3522047996521,11.485299110412598,0.016267234459519386,32.66502380371094
4963.0,4.292600154876709,11.391725540161133,0.016283558681607246,32.66502380371094
4964.5,4.3405585289001465,11.69251823425293,0.016385437920689583,32.6650276184082
4966.0,4.386833190917969,11.783832550048828,0.016421737149357796,32.6650276184082
4967.5,4.427134037017822,12.218891143798828,0.016495082527399063,32.6650276184082
4969.0,4.378480911254883,11.246403694152832,0.016572371125221252,32.6650276184082
4970.5,4.480053901672363,11.894387245178223,0.016560744494199753,32.6650276184082
4972.0,4.483177185058594,12.50931167602539,0.01668689213693142,32.6650276184082
4973.5,4.511690139770508,11.847345352172852,0.01682998612523079,32.6650276184082
4975.0,4.420708179473877,12.221982955932617,0.01686142385005951,32.66503143310547
4976.5,4.412625312805176,11.692342758178711,0.016830027103424072,32.6650276184082
4978.0,4.3525872230529785,12.276493072509766,0.01683354191482067,32.66503143310547
4979.5,4.348999500274658,11.869573593139648,0.016938602551817894,32.66503143310547
4981.0,4.444670677185059,12.107851028442383,0.017152942717075348,32.665035247802734
4982.5,4.310519218444824,11.397205352783203,0.017107658088207245,32.665035247802734
4984.0,4.519412040710449,12.727680206298828,0.01720212772488594,32.665035247802734
4985.5,4.337508201599121,12.152125358581543,0.01703415997326374,32.665035247802734
4987.0,4.266692161560059,11.623113632202148,0.016958288848400116,32.665035247802734
4988.5,4.2003655433654785,11.159122467041016,0.016854723915457726,32.66503143310547
4990.0,4.144339561462402,10.814800262451172,0.01669674925506115,32.66503143310547
4991.5,4.131472110748291,10.801680564880371,0.016610583290457726,32.6650276184082
4993.0,4.1366496086120605,10.816129684448242,0.016550378873944283,32.6650276184082
4994.5,4.217432022094727,11.534698486328125,0.01651984453201294,32.6650276184082
4996.0,4.359578609466553,11.794498443603516,0.01648234762251377,32.6650276184082
4997.5,4.334019184112549,11.383894920349121,0.01638883166015148,32.6650276184082
4999.0,4.305105209350586,11.244367599487305,0.016180463135242462,32.66502380371094
5000.5,4.2444539070129395,11.411360740661621,0.01607574336230755,32.66502380371094
5002.0,4.515813827514648,11.833640098571777,0.016255026683211327,32.66502380371094
5003.5,4.375111103057861,11.773052215576172,0.016131442040205002,32.66502380371094
5005.0,4.352213382720947,11.966156005859375,0.01609748601913452,32.66502380371094
5006.5,4.474254131317139,12.456117630004883,0.016134807839989662,32.66502380371094
5008.0,4.27921199798584,12.008962631225586,0.0160378385335207,32.66502380371094
5009.5,4.256022930145264,11.233409881591797,0.01598610356450081,32.68032455444336
5011.0,4.276071548461914,11.05322551727295,0.015949837863445282,32.68032455444336
5012.5,4.107543468475342,11.483978271484375,0.01573411375284195,32.68032455444336
5014.0,4.274580001831055,11.326298713684082,0.015674268826842308,32.680320739746094
5015.5,4.213174819946289,11.156858444213867,0.015718549489974976,32.680320739746094
5017.0,4.398221969604492,11.56978988647461,0.015980439260601997,32.680320739746094
5018.5,4.305349826812744,11.807039260864258,0.015857115387916565,32.680320739746094
5020.0,4.37206506729126,11.81810188293457,0.015918739140033722,32.66501998901367
5021.5,4.406708240509033,11.756038665771484,0.016023168340325356,32.66501998901367
5023.0,4.433443546295166,12.205886840820312,0.016082439571619034,32.66501998901367
5024.5,4.476483345031738,12.663631439208984,0.01598573476076126,32.66501998901367
5026.0,4.427560329437256,12.152734756469727,0.015946602448821068,32.66501998901367
5027.5,4.379801273345947,11.695840835571289,0.015843557193875313,32.66501998901367
5029.0,4.459064483642578,12.007085800170898,0.01591896265745163,32.66501998901367
5030.5,4.390519142150879,11.638372421264648,0.015903949737548828,32.66501998901367
5032.0,4.311936855316162,12.297703742980957,0.015920618548989296,32.66502380371094
5033.5,4.2699971199035645,12.025012969970703,0.015914566814899445,32.66502380371094
5035.0,4.32823371887207,12.146707534790039,0.015867995098233223,32.66502380371094
5036.5,4.256698131561279,11.34130573272705,0.015687277540564537,32.66501998901367
5038.0,4.4238667488098145,11.35614013671875,0.015794828534126282,32.665016174316406
5039.5,4.3880615234375,11.623506546020508,0.015751449391245842,32.66501998901367
5041.0,4.362220287322998,11.517436981201172,0.01565369963645935,32.665016174316406
5042.5,4.379300594329834,11.502467155456543,0.015565350651741028,32.665016174316406
5044.0,4.482260227203369,12.346933364868164,0.01571112498641014,32.665016174316406
5045.5,4.403905391693115,12.671388626098633,0.015846114605665207,32.66501998901367
5047.0,4.486086845397949,12.631893157958984,0.01593696139752865,32.66501998901367
5048.5,4.469467639923096,12.2539644241333,0.01590605080127716,32.64970779418945
5050.0,4.423792362213135,11.484771728515625,0.01581852324306965,32.64970779418945
5051.5,4.313445568084717,11.90896224975586,0.015584698878228664,32.64970779418945
5053.0,4.199605464935303,11.034212112426758,0.015502100810408592,32.64970779418945
5054.5,4.230185508728027,11.068037033081055,0.015590770170092583,32.64970779418945
5056.0,4.396005153656006,11.26890754699707,0.015807121992111206,32.64970779418945
5057.5,4.249568462371826,11.037406921386719,0.015735775232315063,32.64970779418945
5059.0,4.24385404586792,11.423856735229492,0.01569480635225773,32.64970779418945
5060.5,4.211630344390869,10.866683959960938,0.015699846670031548,32.64970779418945
5062.0,4.050929546356201,11.240047454833984,0.015521477907896042,32.64970779418945
5063.5,4.302619934082031,12.014781951904297,0.015760261565446854,32.64970779418945
5065.0,4.313589096069336,11.786109924316406,0.015899689868092537,32.64971160888672
5066.5,4.3176655769348145,11.676692962646484,0.015871237963438034,32.64971160888672
5068.0,4.1428914070129395,11.55323314666748,0.01548149436712265,32.64970779418945
5069.5,4.093547821044922,11.166654586791992,0.015648238360881805,32.64970779418945
5071.0,4.319771766662598,11.037002563476562,0.016068844124674797,32.64971160888672
5072.5,4.211038589477539,11.067084312438965,0.015936683863401413,32.64971160888672
5074.0,4.206312656402588,10.994722366333008,0.01564963534474373,32.64970779418945
5075.5,4.217627048492432,11.267805099487305,0.015483883209526539,32.64970779418945
5077.0,4.11105489730835,10.711005210876465,0.015477688983082771,32.64970779418945
5078.5,4.012696743011475,11.026241302490234,0.015347575768828392,32.64970779418945
5080.0,3.9757468700408936,10.659025192260742,0.015111450105905533,32.64970779418945
5081.5,4.002476692199707,10.948273658752441,0.015400776639580727,32.64970779418945
5083.0,4.00005578994751,10.950042724609375,0.015915796160697937,32.649715423583984
5084.5,3.9901835918426514,10.515680313110352,0.0161970816552639,32.64971923828125
5086.0,3.9081835746765137,10.06385612487793,0.01632056012749672,32.64971923828125
5087.5,4.602250576019287,11.12520694732666,0.017118286341428757,32.66503143310547
5089.0,6.8781633377075195,14.278043746948242,0.01895645074546337,32.66503143310547
5090.5,9.571532249450684,17.184490203857422,0.02079017274081707,32.6650276184082
5092.0,9.412096977233887,17.625511169433594,0.020537015050649643,32.6650276184082
5093.5,6.388967990875244,13.569080352783203,0.017865829169750214,32.66502380371094
5095.0,4.166522979736328,10.222289085388184,0.01566503755748272,32.66501998901367
5096.5,3.722813606262207,9.807236671447754,0.015159064903855324,32.66501998901367
5098.0,3.8024113178253174,10.453521728515625,0.01521372515708208,32.66501998901367
5099.5,3.6813626289367676,9.932028770446777,0.015115941874682903,32.66501998901367
5101.0,3.750492811203003,9.702254295349121,0.015232408419251442,32.66501998901367
5102.5,3.7291648387908936,9.74671745300293,0.01525469683110714,32.66502380371094
5104.0,3.7208237648010254,9.812314987182617,0.015134280547499657,32.66501998901367
5105.5,3.7309775352478027,9.967636108398438,0.014982819557189941,32.680320739746094
5107.0,3.9588208198547363,10.577396392822266,0.015048348344862461,32.68031692504883
5108.5,3.9709055423736572,10.307284355163574,0.015164421871304512,32.68031692504883
5110.0,4.138805389404297,10.903624534606934,0.015351200476288795,32.68031692504883
5111.5,4.226118564605713,11.20776653289795,0.015441673807799816,32.68031692504883
5113.0,4.125210762023926,11.155542373657227,0.015452878549695015,32.665016174316406
5114.5,4.095559120178223,10.784051895141602,0.015466468408703804,32.665016174316406
5116.0,3.9377071857452393,10.147676467895508,0.015365954488515854,32.66501998901367
5117.5,3.980173110961914,10.781739234924316,0.015329616144299507,32.66501998901367
5119.0,3.932190418243408,10.60502815246582,0.015387565828859806,32.66501998901367
5120.5,4.044374465942383,10.589911460876465,0.015416889451444149,32.66501998901367
5122.0,3.989274740219116,10.428703308105469,0.015297714620828629,32.66501998901367
5123.5,3.9985618591308594,9.92184066772461,0.015192056074738503,32.665016174316406
5125.0,4.181642532348633,10.878260612487793,0.015302971005439758,32.665016174316406
5126.5,4.323813438415527,11.320554733276367,0.015361247584223747,32.665016174316406
5128.0,4.395655155181885,11.105093002319336,0.015434960834681988,32.665016174316406
5129.5,4.441265106201172,11.67775821685791,0.01550289336591959,32.665016174316406
5131.0,4.394301414489746,12.16236686706543,0.015521916560828686,32.665016174316406
5132.5,4.256422996520996,11.50531005859375,0.015419120900332928,32.665016174316406
5134.0,4.187409400939941,11.368806838989258,0.01550348661839962,32.66501998901367
5135.5,4.330362319946289,11.291982650756836,0.015592955984175205,32.66501998901367
5137.0,4.249783039093018,11.318138122558594,0.015635212883353233,32.66501998901367
5138.5,4.392292499542236,11.866728782653809,0.01568329893052578,32.66501998901367
5140.0,4.36081075668335,11.892589569091797,0.01556626707315445,32.665016174316406
5141.5,4.176102161407471,11.131217002868652,0.015309305861592293,32.66501998901367
5143.0,4.071739196777344,11.074092864990234,0.01526062935590744,32.665016174316406
5144.5,4.125166416168213,10.85694694519043,0.015331203117966652,32.66501998901367
5146.0,4.242424964904785,11.114648818969727,0.015471095219254494,32.665016174316406
5147.5,4.248549461364746,11.551481246948242,0.015422414988279343,32.66501998901367
5149.0,4.314612865447998,11.73104476928711,0.01551792211830616,32.66501998901367
5150.5,4.181112289428711,11.012260437011719,0.015468153171241283,32.66501998901367
5152.0,4.016523361206055,10.937339782714844,0.015428916551172733,32.66502380371094
5153.5,3.821603775024414,9.813358306884766,0.01531278807669878,32.66502380371094
5155.0,3.8934357166290283,10.031332969665527,0.015410089865326881,32.66502380371094
5156.5,3.9027860164642334,10.644676208496094,0.015482934191823006,32.66502380371094
5158.0,4.134469032287598,11.702753067016602,0.01553669199347496,32.66502380371094
5159.5,4.232579708099365,11.062230110168457,0.015537930652499199,32.66501998901367
5161.0,4.282029151916504,11.356290817260742,0.015559342689812183,32.66501998901367
5162.5,4.42018461227417,12.046907424926758,0.01560904923826456,32.66501998901367
5164.0,4.462350368499756,11.730947494506836,0.015649793669581413,32.66501998901367
5165.5,4.412670135498047,11.902807235717773,0.015436670742928982,32.665016174316406
5167.0,4.277729034423828,10.98147201538086,0.015170212835073471,32.66501235961914
5168.5,4.272512912750244,11.100820541381836,0.01497865654528141,32.66501235961914
5170.0,4.217702865600586,10.86932373046875,0.014892208389937878,32.64970016479492
5171.5,4.133602619171143,11.215208053588867,0.014888554811477661,32.64970397949219
5173.0,4.137221336364746,10.720848083496094,0.014764734543859959,32.64970016479492
5174.5,4.150079727172852,11.027195930480957,0.014722215943038464,32.64970016479492
5176.0,4.256720542907715,11.501899719238281,0.015020672231912613,32.64970397949219
5177.5,4.387490749359131,11.753205299377441,0.015366114675998688,32.64970397949219
5179.0,4.454773426055908,12.250198364257812,0.015483898110687733,32.64970779418945
5180.5,4.437234878540039,11.889801025390625,0.01545853540301323,32.64970779418945
5182.0,4.511171340942383,12.100019454956055,0.015464885160326958,32.64970397949219
5183.5,4.399236679077148,11.994226455688477,0.015099768526852131,32.64970016479492
5185.0,4.6298089027404785,12.36836051940918,0.015057842247188091,32.649696350097656
5186.5,4.5550923347473145,12.241509437561035,0.015180648304522038,32.64970016479492
5188.0,4.485525608062744,11.683502197265625,0.015605748631060123,32.64970779418945
5189.5,4.378763198852539,12.070091247558594,0.015750661492347717,32.64970779418945
5191.0,4.551815032958984,11.758127212524414,0.01595045067369938,32.64971160888672
5192.5,4.677469730377197,11.801382064819336,0.0158317219465971,32.64970779418945
5194.0,4.775083541870117,12.295511245727539,0.01573643833398819,32.64970397949219
5195.5,4.715914249420166,12.339367866516113,0.015683181583881378,32.64970779418945
5197.0,4.535592555999756,11.665572166442871,0.015583372674882412,32.64970779418945
5198.5,4.3465375900268555,11.549827575683594,0.015864811837673187,32.66502380371094
5200.0,4.42672872543335,12.466791152954102,0.01634916290640831,32.6650276184082
5201.5,4.280370712280273,11.811470031738281,0.01619832217693329,32.64971923828125
5203.0,4.098338603973389,10.873710632324219,0.015802035108208656,32.64971160888672
5204.5,4.262265205383301,11.222970962524414,0.015842454507946968,32.64971160888672
5206.0,4.2199530601501465,11.683889389038086,0.015503848902881145,32.64970779418945
5207.5,4.305551052093506,11.388073921203613,0.01525695901364088,32.64970397949219
5209.0,4.428968906402588,12.213356018066406,0.015361013822257519,32.64970397949219
5210.5,4.52601957321167,12.24258804321289,0.01564968004822731,32.64970779418945
5212.0,4.423213958740234,11.486347198486328,0.015836918726563454,32.64970779418945
5213.5,4.442748069763184,11.399381637573242,0.01577441394329071,32.64970779418945
5215.0,4.23281192779541,11.2855806350708,0.015466752462089062,32.665016174316406
5216.5,4.212736129760742,10.918272972106934,0.015297379344701767,32.665016174316406
5218.0,4.027040481567383,10.934938430786133,0.015100876800715923,32.665016174316406
5219.5,3.9559779167175293,10.654374122619629,0.015248001553118229,32.66501998901367
5221.0,4.053031921386719,10.401155471801758,0.015340903773903847,32.66501998901367
5222.5,4.126081466674805,11.12607192993164,0.01534278690814972,32.66501998901367
5224.0,4.29683256149292,11.301980972290039,0.015564000234007835,32.66501998901367
5225.5,4.2787275314331055,11.708671569824219,0.01561626885086298,32.66502380371094
5227.0,4.1862897872924805,10.782672882080078,0.015419832430779934,32.66501998901367
5228.5,4.228885173797607,11.03293228149414,0.015042982064187527,32.68031692504883
5230.0,4.2764081954956055,11.068090438842773,0.015064588747918606,32.68031692504883
5231.5,4.298815727233887,11.324356079101562,0.01527845486998558,32.68031692504883
5233.0,4.294402122497559,11.673267364501953,0.015361296944320202,32.680320739746094
5234.5,4.248549938201904,11.523658752441406,0.015248680487275124,32.680320739746094
5236.0,4.372354984283447,11.28323745727539,0.015211773104965687,32.68031692504883
5237.5,4.134088039398193,10.690194129943848,0.01504714135080576,32.68031692504883
5239.0,4.252654552459717,11.217887878417969,0.015498482622206211,32.68032455444336
5240.5,4.63289737701416,11.636833190917969,0.01620471104979515,32.68032455444336
5242.0,5.248056888580322,12.319924354553223,0.01658952794969082,32.68032455444336
5243.5,5.83839750289917,13.848367691040039,0.01679147407412529,32.680320739746094
5245.0,5.537040710449219,13.95997142791748,0.016404813155531883,32.680320739746094
5246.5,4.9593915939331055,12.474790573120117,0.01588670164346695,32.680320739746094
5248.0,4.310304164886475,11.412261962890625,0.015376194380223751,32.680320739746094
5249.5,4.184444427490234,10.804645538330078,0.015185007825493813,32.680320739746094
5251.0,4.074853897094727,10.674820899963379,0.015300778672099113,32.680320739746094
5252.5,4.034663677215576,10.665261268615723,0.015162886120378971,32.680320739746094
5254.0,4.081693649291992,10.929997444152832,0.015090701170265675,32.68031692504883
5255.5,3.8565986156463623,10.068954467773438,0.015073084272444248,32.680320739746094
5257.0,4.010643482208252,10.681756973266602,0.015620216727256775,32.68032455444336
5258.5,4.016178607940674,10.750520706176758,0.015699272975325584,32.680328369140625
5260.0,3.960496664047241,10.584789276123047,0.015384583733975887,32.68032455444336
5261.5,4.075970649719238,10.444520950317383,0.015165038406848907,32.680320739746094
5263.0,4.086791038513184,10.556676864624023,0.014972559176385403,32.68031692504883
5264.5,4.141788482666016,10.675100326538086,0.0148317264392972,32.69561004638672
5266.0,4.035542011260986,11.021574020385742,0.01464289240539074,32.69561004638672
5267.5,4.124803066253662,11.43582534790039,0.01468324288725853,32.69561004638672
5269.0,4.258398056030273,11.201696395874023,0.014876318164169788,32.69561004638672
5270.5,4.3025994300842285,11.329864501953125,0.014984836801886559,32.69561004638672
5272.0,4.31026029586792,11.200347900390625,0.015036092139780521,32.695613861083984
5273.5,4.167261123657227,11.092107772827148,0.015053557232022285,32.695613861083984
5275.0,4.1224775314331055,10.480655670166016,0.015065311454236507,32.695613861083984
5276.5,4.136301040649414,10.249597549438477,0.015385502018034458,32.69561767578125
5278.0,4.024113178253174,10.453495979309082,0.015436840243637562,32.695621490478516
5279.5,3.9357688426971436,10.099554061889648,0.015252671204507351,32.69561767578125
5281.0,3.9407784938812256,10.469173431396484,0.015080216340720654,32.69561767578125
5282.5,4.190622806549072,11.159500122070312,0.015171096660196781,32.68031692504883
5284.0,4.293670177459717,11.133981704711914,0.0152265764772892,32.68031692504883
5285.5,4.227775573730469,10.935759544372559,0.015166874043643475,32.68031692504883
5287.0,4.250533580780029,11.71223258972168,0.015343897044658661,32.680320739746094
5288.5,4.169195175170898,10.850015640258789,0.015326779335737228,32.680320739746094
5290.0,4.029539585113525,10.629241943359375,0.015165500342845917,32.680320739746094
5291.5,4.162110328674316,11.09105110168457,0.01525784470140934,32.680320739746094
5293.0,4.30565071105957,10.912260055541992,0.015494320541620255,32.66501998901367
5294.5,4.330472469329834,11.212488174438477,0.015491279773414135,32.665016174316406
5296.0,4.4654107093811035,11.800214767456055,0.015663763508200645,32.66501998901367
5297.5,4.471499919891357,11.541937828063965,0.015547310002148151,32.665016174316406
5299.0,4.451706886291504,11.718210220336914,0.01551184430718422,32.66501998901367
5300.5,4.499335289001465,12.111040115356445,0.015737907961010933,32.66501998901367
5302.0,4.424408435821533,11.723258018493652,0.015753045678138733,32.66501998901367
5303.5,4.32488489151001,11.498312950134277,0.015432667918503284,32.66501998901367
5305.0,4.176949501037598,10.98753833770752,0.015330118127167225,32.665016174316406
5306.5,4.115086555480957,10.823675155639648,0.015292392112314701,32.680320739746094
5308.0,4.109698295593262,11.089906692504883,0.015249836258590221,32.680320739746094
5309.5,4.149411201477051,11.108182907104492,0.015346575528383255,32.680320739746094
5311.0,4.289353370666504,10.964911460876465,0.015430483967065811,32.680320739746094
5312.5,4.179244041442871,10.500545501708984,0.015422916039824486,32.680320739746094
5314.0,4.168652057647705,10.827901840209961,0.015562397427856922,32.68032455444336
5315.5,4.228697776794434,11.026933670043945,0.015530173666775227,32.68032455444336
5317.0,4.119828224182129,10.604198455810547,0.015237033367156982,32.680320739746094
5318.5,4.137020587921143,10.599573135375977,0.015194067731499672,32.680320739746094
5320.0,4.02416467666626,10.563955307006836,0.015193252824246883,32.680320739746094
5321.5,4.032227516174316,10.53195571899414,0.015118961222469807,32.680320739746094
5323.0,3.9881107807159424,10.634822845458984,0.015193509869277477,32.680320739746094
5324.5,4.092358589172363,10.466328620910645,0.015201495960354805,32.680320739746094
5326.0,4.109550952911377,11.326316833496094,0.01525056455284357,32.680320739746094
5327.5,4.162761688232422,11.1143798828125,0.015286953188478947,32.680320739746094
5329.0,4.222750663757324,11.335650444030762,0.015115155838429928,32.665016174316406
5330.5,4.172465801239014,10.586065292358398,0.015082898549735546,32.665016174316406
5332.0,4.30122184753418,11.719186782836914,0.015416089445352554,32.66502380371094
5333.5,4.413136005401611,11.833673477172852,0.01567576639354229,32.66502380371094
5335.0,4.37514591217041,11.611577033996582,0.015469144098460674,32.66501998901367
5336.5,4.390197277069092,11.216192245483398,0.015486004762351513,32.66501998901367
5338.0,4.157485485076904,10.460390090942383,0.015296797268092632,32.66501998901367
5339.5,4.019840240478516,10.565668106079102,0.015117093920707703,32.66501998901367
5341.0,3.907602310180664,10.448247909545898,0.01497581135481596,32.66501998901367
5342.5,4.071882247924805,10.948809623718262,0.015110734850168228,32.66501998901367
5344.0,4.1600141525268555,10.768808364868164,0.015356532298028469,32.66501998901367
5345.5,4.2340617179870605,11.001935958862305,0.015440180897712708,32.66501998901367
5347.0,4.205729007720947,11.042610168457031,0.015305298380553722,32.66501998901367
5348.5,4.092983245849609,10.190309524536133,0.01521950215101242,32.66501998901367
5350.0,4.072657585144043,11.15725326538086,0.015447279438376427,32.64971160888672
5351.5,4.165238857269287,11.191688537597656,0.015693213790655136,32.649715423583984
5353.0,4.153703689575195,11.163747787475586,0.015563508495688438,32.64971160888672
5354.5,4.199117183685303,11.074195861816406,0.01532137580215931,32.64970779418945
5356.0,4.229085922241211,11.503045082092285,0.01542382501065731,32.64971160888672
5357.5,4.273885250091553,11.911144256591797,0.015932125970721245,32.649715423583984
5359.0,4.361578464508057,11.692852020263672,0.016175853088498116,32.64971160888672
5360.5,4.214945316314697,11.487943649291992,0.015822729095816612,32.64970779418945
5362.0,4.268823146820068,11.667808532714844,0.015738511458039284,32.64970779418945
5363.5,4.32534646987915,11.726231575012207,0.015452008694410324,32.64970779418945
5365.0,4.234352111816406,10.686789512634277,0.015158377587795258,32.64970779418945
5366.5,4.038471221923828,10.276632308959961,0.014960517175495625,32.64970397949219
5368.0,3.9726452827453613,10.56898307800293,0.014942807145416737,32.64970397949219
5369.5,3.930647373199463,9.878829956054688,0.014919083565473557,32.64970779418945
5371.0,3.902067184448242,10.360751152038574,0.014871703460812569,32.64970397949219
5372.5,3.9676215648651123,10.873406410217285,0.014848419465124607,32.64970397949219
5374.0,4.032615661621094,10.849090576171875,0.015035731717944145,32.64970779418945
5375.5,4.1220293045043945,11.204122543334961,0.01523570716381073,32.64970779418945
5377.0,4.159698486328125,11.000807762145996,0.015438971109688282,32.64971160888672
5378.5,4.245357036590576,10.619878768920898,0.015526698902249336,32.64970779418945
5380.0,4.184484481811523,11.212718963623047,0.015275675803422928,32.64970779418945
5381.5,4.133935451507568,11.103145599365234,0.015265611000359058,32.64970779418945
5383.0,4.098627090454102,10.737116813659668,0.015233221463859081,32.64970779418945
5384.5,4.0768818855285645,10.62588119506836,0.01513710804283619,32.64970779418945
5386.0,4.026314735412598,10.483342170715332,0.015083452686667442,32.64970779418945
5387.5,4.086872100830078,11.275968551635742,0.015217430889606476,32.64970779418945
5389.0,4.125853538513184,11.172085762023926,0.01526491530239582,32.64970779418945
5390.5,4.025854110717773,10.590841293334961,0.015148772858083248,32.64970779418945
5392.0,4.079233169555664,11.365713119506836,0.015232806093990803,32.64970779418945
5393.5,4.09799337387085,11.159796714782715,0.015387332066893578,32.64971160888672
5395.0,4.054481029510498,10.75029182434082,0.015350508503615856,32.64971160888672
5396.5,3.984870433807373,10.350231170654297,0.01527142059057951,32.64970779418945
5398.0,3.9734718799591064,10.502931594848633,0.015115629881620407,32.64970779418945
5399.5,4.043300628662109,10.528082847595215,0.015192259103059769,32.64970779418945
5401.0,4.127073287963867,11.423151016235352,0.015286135487258434,32.66501998901367
5402.5,4.221773147583008,11.348634719848633,0.015386810526251793,32.66501998901367
5404.0,4.342880725860596,11.233613967895508,0.015399784781038761,32.66501998901367
5405.5,4.325314998626709,11.590585708618164,0.01527178380638361,32.66501998901367
5407.0,4.128113269805908,11.112715721130371,0.01508645061403513,32.665016174316406
5408.5,3.9869539737701416,10.558194160461426,0.014970989897847176,32.66501998901367
5410.0,3.762579917907715,10.030471801757812,0.014823049306869507,32.66501998901367
5411.5,3.5395140647888184,9.024377822875977,0.014649773016571999,32.66501998901367
5413.0,3.4140961170196533,8.515974998474121,0.014633415266871452,32.66501998901367
5414.5,3.328545093536377,8.863565444946289,0.01466730423271656,32.66502380371094
5416.0,3.464825391769409,8.981488227844238,0.014842204749584198,32.66502380371094
5417.5,3.5324456691741943,8.990005493164062,0.01503016147762537,32.66502380371094
5419.0,3.5896475315093994,9.184349060058594,0.015188563615083694,32.66502380371094
5420.5,3.8148069381713867,9.889144897460938,0.015384959056973457,32.6650276184082
5422.0,3.9983630180358887,10.853468894958496,0.015404902398586273,32.66502380371094
5423.5,4.07008695602417,10.627735137939453,0.015595967881381512,32.66502380371094
5425.0,3.9917545318603516,11.152328491210938,0.015472215600311756,32.6650276184082
5426.5,3.875256061553955,9.877094268798828,0.015324337407946587,32.66502380371094
5428.0,3.6729958057403564,9.636857986450195,0.015124541707336903,32.66502380371094
5429.5,3.5559186935424805,9.376740455627441,0.015000800602138042,32.66502380371094
5431.0,3.7297897338867188,9.525888442993164,0.015115495771169662,32.66502380371094
5432.5,3.936689853668213,10.244463920593262,0.015309251844882965,32.66502380371094
5434.0,4.048218250274658,10.723094940185547,0.01548224687576294,32.66502380371094
5435.5,4.097818374633789,11.027936935424805,0.015559433028101921,32.66502380371094
5437.0,4.051906108856201,10.618504524230957,0.015576273202896118,32.66502380371094
5438.5,4.000346660614014,10.873907089233398,0.015523833222687244,32.66502380371094
5440.0,4.114945411682129,10.15723991394043,0.015712643042206764,32.6650276184082
5441.5,4.094855308532715,10.558500289916992,0.015813400968909264,32.6650276184082
5443.0,4.308709621429443,11.457261085510254,0.015964683145284653,32.6650276184082
5444.5,4.405405521392822,11.136260986328125,0.016062414273619652,32.6650276184082
5446.0,4.573057651519775,11.46203899383545,0.01614144816994667,32.6650276184082
5447.5,4.363718032836914,11.05556869506836,0.015978585928678513,32.6650276184082
5449.0,4.139461517333984,10.859804153442383,0.01573379896581173,32.6650276184082
5450.5,4.018488883972168,10.866158485412598,0.015570840798318386,32.6650276184082
5452.0,3.937026023864746,10.544780731201172,0.015558763407170773,32.6650276184082
5453.5,3.840498447418213,10.336416244506836,0.015498124063014984,32.6650276184082
5455.0,3.9445431232452393,10.380861282348633,0.015519424341619015,32.6650276184082
5456.5,3.925175189971924,10.168167114257812,0.015452970750629902,32.66502380371094
5458.0,4.055566310882568,11.637825012207031,0.0157585758715868,32.6650276184082
5459.5,4.321481227874756,13.38593864440918,0.017483605071902275,32.6650505065918
5461.0,4.1151275634765625,10.145954132080078,0.019696900621056557,32.66508483886719
5462.5,4.239944934844971,13.260228157043457,0.02441936731338501,32.6651725769043
5464.0,4.406047821044922,17.184337615966797,0.02314184047281742,32.66515350341797
5465.5,4.130643844604492,11.921433448791504,0.018245164304971695,32.665061950683594
5467.0,4.1932196617126465,10.366640090942383,0.016409529373049736,32.66503143310547
5468.5,4.299624919891357,11.254997253417969,0.016091033816337585,32.6650276184082
5470.0,4.358227729797363,11.58244514465332,0.0163069199770689,32.6650276184082
5471.5,4.120724201202393,10.98038101196289,0.01594039797782898,32.6650276184082
5473.0,3.936617374420166,10.351932525634766,0.015742596238851547,32.6650276184082
5474.5,3.811743974685669,9.986452102661133,0.015569078736007214,32.6650276184082
5476.0,3.995455026626587,10.455167770385742,0.015652820467948914,32.6650276184082
5477.5,4.151212692260742,10.567920684814453,0.015680991113185883,32.66502380371094
5479.0,4.27001953125,11.528682708740234,0.015557249076664448,32.66502380371094
5480.5,4.2428975105285645,11.258391380310059,0.015680182725191116,32.66502380371094
5482.0,4.07096529006958,10.970922470092773,0.015669288113713264,32.6650276184082
5483.5,4.063124656677246,10.715923309326172,0.016135038807988167,32.6650276184082
5485.0,4.205183982849121,11.388694763183594,0.0164063461124897,32.66503143310547
5486.5,4.314050674438477,11.529369354248047,0.016548581421375275,32.6650276184082
5488.0,4.419157981872559,11.210683822631836,0.01639372669160366,32.6650276184082
5489.5,4.426027774810791,11.581643104553223,0.0160959642380476,32.6650276184082
5491.0,4.328333377838135,11.685358047485352,0.01579761877655983,32.6650276184082
5492.5,4.291774272918701,11.326687812805176,0.015758361667394638,32.6650276184082
5494.0,4.287924289703369,11.245109558105469,0.0157377477735281,32.66502380371094
5495.5,4.199915409088135,10.717509269714355,0.01563268154859543,32.66502380371094
5497.0,4.213750839233398,10.493642807006836,0.015674199908971786,32.66502380371094
5498.5,4.064556121826172,10.392324447631836,0.01554123219102621,32.66502380371094
5500.0,4.1109771728515625,11.216202735900879,0.015646109357476234,32.6650276184082
5501.5,4.155084133148193,10.508125305175781,0.015732111409306526,32.66502380371094
5503.0,4.252303600311279,10.698984146118164,0.015739813446998596,32.64971160888672
5504.5,4.325672149658203,11.471961975097656,0.015784716233611107,32.64971160888672
5506.0,4.3953938484191895,11.60362720489502,0.015795838087797165,32.64971160888672
5507.5,4.423873424530029,11.707000732421875,0.015825504437088966,32.649715423583984
5509.0,4.373942852020264,11.97591495513916,0.015750328078866005,32.649715423583984
5510.5,4.1529412269592285,11.307273864746094,0.015583953820168972,32.64971160888672
5512.0,4.027933120727539,10.750186920166016,0.015548075549304485,32.64971160888672
5513.5,3.958479166030884,10.083717346191406,0.015498998574912548,32.64971160888672
5515.0,3.7931761741638184,9.905548095703125,0.015456324443221092,32.649715423583984
5516.5,3.837141752243042,10.3631591796875,0.01562154944986105,32.649715423583984
5518.0,3.8208537101745605,9.580520629882812,0.015442676842212677,32.649715423583984
5519.5,3.865110397338867,9.65755844116211,0.015478978864848614,32.649715423583984
5521.0,3.903165102005005,9.956257820129395,0.015694890171289444,32.649715423583984
5522.5,3.9984912872314453,11.117313385009766,0.015869731083512306,32.64971923828125
5524.0,4.149092674255371,10.79803466796875,0.01589658483862877,32.649715423583984
5525.5,4.140392303466797,10.53404712677002,0.015682121738791466,32.649715423583984
5527.0,4.240562915802002,11.476297378540039,0.0157595444470644,32.649715423583984
5528.5,4.223683834075928,11.699379920959473,0.015738898888230324,32.649715423583984
5530.0,4.249567031860352,11.321510314941406,0.015697607770562172,32.649715423583984
5531.5,4.220149517059326,10.627082824707031,0.015634838491678238,32.64971160888672
5533.0,4.178663730621338,10.779010772705078,0.015590662136673927,32.66502380371094
5534.5,4.274673938751221,11.249046325683594,0.015754414722323418,32.66502380371094
5536.0,4.404266834259033,11.266201972961426,0.01588658057153225,32.66502380371094
5537.5,4.490644454956055,11.572818756103516,0.016008343547582626,32.66502380371094
5539.0,4.621336936950684,12.118318557739258,0.01617305539548397,32.6650276184082
5540.5,4.655233383178711,11.837053298950195,0.01654706336557865,32.6650276184082
5542.0,4.465455532073975,11.598634719848633,0.017389709129929543,32.680328369140625
5543.5,4.533847808837891,12.04921817779541,0.018073108047246933,32.680335998535156
5545.0,4.518025875091553,11.929163932800293,0.0184339452534914,32.68033981323242
5546.5,4.447937488555908,11.638520240783691,0.01810397394001484,32.680335998535156
5548.0,4.247346878051758,11.46804141998291,0.01680014468729496,32.68033218383789
5549.5,4.175067901611328,10.52423095703125,0.015890752896666527,32.680328369140625
5551.0,4.38284969329834,12.120832443237305,0.016037438064813614,32.68033218383789
5552.5,4.247015476226807,11.460538864135742,0.015872983261942863,32.680328369140625
5554.0,4.359936237335205,11.043595314025879,0.015862369909882545,32.680328369140625
5555.5,4.551868438720703,12.039239883422852,0.01596795953810215,32.680328369140625
5557.0,4.551178932189941,11.853662490844727,0.01598512940108776,32.680328369140625
5558.5,4.5936384201049805,12.36291790008545,0.01600288599729538,32.680328369140625
5560.0,4.57529354095459,12.781095504760742,0.015998365357518196,32.680328369140625
5561.5,4.397921562194824,11.755228042602539,0.01582225225865841,32.680328369140625
5563.0,4.459853649139404,11.242500305175781,0.01604991964995861,32.680328369140625
5564.5,4.598207473754883,12.495664596557617,0.016463402658700943,32.68033218383789
5566.0,4.589940071105957,13.103719711303711,0.01685078628361225,32.665035247802734
5567.5,4.512925148010254,12.165599822998047,0.016443798318505287,32.66503143310547
5569.0,4.450751781463623,11.85812759399414,0.016002019867300987,32.6650276184082
5570.5,4.480963230133057,11.981596946716309,0.016108786687254906,32.6650276184082
5572.0,4.456145763397217,11.728382110595703,0.01619093306362629,32.6650276184082
5573.5,4.494580268859863,12.726919174194336,0.01624462753534317,32.6650276184082
5575.0,3.6106410026550293,7.115231990814209,0.017351433634757996,32.66504669189453
5576.5,3.869262218475342,22.834918975830078,0.030189594253897667,32.665306091308594
5695.0,4.3984880447387695,11.953508377075195,0.019652485847473145,32.58845901489258
5696.5,4.6074419021606445,12.45240592956543,0.018501540645956993,32.58843994140625
5698.0,4.59124755859375,12.739457130432129,0.018151944503188133,32.588436126708984
5699.5,4.580053329467773,12.024141311645508,0.017976980656385422,32.58843231201172
5701.0,4.5704731941223145,12.377653121948242,0.018030287697911263,32.58843231201172
5702.5,4.504058361053467,12.209230422973633,0.01795210875570774,32.58842849731445
5704.0,4.196170330047607,10.963178634643555,0.017430612817406654,32.58842468261719
5705.5,4.057953834533691,10.56515121459961,0.017003102228045464,32.58842086791992
5707.0,4.10968017578125,11.54983139038086,0.016922691836953163,32.58842086791992
5708.5,4.29484748840332,11.950891494750977,0.017010660842061043,32.588417053222656
5710.0,4.379072189331055,11.827890396118164,0.01712634600698948,32.588417053222656
5711.5,4.288963317871094,11.666021347045898,0.017161672934889793,32.58842086791992
5713.0,4.235915184020996,11.630159378051758,0.017289135605096817,32.58842468261719
5714.5,4.333466053009033,11.62069320678711,0.01744171790778637,32.58842468261719
5716.0,4.3248515129089355,11.113018989562988,0.01718178577721119,32.58842086791992
5717.5,4.332479000091553,11.21418571472168,0.017119428142905235,32.588417053222656
5719.0,4.445242404937744,12.374265670776367,0.017283400520682335,32.58842086791992
5720.5,4.367063045501709,11.694032669067383,0.017304664477705956,32.58842086791992
5722.0,4.272486686706543,11.65985107421875,0.017138827592134476,32.58842086791992
5723.5,4.242895126342773,10.823421478271484,0.017065539956092834,32.588417053222656
5725.0,4.377412796020508,11.365816116333008,0.017264219000935555,32.58842086791992
5726.5,4.442530155181885,12.06967544555664,0.017319705337285995,32.58842086791992
5728.0,4.349508285522461,11.421745300292969,0.01715453527867794,32.588417053222656
5729.5,4.3615827560424805,11.601956367492676,0.017061911523342133,32.588417053222656
5731.0,4.315713405609131,11.490337371826172,0.016947584226727486,32.588417053222656
5732.5,4.322643280029297,10.984378814697266,0.016941947862505913,32.588417053222656
5734.0,4.2734880447387695,10.965831756591797,0.01690763607621193,32.588417053222656
5735.5,4.2183732986450195,10.846244812011719,0.0168647188693285,32.588417053222656
5737.0,4.198480129241943,10.561662673950195,0.016836367547512054,32.588417053222656
5738.5,4.196497440338135,10.737993240356445,0.016840461641550064,32.588417053222656
5740.0,4.258028030395508,11.238044738769531,0.01686309091746807,32.58841323852539
5741.5,4.2894158363342285,11.2919340133667,0.01687663234770298,32.58841323852539
5743.0,4.209672451019287,11.08729362487793,0.0168391615152359,32.58841323852539
5744.5,4.29414176940918,11.397201538085938,0.016860511153936386,32.58841323852539
5746.0,4.337347507476807,11.958800315856934,0.017033543437719345,32.588417053222656
5747.5,4.301572322845459,11.983607292175293,0.016926702111959457,32.603755950927734
5749.0,4.282649040222168,11.334196090698242,0.016957907006144524,32.603755950927734
5750.5,4.287893772125244,11.700357437133789,0.016847286373376846,32.603755950927734
5752.0,4.443102836608887,11.974018096923828,0.01704157516360283,32.603755950927734
5753.5,4.3972907066345215,11.792686462402344,0.01695462316274643,32.60375213623047
5755.0,4.385265350341797,11.836355209350586,0.01690288446843624,32.603755950927734
5756.5,4.27168607711792,11.866109848022461,0.016812022775411606,32.60375213623047
5758.0,4.363377571105957,11.786344528198242,0.01700330153107643,32.603755950927734
5759.5,4.372043609619141,11.841714859008789,0.017049740999937057,32.603755950927734
5761.0,4.39900541305542,12.126713752746582,0.01720060035586357,32.603759765625
5762.5,4.340741157531738,11.616413116455078,0.017116351053118706,32.603755950927734
5764.0,4.277841567993164,11.177652359008789,0.017052404582500458,32.603759765625
5765.5,4.285598278045654,11.448722839355469,0.01723344996571541,32.603759765625
5767.0,4.372021198272705,12.863592147827148,0.0180431567132473,32.6037712097168
5768.5,4.373915672302246,12.87792682647705,0.018190713599324226,32.60377502441406
5770.0,4.30219841003418,12.079985618591309,0.01879999414086342,32.603782653808594
5771.5,4.438058853149414,13.245429992675781,0.01979721337556839,32.60380172729492
5773.0,4.349315643310547,13.096429824829102,0.01890275999903679,32.60378646850586
5774.5,4.099940776824951,11.136561393737793,0.017642948776483536,32.60376739501953
5776.0,4.1447906494140625,10.437236785888672,0.017329618334770203,32.603763580322266
5777.5,4.228893756866455,11.05724811553955,0.01719224452972412,32.58842086791992
5779.0,4.35529899597168,11.763578414916992,0.01726798340678215,32.58842086791992
5780.5,4.520873069763184,12.500103950500488,0.017374573275446892,32.58842086791992
5782.0,4.457825660705566,11.940163612365723,0.017398878931999207,32.58842086791992
5783.5,4.4973368644714355,11.716194152832031,0.01751973107457161,32.58842086791992
5785.0,4.418797969818115,11.844977378845215,0.017281409353017807,32.58842086791992
5786.5,4.3924880027771,11.643840789794922,0.017312899231910706,32.58842086791992
5788.0,4.361607551574707,11.825885772705078,0.017418408766388893,32.58842086791992
5789.5,4.272482395172119,12.338257789611816,0.017967846244573593,32.58843231201172
5791.0,4.310132026672363,12.292149543762207,0.01892205700278282,32.58845138549805
5792.5,4.352275371551514,12.783230781555176,0.019818460568785667,32.58846664428711
5794.0,4.376887798309326,14.00301456451416,0.019803334027528763,32.588462829589844
5795.5,4.261009693145752,10.946718215942383,0.018266374245285988,32.588436126708984
5797.0,4.329636096954346,11.17668342590332,0.01764204166829586,32.57307815551758
5798.5,4.301084518432617,11.692352294921875,0.017444537952542305,32.55772399902344
5800.0,4.441884994506836,11.667492866516113,0.017527375370264053,32.55772399902344
5801.5,4.537758827209473,11.446662902832031,0.017616769298911095,32.55772399902344
5803.0,4.481109142303467,11.613069534301758,0.017654145136475563,32.55772399902344
5804.5,4.479292869567871,12.113670349121094,0.017728788778185844,32.55772399902344
5806.0,4.50158166885376,12.523581504821777,0.017713943496346474,32.55772399902344
5807.5,4.484586238861084,12.279434204101562,0.01765654981136322,32.55772399902344
5809.0,4.474219799041748,12.281980514526367,0.017665503546595573,32.55772399902344
5810.5,4.506893157958984,12.061542510986328,0.017696864902973175,32.58842849731445
5812.0,4.515435218811035,12.278897285461426,0.01774912141263485,32.58842849731445
5813.5,4.5812578201293945,12.184257507324219,0.017762882634997368,32.58842849731445
5815.0,4.6095428466796875,12.142843246459961,0.017811862751841545,32.58842849731445
5816.5,4.495302677154541,12.128252029418945,0.017773287370800972,32.5577278137207
5818.0,4.522634506225586,11.808135986328125,0.01775205507874489,32.5577278137207
5819.5,4.413372993469238,12.17959213256836,0.0177162978798151,32.55772399902344
5821.0,4.466068744659424,12.197399139404297,0.017860528081655502,32.5577278137207
5822.5,4.502867698669434,12.01938247680664,0.01796576753258705,32.5577278137207
5824.0,4.3641133308410645,11.75790023803711,0.017860157415270805,32.5577278137207
5825.5,4.337987899780273,11.284170150756836,0.01788419857621193,32.5577278137207
5827.0,4.378386497497559,11.730047225952148,0.01788914203643799,32.5577278137207
5828.5,4.229928970336914,11.892291069030762,0.017770318314433098,32.5577278137207
5830.0,4.283100128173828,11.200898170471191,0.01787654682993889,32.5577278137207
5831.5,4.379353046417236,12.22955322265625,0.017911477014422417,32.573081970214844
5833.0,4.35841703414917,12.499767303466797,0.017995761707425117,32.57308578491211
5834.5,4.36677885055542,11.999924659729004,0.01807718351483345,32.57308578491211
5836.0,4.338651657104492,11.828636169433594,0.017996467649936676,32.57308578491211
5837.5,4.3412184715271,11.92336368560791,0.0182732455432415,32.57308578491211
5839.0,4.48526668548584,11.847854614257812,0.018406886607408524,32.57308578491211
5840.5,4.470367908477783,12.186201095581055,0.018429379910230637,32.57308578491211
5842.0,4.389967441558838,11.196409225463867,0.018339531496167183,32.57308578491211
5843.5,4.484740734100342,11.891515731811523,0.0183547530323267,32.573089599609375
5845.0,4.438767910003662,11.941490173339844,0.018335096538066864,32.573089599609375
5846.5,4.49822473526001,12.265222549438477,0.018429022282361984,32.573089599609375
5848.0,4.2746992111206055,12.026191711425781,0.018242623656988144,32.573089599609375
5849.5,4.2915143966674805,10.99360466003418,0.01827753707766533,32.573089599609375
5851.0,4.226565361022949,10.748479843139648,0.01829971931874752,32.573089599609375
5852.5,4.102447032928467,10.990707397460938,0.01817738637328148,32.573089599609375
5854.0,4.182558059692383,11.079072952270508,0.01836986653506756,32.573089599609375
5855.5,4.186464786529541,11.279657363891602,0.018397726118564606,32.573089599609375
5857.0,4.19869327545166,11.732526779174805,0.018344135954976082,32.573089599609375
5858.5,4.250613689422607,12.199971199035645,0.01846030354499817,32.57309341430664
5860.0,4.305463790893555,11.828964233398438,0.018555110320448875,32.57309341430664
5861.5,4.356963634490967,11.521984100341797,0.018687253817915916,32.57309341430664
5863.0,4.477826118469238,11.855213165283203,0.0187973715364933,32.57309341430664
5864.5,4.2444376945495605,11.691410064697266,0.018829522654414177,32.573097229003906
5866.0,4.2239274978637695,12.207249641418457,0.019490879029035568,32.5731086730957
5867.5,4.196988582611084,12.5318603515625,0.020788373425602913,32.5731315612793
5869.0,4.247664928436279,12.350382804870605,0.021686431020498276,32.57314682006836
5870.5,4.544612407684326,12.825523376464844,0.021489694714546204,32.57313919067383
5872.0,4.464266777038574,11.656957626342773,0.02039175108075142,32.5731201171875
5873.5,4.513081073760986,11.990299224853516,0.019978392869234085,32.57311248779297
5875.0,4.592088222503662,12.712230682373047,0.020056575536727905,32.57311248779297
5876.5,4.559498310089111,12.529787063598633,0.019993040710687637,32.57311248779297
5878.0,4.658626079559326,12.673112869262695,0.01975775510072708,32.5731086730957
5879.5,4.503847122192383,11.814157485961914,0.01945742964744568,32.57310485839844
5881.0,4.3122944831848145,11.45860767364502,0.01916533336043358,32.57310104370117
5882.5,4.3420233726501465,11.770833015441895,0.019111983478069305,32.57310104370117
5884.0,4.28900146484375,12.176284790039062,0.019033530727028847,32.57310104370117
5885.5,4.366083145141602,12.066143035888672,0.01919996179640293,32.57310104370117
5887.0,4.4636311531066895,13.44960880279541,0.019540851935744286,32.5577507019043
5888.5,4.146783828735352,12.65101432800293,0.025022653862833977,32.55785369873047
5890.0,4.231684684753418,17.782390594482422,0.037225767970085144,32.55819320678711
5891.5,4.089145660400391,16.18002700805664,0.05335282161831856,32.558834075927734
5893.0,4.046119689941406,16.041645050048828,0.04757654294371605,32.55860900878906
5894.5,4.061492919921875,17.273223876953125,0.034743569791316986,32.55812072753906
5896.0,4.063405990600586,15.823436737060547,0.03188103809952736,32.558013916015625
5897.5,4.1650238037109375,14.265544891357422,0.04123399779200554,32.55833435058594
5899.0,4.31855583190918,16.051204681396484,0.04314437508583069,32.55834197998047
5900.5,4.18109130859375,10.138345718383789,0.026951730251312256,32.55790710449219
5902.0,4.333400249481201,10.441923141479492,0.019281655550003052,32.55775451660156
5903.5,4.454102993011475,12.637710571289062,0.019043883308768272,32.5577507019043
5905.0,4.386575222015381,12.272348403930664,0.01906442828476429,32.55775451660156
5906.5,4.4053120613098145,12.424236297607422,0.019425323233008385,32.55775451660156
5908.0,4.437952995300293,12.075626373291016,0.019927995279431343,32.557762145996094
5909.5,4.416871547698975,12.587810516357422,0.02004891447722912,32.557762145996094
5911.0,4.429388523101807,12.283041000366211,0.01975843496620655,32.55775451660156
5912.5,4.462390422821045,11.70462703704834,0.019662395119667053,32.5577507019043
5914.0,4.450623035430908,11.562067031860352,0.019641928374767303,32.55775451660156
5915.5,4.468956470489502,12.362390518188477,0.020475424826145172,32.557769775390625
5917.0,4.428525447845459,14.004202842712402,0.021207837387919426,32.557796478271484
5918.5,4.523029804229736,12.694247245788574,0.020933572202920914,32.55778884887695
5920.0,4.422457695007324,11.308789253234863,0.019603990018367767,32.55776596069336
5921.5,4.3627400398254395,12.351351737976074,0.019295575097203255,32.5731086730957
5923.0,4.435873031616211,12.697749137878418,0.019624128937721252,32.57311248779297
5924.5,4.3162689208984375,11.791476249694824,0.019787132740020752,32.573116302490234
5926.0,4.273486614227295,12.024839401245117,0.02009514905512333,32.573123931884766
5927.5,4.267444133758545,12.0909423828125,0.020179428160190582,32.55777359008789
5929.0,4.237442970275879,12.559195518493652,0.019700022414326668,32.557769775390625
5930.5,4.371965408325195,12.789865493774414,0.019569294527173042,32.55776596069336
5932.0,4.3704328536987305,12.287553787231445,0.019786139950156212,32.557769775390625
5933.5,4.390768051147461,12.335792541503906,0.0208760853856802,32.55778884887695
5935.0,4.584192752838135,14.639930725097656,0.022041549906134605,32.55781173706055
5936.5,4.325192451477051,12.32673454284668,0.0209969375282526,32.55779266357422
5938.0,4.281092166900635,11.390085220336914,0.01980411447584629,32.557769775390625
5939.5,4.476357936859131,12.945024490356445,0.019601479172706604,32.573116302490234
5941.0,4.598994731903076,12.971647262573242,0.019711853936314583,32.57311248779297
5942.5,4.6202497482299805,13.02044677734375,0.019552769139409065,32.58845901489258
5944.0,4.50547981262207,12.82983684539795,0.019366485998034477,32.58845520019531
5945.5,4.605986595153809,13.66909408569336,0.019702987745404243,32.588462829589844
5947.0,4.5004167556762695,14.37514877319336,0.020174261182546616,32.58847427368164
5948.5,4.547043800354004,12.669703483581543,0.0205132607370615,32.58847427368164
5950.0,4.425079345703125,11.778127670288086,0.020030703395605087,32.55776596069336
5951.5,4.46115255355835,12.539770126342773,0.019828734919428825,32.557762145996094
5953.0,4.368475437164307,12.349491119384766,0.020068423822522163,32.55776596069336
5954.5,4.3494086265563965,11.647867202758789,0.021145323291420937,32.55778884887695
5956.0,4.444653034210205,13.08879566192627,0.021621452644467354,32.55780029296875
5957.5,4.354654312133789,12.337339401245117,0.020485224202275276,32.557777404785156
5959.0,4.382136344909668,11.69800090789795,0.01941020041704178,32.55775833129883
5960.5,4.506091594696045,13.254284858703613,0.019391095265746117,32.55775833129883
5962.0,4.483771800994873,13.294576644897461,0.01963316649198532,32.55775833129883
5963.5,4.5829997062683105,12.757428169250488,0.020100651308894157,32.55775833129883
5965.0,4.660067558288574,13.18642807006836,0.020191466435790062,32.55775833129883
5966.5,4.495651721954346,12.493551254272461,0.019986312836408615,32.55775833129883
5968.0,4.448955059051514,12.27184772491455,0.019359834492206573,32.55775833129883
5969.5,4.360310077667236,13.368501663208008,0.019168026745319366,32.55775833129883
5971.0,4.439393520355225,13.115358352661133,0.0195833258330822,32.557762145996094
5972.5,4.458878517150879,13.014396667480469,0.019853100180625916,32.557769775390625
5974.0,4.4190168380737305,13.369485855102539,0.019573688507080078,32.55776596069336
5975.5,4.445233345031738,13.19558334350586,0.019290542230010033,32.57311248779297
5977.0,4.258406162261963,12.633302688598633,0.01940871961414814,32.588462829589844
5978.5,4.329928398132324,12.852359771728516,0.020077118650078773,32.588470458984375
5980.0,4.286319732666016,13.231959342956543,0.020126646384596825,32.57312774658203
5981.5,4.093687534332275,11.350723266601562,0.019310886040329933,32.57311248779297
5983.0,4.313121318817139,12.007392883300781,0.018990647047758102,32.57310485839844
5984.5,4.499540328979492,13.154855728149414,0.019047798588871956,32.55775451660156
5986.0,4.541475772857666,13.422723770141602,0.018950946629047394,32.54239273071289
5987.5,4.584147930145264,13.178234100341797,0.019006451591849327,32.542388916015625
5989.0,4.5165252685546875,12.474410057067871,0.018958665430545807,32.542388916015625
5990.5,4.5032806396484375,12.9395751953125,0.01898552104830742,32.542388916015625
5992.0,4.6784138679504395,12.707159042358398,0.019091425463557243,32.54239273071289
5993.5,4.498870849609375,12.602432250976562,0.018935590982437134,32.54239273071289
5995.0,4.433919429779053,13.004624366760254,0.01876823417842388,32.542388916015625
5996.5,4.5694966316223145,12.739995956420898,0.018869895488023758,32.542388916015625
5998.0,4.589907646179199,14.588013648986816,0.01893397606909275,32.54239273071289
5999.5,4.61720085144043,13.453954696655273,0.019237706437706947,32.54239273071289
6001.0,4.535299301147461,12.462638854980469,0.019098516553640366,32.54239273071289
6002.5,4.443552494049072,12.2610502243042,0.01883215643465519,32.542388916015625
6004.0,4.440274238586426,12.59530258178711,0.01889149844646454,32.52702331542969
6005.5,4.575170993804932,12.635032653808594,0.019372565671801567,32.52702713012695
6007.0,4.654077053070068,13.088811874389648,0.01933634839951992,32.52702713012695
6008.5,4.567717552185059,12.599357604980469,0.01883963868021965,32.52701950073242
6010.0,4.618305683135986,12.470392227172852,0.018576323986053467,32.52701187133789
6011.5,4.484626770019531,11.878510475158691,0.01841956004500389,32.52701187133789
6013.0,4.520776271820068,12.506494522094727,0.01844114437699318,32.52701187133789
6014.5,4.64263916015625,12.796728134155273,0.018488651141524315,32.52701187133789
6016.0,4.685580730438232,13.530903816223145,0.0184137225151062,32.52701187133789
6017.5,4.587435722351074,13.97793197631836,0.01828756369650364,32.52701187133789
6019.0,4.6673994064331055,13.042606353759766,0.018310222774744034,32.52701187133789
6020.5,4.553407669067383,12.11747932434082,0.018191557377576828,32.527008056640625
6022.0,4.392440319061279,12.697546005249023,0.018002158030867577,32.527008056640625
6023.5,4.4773359298706055,12.61628532409668,0.018021291121840477,32.527008056640625
6025.0,4.531464576721191,12.903486251831055,0.017962278798222542,32.527008056640625
6026.5,4.498379707336426,13.393980026245117,0.018164774402976036,32.52701187133789
6028.0,4.5900983810424805,12.57621955871582,0.018345972523093224,32.527015686035156
6029.5,4.513800621032715,12.745294570922852,0.018341775983572006,32.527015686035156
6031.0,4.451615333557129,12.402969360351562,0.01838846132159233,32.527015686035156
6032.5,4.5476813316345215,12.334757804870605,0.018466662615537643,32.527015686035156
6034.0,4.537055492401123,12.891010284423828,0.018614649772644043,32.52701187133789
6035.5,4.457682132720947,13.003804206848145,0.018746662884950638,32.52701187133789
6037.0,4.347020149230957,12.220273971557617,0.01867721416056156,32.52701187133789
6038.5,4.51806116104126,12.854192733764648,0.0184269268065691,32.527008056640625
6040.0,4.561813831329346,13.468189239501953,0.018207257613539696,32.52700424194336
6041.5,4.6086578369140625,13.348705291748047,0.017961667850613594,32.52700424194336
6043.0,4.601867198944092,13.437976837158203,0.017866071313619614,32.527008056640625
6044.5,4.565547466278076,13.22599983215332,0.01800472103059292,32.52700424194336
6149.5,4.720938205718994,13.517724990844727,0.017044393345713615,32.4808464050293
6151.0,4.837985992431641,13.297548294067383,0.016944382339715958,32.4808464050293
6152.5,5.021512031555176,13.69277286529541,0.017137659713625908,32.4808464050293
6154.0,5.154592037200928,14.559815406799316,0.017406875267624855,32.496238708496094
6155.5,4.78627347946167,12.479520797729492,0.017544889822602272,32.49624252319336
6157.0,4.606310844421387,10.981563568115234,0.017691200599074364,32.496246337890625
6158.5,4.446410655975342,12.05305004119873,0.017214680090546608,32.496238708496094
6160.0,4.2685370445251465,11.847566604614258,0.0169384628534317,32.48085403442383
6161.5,4.243195056915283,11.052919387817383,0.017265314236283302,32.48085403442383
6163.0,4.226747989654541,12.280055046081543,0.01780341938138008,32.480865478515625
6164.5,4.117639064788818,12.917505264282227,0.017476920038461685,32.480857849121094
6166.0,3.9855616092681885,12.316396713256836,0.016528809443116188,32.48085021972656
6167.5,3.856210947036743,11.445518493652344,0.016152985394001007,32.48084259033203
6169.0,3.6403605937957764,11.784549713134766,0.01622384786605835,32.48084259033203
6170.5,3.6728897094726562,10.914339065551758,0.016319170594215393,32.4808464050293
6172.0,3.768627882003784,10.313386917114258,0.017134375870227814,32.48085403442383
6173.5,3.667393445968628,10.507181167602539,0.017064962536096573,32.480857849121094
6175.0,3.8136768341064453,11.582740783691406,0.01667517051100731,32.4808464050293
6176.5,3.9877588748931885,12.48332405090332,0.017023704946041107,32.4808464050293
6178.0,4.098773956298828,12.07784652709961,0.017033064737915993,32.48085021972656
6179.5,4.193748950958252,12.658729553222656,0.0165445227175951,32.4808464050293
6181.0,4.245278835296631,12.772566795349121,0.016093142330646515,32.48084259033203
6182.5,4.375034332275391,12.938682556152344,0.01618366874754429,32.48084259033203
6184.0,4.433608531951904,13.018318176269531,0.016282474622130394,32.48084259033203
6185.5,4.384749412536621,12.882206916809082,0.01647493802011013,32.48084259033203
6187.0,4.472265243530273,12.688045501708984,0.016788560897111893,32.48084259033203
6188.5,4.534694194793701,13.017807006835938,0.01672399789094925,32.480838775634766
6190.0,4.533992290496826,13.171396255493164,0.01689227670431137,32.480838775634766
6191.5,4.472683429718018,13.213205337524414,0.0168691985309124,32.480838775634766
6193.0,4.442421913146973,12.810623168945312,0.01671501062810421,32.480838775634766
6194.5,4.425168514251709,12.759062767028809,0.016579121351242065,32.480838775634766
6196.0,4.3106207847595215,12.645739555358887,0.016426583752036095,32.48084259033203
6197.5,4.371983051300049,12.964670181274414,0.0164873655885458,32.480838775634766
6199.0,4.450279712677002,12.559852600097656,0.016415568068623543,32.480838775634766
6200.5,4.434782028198242,13.451604843139648,0.01636779122054577,32.480838775634766
6202.0,4.504068851470947,14.06095027923584,0.016399765387177467,32.480838775634766
6203.5,4.477120399475098,12.776681900024414,0.016938181594014168,32.4808464050293
6205.0,4.4714789390563965,12.3153076171875,0.0175614170730114,32.48085403442383
6206.5,4.410068988800049,12.004512786865234,0.017136942595243454,32.4808464050293
6208.0,4.4313201904296875,12.174599647521973,0.016230283305048943,32.480838775634766
6209.5,4.4311933517456055,11.220067024230957,0.0163037721067667,32.51161193847656
6211.0,4.274874687194824,11.182674407958984,0.01639220118522644,32.51161193847656
6212.5,4.369084358215332,12.105134963989258,0.01652948185801506,32.51161575317383
6214.0,4.497551441192627,11.896539688110352,0.017116384580731392,32.48084259033203
6215.5,4.3256659507751465,11.910614013671875,0.016720395535230637,32.48084259033203
6217.0,4.265016078948975,12.762999534606934,0.016529567539691925,32.480838775634766
6218.5,4.3277130126953125,13.015666961669922,0.016368357464671135,32.4808349609375
6220.0,4.437167167663574,13.116817474365234,0.016400553286075592,32.4808349609375
6221.5,4.590049743652344,12.91844367980957,0.01650826260447502,32.480838775634766
6223.0,4.47726583480835,11.487420082092285,0.01686730794608593,32.4808464050293
6224.5,4.409996032714844,11.636283874511719,0.016916530206799507,32.48085021972656
6226.0,4.475107192993164,12.961946487426758,0.0165401678532362,32.4808464050293
6227.5,4.563513278961182,12.769600868225098,0.016171716153621674,32.480838775634766
6229.0,4.556679725646973,12.353336334228516,0.01601097173988819,32.4808349609375
6230.5,4.455774307250977,12.486213684082031,0.015865452587604523,32.4808349609375
6232.0,4.4732842445373535,12.882132530212402,0.01584126614034176,32.4808349609375
6233.5,4.341235160827637,12.30638313293457,0.01612422987818718,32.480838775634766
6235.0,4.417304039001465,13.152153968811035,0.017148856073617935,32.48085403442383
6236.5,4.3109025955200195,11.868410110473633,0.018753672018647194,32.48088073730469
6238.0,4.37216854095459,10.770614624023438,0.020048128440976143,32.49628829956055
6239.5,4.479112148284912,12.734870910644531,0.01942974515259266,32.49628448486328
6241.0,4.4283766746521,12.972427368164062,0.01812960021197796,32.49625778198242
6242.5,4.424028396606445,12.166837692260742,0.017628835514187813,32.49625015258789
6244.0,4.504005432128906,12.368437767028809,0.017482588067650795,32.496246337890625
6245.5,4.486250877380371,12.29850959777832,0.017146896570920944,32.49624252319336
6247.0,4.397367477416992,12.179033279418945,0.016517579555511475,32.49623489379883
6248.5,4.4291863441467285,12.354530334472656,0.016145549714565277,32.4962272644043
6430.0,4.211141109466553,11.914402961730957,0.013456675224006176,32.48081588745117
6431.5,4.084619998931885,11.618799209594727,0.01340526808053255,32.49620056152344
6433.0,4.232486724853516,12.196062088012695,0.013456064276397228,32.49620056152344
6434.5,4.311566352844238,12.32982349395752,0.013558127917349339,32.49620056152344
6436.0,4.3012871742248535,12.166763305664062,0.013573162257671356,32.49620056152344
6437.5,4.255401134490967,11.68679428100586,0.013532474637031555,32.49620056152344
6439.0,4.270472049713135,11.923379898071289,0.013571210205554962,32.49620056152344
6440.5,4.245890140533447,12.112693786621094,0.01346280612051487,32.480812072753906
6442.0,4.426501750946045,12.402915954589844,0.013538400642573833,32.480812072753906
6443.5,4.413600921630859,12.363619804382324,0.013568302616477013,32.480812072753906
6445.0,4.400784969329834,12.067635536193848,0.013541130349040031,32.480812072753906
6446.5,4.339780330657959,12.04965591430664,0.013482324779033661,32.480812072753906
6448.0,4.187230110168457,11.631211280822754,0.013388453051447868,32.480812072753906
6449.5,4.229146957397461,11.96241283416748,0.01339156087487936,32.480812072753906
6451.0,4.235171318054199,13.992301940917969,0.013529788702726364,32.48081588745117
6452.5,4.027334690093994,11.067517280578613,0.013545193709433079,32.48081588745117
6454.0,3.9678730964660645,10.798294067382812,0.013636736199259758,32.48081588745117
6455.5,4.081676959991455,11.179200172424316,0.013751848600804806,32.480812072753906
6457.0,4.121153354644775,12.216676712036133,0.01364131923764944,32.480812072753906
6458.5,4.12544059753418,11.477952003479004,0.01371116191148758,32.5115852355957
6460.0,4.057638168334961,10.909542083740234,0.013854396529495716,32.5115852355957
6461.5,4.13289737701416,11.1647367477417,0.01379513181746006,32.5115852355957
6463.0,4.0799384117126465,10.713827133178711,0.013795788399875164,32.5115852355957
6464.5,4.082192420959473,10.80294418334961,0.014274578541517258,32.511592864990234
6466.0,4.279194355010986,12.500650405883789,0.01534275058656931,32.51160430908203
6467.5,4.195191383361816,11.674165725708008,0.015660200268030167,32.51161575317383
6469.0,4.119700908660889,10.221878051757812,0.015628477558493614,32.48084259033203
6470.5,4.190941333770752,11.468663215637207,0.015032690949738026,32.4808349609375
6472.0,4.230231285095215,11.910123825073242,0.015119276940822601,32.4808349609375
6473.5,4.238536834716797,10.739274978637695,0.015196979977190495,32.4808349609375
6475.0,4.3070855140686035,11.91412353515625,0.014515423215925694,32.465431213378906
6476.5,4.321247577667236,12.887653350830078,0.013643345795571804,32.46541976928711
6478.0,4.303527355194092,12.236473083496094,0.013436702080070972,32.465415954589844
6479.5,4.223633289337158,11.158670425415039,0.013645187020301819,32.46541976928711
6481.0,4.091796398162842,10.843887329101562,0.01359296590089798,32.46541976928711
6482.5,4.078392505645752,11.700971603393555,0.013234716840088367,32.465415954589844
6484.0,4.136901378631592,12.083951950073242,0.013017319142818451,32.46541213989258
6485.5,4.2366509437561035,11.85177230834961,0.012966744601726532,32.46541213989258
6487.0,4.185204982757568,12.182316780090332,0.012903289869427681,32.46540832519531
6488.5,4.2493896484375,12.267931938171387,0.012902467511594296,32.46540832519531
6490.0,4.279971122741699,11.787546157836914,0.012896602042019367,32.46540832519531
6491.5,4.214351177215576,11.609819412231445,0.01281440258026123,32.46540832519531
6493.0,4.288292407989502,12.234092712402344,0.01286388374865055,32.46540832519531
6494.5,4.175023555755615,11.472665786743164,0.01275489293038845,32.46540832519531
6496.0,4.164623260498047,10.969669342041016,0.012892569415271282,32.46540832519531
6497.5,4.240667343139648,11.270841598510742,0.013430587947368622,32.465415954589844
6499.0,4.280524253845215,11.640054702758789,0.014533794485032558,32.465431213378906
6500.5,4.328724384307861,12.405982971191406,0.016153132542967796,32.4654541015625
6502.0,4.220149040222168,10.907997131347656,0.016231786459684372,32.4654541015625
6503.5,4.164222717285156,10.83282470703125,0.014640945941209793,32.465431213378906
6505.0,4.132220268249512,10.217085838317871,0.013773425482213497,32.46541976928711
6506.5,4.155986309051514,10.703715324401855,0.01409321092069149,32.46542739868164
6508.0,4.187751770019531,11.13577651977539,0.014166745357215405,32.46542739868164
6509.5,4.02042818069458,10.774454116821289,0.013258028775453568,32.465415954589844
6511.0,4.078101634979248,11.03066349029541,0.0129234092310071,32.46541213989258
6512.5,4.087839126586914,11.456911087036133,0.012814712710678577,32.46540832519531
6514.0,4.06585693359375,11.430912017822266,0.013118486851453781,32.46540832519531
6515.5,4.113879203796387,10.963010787963867,0.013280712068080902,32.46541213989258
6517.0,4.125216007232666,11.642305374145508,0.013279602862894535,32.46541213989258
6518.5,4.105391502380371,12.043710708618164,0.013023456558585167,32.46540832519531
6520.0,4.093522071838379,11.898479461669922,0.012832757085561752,32.46540451049805
6521.5,4.198183536529541,12.169455528259277,0.013082997873425484,32.46540832519531
6523.0,4.22064733505249,11.682877540588379,0.013605318032205105,32.5115852355957
6524.5,4.067721366882324,10.261974334716797,0.013982816599309444,32.51158905029297
6526.0,3.996814727783203,10.739330291748047,0.01380674447864294,32.51158905029297
6527.5,4.0750250816345215,11.870784759521484,0.013360654003918171,32.5115852355957
6529.0,4.087035179138184,11.37831974029541,0.01306940708309412,32.51157760620117
6530.5,4.188994407653809,11.149507522583008,0.01285894587635994,32.51158142089844
6532.0,4.200347423553467,11.742822647094727,0.013026421889662743,32.51158142089844
6533.5,4.177483558654785,11.744926452636719,0.014287999831140041,32.46542739868164
6535.0,4.068577289581299,10.798707962036133,0.015623514540493488,32.46544647216797
6536.5,4.009032726287842,9.919742584228516,0.01492912508547306,32.46543884277344
6538.0,4.052198886871338,11.412908554077148,0.013616454787552357,32.450016021728516
6539.5,4.156090259552002,12.415611267089844,0.012874813750386238,32.450008392333984
6541.0,4.110095977783203,11.578433990478516,0.01267346553504467,32.45000457763672
6542.5,4.100118160247803,11.543806076049805,0.012860042974352837,32.450008392333984
6544.0,4.157176971435547,11.791568756103516,0.013335061259567738,32.450016021728516
6545.5,3.9339022636413574,10.308042526245117,0.014129666611552238,32.45001983642578
6547.0,4.013060092926025,9.754598617553711,0.014333521015942097,32.45002365112305
6548.5,3.995659828186035,10.844093322753906,0.013834976591169834,32.450016021728516
6550.0,3.9197793006896973,11.021997451782227,0.013279162347316742,32.450008392333984
6551.5,3.804804801940918,10.220758438110352,0.013071191497147083,32.450008392333984
6553.0,3.883371114730835,9.953577041625977,0.01334617380052805,32.45001220703125
6554.5,3.9174959659576416,9.91877269744873,0.01515913661569357,32.45002746582031
6556.0,3.8659584522247314,10.485174179077148,0.01618761196732521,32.45004653930664
6557.5,4.049627780914307,11.353494644165039,0.015139714814722538,32.45002746582031
6559.0,4.182409763336182,12.004631996154785,0.013541058637201786,32.45001220703125
6560.5,4.256889343261719,12.961786270141602,0.012939057312905788,32.45000457763672
6562.0,4.310000896453857,13.514745712280273,0.013169754296541214,32.450008392333984
6563.5,4.225154399871826,11.852425575256348,0.014251239597797394,32.45002365112305
6565.0,4.0331573486328125,10.671672821044922,0.015099486336112022,32.450035095214844
6566.5,4.093967437744141,11.634592056274414,0.014603612944483757,32.45002746582031
6568.0,4.129614353179932,11.98137092590332,0.013306727632880211,32.450016021728516
6569.5,4.144900798797607,11.097158432006836,0.013288557529449463,32.45001220703125
6571.0,4.151916980743408,10.055614471435547,0.013844691216945648,32.450016021728516
6572.5,4.215188026428223,11.062553405761719,0.013604359701275826,32.450016021728516
6574.0,4.3532233238220215,12.700706481933594,0.01315932534635067,32.45001220703125
6575.5,4.258629322052002,12.231391906738281,0.01284982729703188,32.45000457763672
6577.0,4.129152297973633,11.346916198730469,0.013302728533744812,32.45001220703125
6578.5,4.149758338928223,11.000072479248047,0.01487233117222786,32.45003128051758
6580.0,4.0401716232299805,10.410049438476562,0.015856057405471802,32.45004653930664
6581.5,4.112914562225342,11.21072769165039,0.014485805295407772,32.45002746582031
6583.0,4.22491979598999,13.38376235961914,0.013196528889238834,32.45001220703125
6584.5,4.196369647979736,12.341775894165039,0.012891647405922413,32.450008392333984
6586.0,4.316296100616455,11.829584121704102,0.01299056876450777,32.450008392333984
6587.5,4.2349958419799805,12.608675956726074,0.012780860997736454,32.45000457763672
6589.0,4.303526401519775,12.681270599365234,0.012637853622436523,32.45000076293945
6590.5,4.360227584838867,12.485172271728516,0.01263509877026081,32.45000076293945
6592.0,4.3398003578186035,12.294586181640625,0.012692512944340706,32.45000457763672
6593.5,4.293796539306641,12.103156089782715,0.012662660330533981,32.45000457763672
6595.0,4.300030708312988,12.914679527282715,0.01265657413750887,32.45000457763672
6596.5,4.410757064819336,12.467591285705566,0.013323826715350151,32.450008392333984
6598.0,4.505522727966309,11.357295989990234,0.013873123563826084,32.45001220703125
6599.5,4.507550239562988,11.93176555633545,0.013959858566522598,32.45001220703125
6601.0,4.497495174407959,12.586206436157227,0.013570094481110573,32.450008392333984
6602.5,4.4273271560668945,13.39155387878418,0.013087810017168522,32.45000457763672
6604.0,4.268270015716553,12.066563606262207,0.013180365785956383,32.450008392333984
6605.5,4.119917869567871,10.706012725830078,0.013668380677700043,32.450016021728516
6607.0,4.079716205596924,11.025809288024902,0.013812036253511906,32.450016021728516
6608.5,4.280550479888916,11.417641639709473,0.01329486258327961,32.450008392333984
6610.0,4.395284175872803,12.298882484436035,0.012751403264701366,32.49619674682617
6611.5,4.293304443359375,12.268769264221191,0.012579248286783695,32.496192932128906
6613.0,4.223720073699951,11.728761672973633,0.01255390327423811,32.496192932128906
6614.5,4.186511039733887,11.742973327636719,0.012699990533292294,32.496192932128906
6616.0,4.114208698272705,11.408147811889648,0.012682036496698856,32.496192932128906
6617.5,4.109169960021973,11.463356018066406,0.012713569216430187,32.542320251464844
6619.0,4.050841808319092,11.939163208007812,0.012704248540103436,32.542320251464844
6620.5,4.133859157562256,11.630374908447266,0.012836833484470844,32.496192932128906
6622.0,4.199219703674316,11.620307922363281,0.012926324270665646,32.496192932128906
6623.5,4.215865135192871,12.057809829711914,0.012821050360798836,32.496192932128906
6625.0,4.302926540374756,12.149171829223633,0.012666508555412292,32.496192932128906
6626.5,4.244718551635742,12.132255554199219,0.012692202813923359,32.496192932128906
6628.0,4.220526218414307,12.366594314575195,0.012749950401484966,32.43458938598633
6629.5,4.276664733886719,11.776021957397461,0.01296964194625616,32.434593200683594
6749.5,4.290866851806641,12.265641212463379,0.012055839411914349,32.419166564941406
6751.0,4.3535542488098145,12.294469833374023,0.011962288990616798,32.419166564941406
6752.5,4.238266944885254,11.783065795898438,0.011878788471221924,32.41916275024414
6754.0,4.1867523193359375,11.855350494384766,0.01180464681237936,32.419166564941406
6755.5,4.142319202423096,11.850302696228027,0.011765441857278347,32.419166564941406
6757.0,4.100739479064941,11.83509635925293,0.011726324446499348,32.419166564941406
6758.5,4.198566913604736,11.925863265991211,0.011815681122243404,32.419166564941406
6760.0,4.189995288848877,12.00681209564209,0.011800714768469334,32.419166564941406
6761.5,4.206683158874512,12.078020095825195,0.011778452433645725,32.419166564941406
6763.0,4.237700939178467,11.935483932495117,0.011842556297779083,32.419166564941406
6764.5,4.21058988571167,11.809172630310059,0.011798878200352192,32.48080062866211
6766.0,4.277843475341797,11.745096206665039,0.011819176375865936,32.48080062866211
6767.5,4.307083606719971,11.614142417907715,0.011836238205432892,32.48080062866211
6769.0,4.290650367736816,11.892935752868652,0.011825497262179852,32.48080062866211
6770.5,4.282093048095703,11.923194885253906,0.0118562625721097,32.480796813964844
6772.0,4.311193466186523,12.263590812683105,0.011846629902720451,32.46540069580078
6773.5,4.355887413024902,12.196545600891113,0.011875814758241177,32.46540069580078
6775.0,4.427593231201172,12.238737106323242,0.011938076466321945,32.40373611450195
6776.5,4.375418663024902,12.601778030395508,0.011913539841771126,32.40373611450195
6778.0,4.368211269378662,12.573883056640625,0.011880291625857353,32.40373611450195
6779.5,4.384742259979248,12.025300025939941,0.011943353340029716,32.40373611450195
6781.0,4.344032287597656,11.913910865783691,0.011909529566764832,32.40373611450195
6782.5,4.343449592590332,12.249139785766602,0.011879471130669117,32.40373611450195
6784.0,4.3852033615112305,11.886567115783691,0.011924825608730316,32.40373611450195
6785.5,4.336531162261963,11.735424041748047,0.011933739297091961,32.40373611450195
6787.0,4.343174934387207,12.219082832336426,0.011941236443817616,32.40373992919922
6788.5,4.305736541748047,11.976827621459961,0.01199129968881607,32.40373992919922
6790.0,4.206298351287842,11.356450080871582,0.011945684440433979,32.40373992919922
6791.5,4.181700706481934,11.519009590148926,0.011913834139704704,32.40373992919922
6793.0,4.297210693359375,12.052980422973633,0.011911708861589432,32.40373611450195
6794.5,4.278230667114258,12.14081859588623,0.011884070932865143,32.40373611450195
6796.0,4.326559066772461,12.246879577636719,0.011865213513374329,32.40373611450195
6797.5,4.341943264007568,11.803293228149414,0.011885840445756912,32.40373611450195
6799.0,4.137948036193848,11.156557083129883,0.011709777638316154,32.40373611450195
6800.5,4.013062953948975,11.195669174194336,0.011612406931817532,32.40373611450195
6802.0,4.056323528289795,11.429471015930176,0.011626879684627056,32.40373992919922
6803.5,3.997450113296509,11.275016784667969,0.011654977686703205,32.40373611450195
6805.0,3.9438228607177734,11.353206634521484,0.011705173179507256,32.40373611450195
6806.5,4.055699825286865,11.378623962402344,0.011737309396266937,32.40373611450195
6808.0,4.151936054229736,11.473796844482422,0.01176054123789072,32.40373611450195
6809.5,4.223188400268555,11.483976364135742,0.011855660937726498,32.40373992919922
6811.0,4.258388519287109,11.326656341552734,0.011882482096552849,32.40373611450195
6812.5,4.230572700500488,12.049749374389648,0.011821398511528969,32.40373611450195
6814.0,4.292593002319336,12.28564453125,0.01175176352262497,32.40373611450195
6815.5,4.381793975830078,12.009099960327148,0.011808074079453945,32.40373611450195
6817.0,4.254312992095947,11.863299369812012,0.0117168128490448,32.40373611450195
6818.5,4.248968124389648,11.842605590820312,0.01171025913208723,32.40373611450195
6820.0,4.354985237121582,11.903667449951172,0.011867079883813858,32.40373992919922
6821.5,4.3197922706604,11.868768692016602,0.01183907687664032,32.40373992919922
6823.0,4.282106399536133,12.254392623901367,0.011799495667219162,32.40373611450195
6824.5,4.312232494354248,12.204557418823242,0.011777208186686039,32.40373611450195
6826.0,4.249348163604736,11.826376914978027,0.011832572519779205,32.40373611450195
6827.5,4.1831488609313965,11.211166381835938,0.012586553581058979,32.40374755859375
6829.0,4.246278285980225,11.176592826843262,0.014605834148824215,32.40377426147461
6830.5,4.258802890777588,11.517095565795898,0.01674067974090576,32.403804779052734
6832.0,4.257201671600342,12.284444808959961,0.017931679263710976,32.40382766723633
6833.5,4.233404159545898,10.873008728027344,0.016890302300453186,32.40380859375
6835.0,4.0792365074157715,9.359490394592285,0.016314979642629623,32.40380096435547
6836.5,4.112279415130615,10.367635726928711,0.01656680554151535,32.403804779052734
6838.0,4.22194766998291,12.238349914550781,0.015568644739687443,32.40378952026367
6839.5,4.264820575714111,12.016522407531738,0.01349598914384842,32.40375900268555
6841.0,4.322605133056641,12.836115837097168,0.012328239157795906,32.403743743896484
6842.5,4.217992782592773,11.999244689941406,0.01270226202905178,32.403751373291016
6844.0,4.095980644226074,10.215003967285156,0.013144281692802906,32.40375518798828
6845.5,4.179345607757568,10.979231834411621,0.012764905579388142,32.403751373291016
6847.0,4.362945079803467,12.308858871459961,0.012249672785401344,32.403743743896484
6848.5,4.449757099151611,12.60423469543457,0.012019090354442596,32.40373992919922
6850.0,4.458462715148926,12.876192092895508,0.011986020021140575,32.40373992919922
6851.5,4.551242828369141,12.610084533691406,0.012228738516569138,32.40373611450195
6853.0,4.873428821563721,12.582195281982422,0.012523842044174671,32.40373992919922
6854.5,5.940339088439941,13.820138931274414,0.013204624876379967,32.40373992919922
6856.0,7.632203578948975,16.3269100189209,0.014244730584323406,32.40373992919922
6857.5,8.603946685791016,17.998178482055664,0.014646199531853199,32.40373611450195
6859.0,8.138713836669922,16.942113876342773,0.014206044375896454,32.40373611450195
6860.5,6.67531156539917,14.471905708312988,0.013211801648139954,32.40373611450195
6862.0,5.29596471786499,12.621601104736328,0.01267032790929079,32.40373992919922
6863.5,4.806667327880859,11.25528335571289,0.014456802979111671,32.40376281738281
6865.0,4.74038028717041,11.216772079467773,0.017962539568543434,32.4038200378418
6866.5,4.9521260261535645,11.144242286682129,0.019910037517547607,32.40385437011719
6868.0,6.141637325286865,12.203021049499512,0.0191364549100399,32.40382766723633
6869.5,11.230957984924316,22.10688591003418,0.019785573706030846,32.419212341308594
6871.0,20.45811653137207,36.22563171386719,0.024780675768852234,32.41920471191406
6872.5,28.47627067565918,43.933677673339844,0.02897809073328972,32.419219970703125
6874.0,27.655803680419922,42.76555633544922,0.02824242040514946,32.41921615600586
6875.5,19.477394104003906,32.99111557006836,0.023329095914959908,32.419193267822266
6877.0,11.345271110534668,21.902006149291992,0.018023354932665825,32.4191780090332
6878.5,6.969518184661865,15.948870658874512,0.014851252548396587,32.41917419433594
6880.0,4.933186054229736,13.498641967773438,0.013231607154011726,32.40374755859375
6881.5,4.395320892333984,11.654912948608398,0.013098596595227718,32.403751373291016
6883.0,4.255252838134766,10.262430191040039,0.013296653516590595,32.40375518798828
6884.5,4.2251787185668945,10.205422401428223,0.013041158206760883,32.403751373291016
6886.0,4.31605339050293,11.350765228271484,0.012679008767008781,32.40374755859375
6887.5,4.684332370758057,13.1514253616333,0.012732435017824173,32.403743743896484
6889.0,5.336818695068359,14.136333465576172,0.013811584562063217,32.403751373291016
6890.5,7.017391681671143,14.053125381469727,0.016149627044796944,32.403770446777344
6892.0,10.48129653930664,19.52614402770996,0.018541863188147545,32.40378189086914
6893.5,15.445730209350586,26.605161666870117,0.020248163491487503,32.403770446777344
6895.0,17.517333984375,31.31438636779785,0.02056439034640789,32.40375518798828
6896.5,14.490133285522461,26.714752197265625,0.01863446831703186,32.403751373291016
6898.0,10.128030776977539,20.11297607421875,0.016248377040028572,32.40374755859375
6899.5,6.869958400726318,14.788944244384766,0.014375393278896809,32.403743743896484
6901.0,5.05540657043457,11.630184173583984,0.013740758411586285,32.403751373291016
6902.5,4.577664375305176,11.278749465942383,0.014363220892846584,32.40376281738281
6904.0,4.345231056213379,11.034734725952148,0.014525475911796093,32.403770446777344
6905.5,4.256644248962402,11.374135971069336,0.013440399430692196,32.40375518798828
6907.0,4.23717737197876,12.234280586242676,0.012420125305652618,32.403743743896484
6908.5,4.2053375244140625,11.575132369995117,0.012005056254565716,32.40373992919922
6910.0,4.199347496032715,11.693991661071777,0.011847265996038914,32.40373992919922
6911.5,4.281433582305908,11.283052444458008,0.012305778451263905,32.403743743896484
6913.0,4.251803398132324,10.542837142944336,0.013467365875840187,32.40375518798828
6914.5,4.219428539276123,10.814030647277832,0.014803086407482624,32.4192008972168
6916.0,4.15279483795166,10.800582885742188,0.01473116222769022,32.4192008972168
6917.5,4.257283687591553,11.969053268432617,0.013067827560007572,32.4191780090332
6919.0,4.362137317657471,12.898216247558594,0.01193960476666689,32.48080062866211
6920.5,4.194293975830078,11.3616304397583,0.011638064868748188,32.480796813964844
6922.0,4.161942481994629,11.215728759765625,0.011996216140687466,32.48080062866211
6923.5,4.232350826263428,11.705717086791992,0.01402752660214901,32.48082733154297
6925.0,4.218454360961914,11.52538013458252,0.01629478670656681,32.480857849121094
6926.5,4.172493934631348,11.352954864501953,0.015880165621638298,32.48085403442383
6928.0,4.33253288269043,12.63514518737793,0.013948547653853893,32.46542739868164
6929.5,4.416049003601074,14.074226379394531,0.012286598794162273,32.46540832519531
6931.0,4.31593656539917,12.64654541015625,0.01177583821117878,32.40373611450195
6932.5,4.396338939666748,11.972528457641602,0.011830809526145458,32.40373611450195
6934.0,4.383933067321777,12.255420684814453,0.01171023678034544,32.40373611450195
6935.5,4.297205924987793,11.755681991577148,0.011625243350863457,32.40373611450195
6937.0,4.327955722808838,11.651893615722656,0.011545215733349323,32.40373229980469
6938.5,4.310776233673096,12.209525108337402,0.011997047811746597,32.40373992919922
6940.0,4.232999801635742,11.57196044921875,0.012987131252884865,32.403751373291016
6941.5,4.258199214935303,10.719182968139648,0.014239110052585602,32.40376663208008
6943.0,4.206608295440674,10.175424575805664,0.014439794234931469,32.403770446777344
6944.5,4.236424922943115,11.274896621704102,0.012813546694815159,32.403751373291016
6946.0,4.240598678588867,12.22244644165039,0.011782977730035782,32.40373611450195
6947.5,4.252972602844238,11.639822959899902,0.011934786103665829,32.40373992919922
6949.0,4.173061370849609,10.993016242980957,0.013349801301956177,32.40375900268555
6950.5,4.073028087615967,10.305103302001953,0.016171149909496307,32.40380096435547
6952.0,4.097833633422852,9.855369567871094,0.017426401376724243,32.40381622314453
6953.5,4.261260509490967,11.950274467468262,0.014848781749606133,32.403778076171875
6955.0,4.455969333648682,14.535406112670898,0.012666723690927029,32.40374755859375
6956.5,4.351974964141846,13.051263809204102,0.011832104995846748,32.40373992919922
6958.0,4.258532524108887,11.914216995239258,0.01172093115746975,32.40373611450195
6959.5,4.222427845001221,11.853492736816406,0.011653476394712925,32.40373611450195
6961.0,4.186798095703125,11.739667892456055,0.011634357273578644,32.40373611450195
6962.5,4.216803073883057,11.553056716918945,0.011517115868628025,32.40373611450195
6964.0,4.254614353179932,11.584308624267578,0.011544755659997463,32.40373611450195
6965.5,4.247882843017578,11.862478256225586,0.011465744115412235,32.40373611450195
6967.0,4.190248966217041,11.67238712310791,0.011500826105475426,32.40373611450195
6968.5,4.337724685668945,12.601828575134277,0.011933552101254463,32.40373992919922
6970.0,4.379343032836914,12.521095275878906,0.012586488388478756,32.403743743896484
6971.5,4.153906345367432,9.859524726867676,0.013531860895454884,32.40375518798828
6973.0,4.085094451904297,9.292009353637695,0.013667111285030842,32.40375900268555
6974.5,4.226624488830566,11.635868072509766,0.012728354893624783,32.40374755859375
6976.0,4.250576972961426,13.123247146606445,0.011768481694161892,32.40373992919922
6977.5,4.2395172119140625,13.74785327911377,0.012127459980547428,32.388309478759766
6979.0,4.222587585449219,11.052450180053711,0.01378441508859396,32.388328552246094
6980.5,3.964327096939087,7.466651916503906,0.01537075825035572,32.38835144042969
6982.0,3.9689154624938965,8.446144104003906,0.015191902406513691,32.38834762573242
6983.5,4.2296037673950195,12.682085037231445,0.013195179402828217,32.38832092285156
6985.0,4.340643405914307,13.176621437072754,0.011897989548742771,32.3883056640625
6986.5,4.272646427154541,11.988029479980469,0.011653918772935867,32.388301849365234
6988.0,4.317073345184326,12.14037036895752,0.011693348176777363,32.388301849365234
6989.5,4.305384635925293,11.871175765991211,0.01169220358133316,32.3883056640625
6991.0,4.204476833343506,11.372333526611328,0.011778110638260841,32.388301849365234
6992.5,4.295873641967773,11.425495147705078,0.011780532076954842,32.388301849365234
6994.0,4.360252857208252,11.60934829711914,0.011800567619502544,32.388301849365234
6995.5,4.297248363494873,11.872493743896484,0.011687531135976315,32.388301849365234
6997.0,4.297659397125244,11.761781692504883,0.011729799211025238,32.388301849365234
6998.5,4.242851734161377,11.78264045715332,0.011655391193926334,32.388301849365234
7000.0,4.197754859924316,11.619766235351562,0.011524911038577557,32.37286376953125
7001.5,4.236424922943115,11.567660331726074,0.011654626578092575,32.37286376953125
7003.0,4.421380996704102,12.74174690246582,0.011912941932678223,32.37286376953125
7004.5,4.22349214553833,11.539251327514648,0.01249435730278492,32.37287139892578
7006.0,4.080632209777832,10.113948822021484,0.012924548238515854,32.37287521362305
7007.5,4.101930141448975,10.846649169921875,0.012563059106469154,32.37287139892578
7009.0,4.192478179931641,12.09884262084961,0.012155658565461636,32.37286376953125
7010.5,4.296047687530518,13.164125442504883,0.012179603800177574,32.37286376953125
7012.0,4.256440162658691,11.89293098449707,0.013052503578364849,32.37287521362305
7013.5,4.106643199920654,9.20904541015625,0.013878455385565758,32.37288284301758
7015.0,4.07955265045166,9.762557983398438,0.013569786213338375,32.37288284301758
7016.5,4.180071830749512,11.937999725341797,0.012241638265550137,32.37287139892578
7018.0,4.192314624786377,12.456697463989258,0.011228756047785282,32.372859954833984
7019.5,4.229368686676025,11.93834114074707,0.011160608381032944,32.372859954833984
7021.0,4.2301764488220215,11.480083465576172,0.011163285933434963,32.372859954833984
7022.5,4.171392917633057,11.254303932189941,0.011187721975147724,32.372859954833984
7024.0,4.1755757331848145,11.354301452636719,0.011153793893754482,32.372859954833984
7025.5,4.234157085418701,11.633113861083984,0.01118453312665224,32.372859954833984
7027.0,4.283530235290527,11.760168075561523,0.011283591389656067,32.372859954833984
7028.5,4.50099515914917,12.145045280456543,0.011441679671406746,32.372859954833984
7030.0,5.019028186798096,12.979039192199707,0.011846198700368404,32.372859954833984
7031.5,5.9462199211120605,14.429305076599121,0.01277563814073801,32.37286376953125
7033.0,7.230057239532471,16.520370483398438,0.013843553140759468,32.37286376953125
7034.5,7.623068332672119,17.20466423034668,0.014216527342796326,32.37286376953125
7036.0,7.067409038543701,16.28850746154785,0.013822742737829685,32.372859954833984
7037.5,5.937612533569336,14.652792930603027,0.013010484166443348,32.372859954833984
7039.0,5.100381374359131,13.264686584472656,0.012176556512713432,32.372859954833984
7040.5,4.637579917907715,12.898494720458984,0.011837710626423359,32.372859954833984
7042.0,4.379573345184326,12.047460556030273,0.011896911077201366,32.37286376953125
7043.5,4.473488807678223,10.996625900268555,0.012118826620280743,32.372867584228516
7045.0,4.891960620880127,12.289350509643555,0.012305893935263157,32.372867584228516
7046.5,5.86325216293335,15.219672203063965,0.012728237546980381,32.372867584228516
7048.0,6.936307907104492,16.189430236816406,0.013623601756989956,32.37287139892578
7049.5,6.929906845092773,14.533465385437012,0.014628243632614613,32.37287902832031
7051.0,6.437710285186768,13.791173934936523,0.014616875909268856,32.37287902832031
7052.5,5.514828205108643,13.341054916381836,0.013644569553434849,32.37287521362305
7054.0,4.637289524078369,12.462030410766602,0.01252278033643961,32.372867584228516
7055.5,4.397401809692383,12.064103126525879,0.011918512172996998,32.357418060302734
7057.0,4.3305816650390625,11.901409149169922,0.01161067932844162,32.35741424560547
7058.5,4.1851396560668945,11.52431869506836,0.011339206248521805,32.3574104309082
7060.0,4.132881164550781,11.64607048034668,0.011242094449698925,32.3574104309082
7061.5,4.157680988311768,11.600780487060547,0.011215363629162312,32.3574104309082
7063.0,4.170087814331055,11.325824737548828,0.011341666802763939,32.35741424560547
7064.5,4.128764629364014,11.089212417602539,0.011439782567322254,32.35741424560547
7066.0,4.1025543212890625,11.025712013244629,0.011490818113088608,32.35741424560547
7067.5,4.1361212730407715,11.417461395263672,0.011539465747773647,32.35741424560547
7069.0,4.148393154144287,11.643600463867188,0.011578071862459183,32.35741424560547
7070.5,4.079063892364502,10.963800430297852,0.011498897336423397,32.35741424560547
7072.0,4.1062116622924805,10.850031852722168,0.011498341336846352,32.35741424560547
7073.5,4.147443771362305,11.319780349731445,0.011515595018863678,32.35741424560547
7075.0,4.051294803619385,11.41746711730957,0.011438418179750443,32.35741424560547
7076.5,4.0787129402160645,11.62890338897705,0.011467033065855503,32.35741424560547
7078.0,4.065921306610107,11.585108757019043,0.011439928784966469,32.35741424560547
7079.5,4.135586738586426,11.592531204223633,0.011454805731773376,32.35741424560547
7081.0,4.113308429718018,11.569643020629883,0.011454539373517036,32.35741424560547
7082.5,4.086807727813721,11.659429550170898,0.011518430896103382,32.35741424560547
7084.0,4.1917243003845215,11.494880676269531,0.01171074528247118,32.357418060302734
7085.5,4.218210220336914,11.078243255615234,0.01178932748734951,32.357418060302734
7087.0,4.258264064788818,12.013285636901855,0.011594844050705433,32.357418060302734
7088.5,4.185542106628418,12.420177459716797,0.011576546356081963,32.357418060302734
7090.0,4.168264865875244,11.255773544311523,0.011808925308287144,32.357421875
7091.5,4.099660873413086,10.740856170654297,0.011981056071817875,32.357421875
7093.0,4.1250786781311035,11.499961853027344,0.011810599826276302,32.357418060302734
7094.5,4.26068639755249,11.861690521240234,0.011565852910280228,32.35741424560547
7096.0,4.20365571975708,11.516369819641113,0.011351443827152252,32.35741424560547
7097.5,4.201417922973633,11.67232894897461,0.011209334246814251,32.3574104309082
7099.0,4.3031816482543945,11.943872451782227,0.011303463950753212,32.3574104309082
7100.5,4.257537364959717,11.386128425598145,0.01128825917840004,32.3574104309082
7102.0,4.216489315032959,11.468128204345703,0.011248708702623844,32.3574104309082
7103.5,4.194783687591553,11.785127639770508,0.011197304353117943,32.3574104309082
7105.0,4.133858680725098,11.6737060546875,0.011174208484590054,32.3574104309082
7106.5,4.135568141937256,11.5836820602417,0.01118351612240076,32.3574104309082
7108.0,4.105647563934326,11.396141052246094,0.011133788153529167,32.3574104309082
7109.5,4.116903781890869,11.502921104431152,0.011161518283188343,32.3574104309082
7111.0,4.200340270996094,11.793535232543945,0.011204359121620655,32.3574104309082
7112.5,4.253031253814697,12.031671524047852,0.011282917112112045,32.3574104309082
7114.0,4.241423606872559,12.004982948303223,0.011288998648524284,32.3574104309082
7115.5,4.215256214141846,11.836175918579102,0.011233813129365444,32.3574104309082
7117.0,4.090358734130859,11.301822662353516,0.011393669992685318,32.3574104309082
7118.5,4.054299831390381,11.310562133789062,0.011365300975739956,32.3574104309082
7120.0,3.9879724979400635,11.669872283935547,0.01137050986289978,32.3574104309082
7121.5,4.040966510772705,11.533309936523438,0.01137506403028965,32.3574104309082
7123.0,4.1070332527160645,11.38371467590332,0.01142312865704298,32.3574104309082
7124.5,4.090146064758301,11.269485473632812,0.011395452544093132,32.372859954833984
7126.0,4.118216037750244,11.703587532043457,0.011423254385590553,32.372859954833984
7127.5,4.16484260559082,11.852031707763672,0.01144323032349348,32.37286376953125
7129.0,4.172850608825684,11.23365592956543,0.0114870835095644,32.37286376953125
7130.5,4.1893086433410645,11.070863723754883,0.011552795767784119,32.37286376953125
7132.0,4.270977020263672,11.884000778198242,0.011469151824712753,32.37286376953125
7133.5,4.198268890380859,11.760010719299316,0.011461542919278145,32.372859954833984
7135.0,4.174121856689453,10.93681812286377,0.01158119272440672,32.37286376953125
7136.5,4.26060676574707,11.552396774291992,0.011573716066777706,32.35741424560547
7138.0,4.27363920211792,12.153785705566406,0.01139137800782919,32.3574104309082
7139.5,4.195608615875244,11.878759384155273,0.011193771846592426,32.3574104309082
7141.0,4.171810150146484,11.932440757751465,0.01113132108002901,32.3574104309082
7142.5,4.201454162597656,11.845649719238281,0.011317137628793716,32.3574104309082
7144.0,4.170260429382324,11.733526229858398,0.011561819352209568,32.35741424560547
7145.5,4.156332015991211,11.261846542358398,0.011844093911349773,32.357418060302734
7147.0,4.175786018371582,11.19198989868164,0.011889842338860035,32.357418060302734
7148.5,4.2171454429626465,11.519041061401367,0.011826176196336746,32.357418060302734
7150.0,4.235128879547119,11.553388595581055,0.011687717400491238,32.357418060302734
7151.5,4.13273811340332,11.199895858764648,0.011649100109934807,32.35741424560547
7153.0,4.0736083984375,11.003926277160645,0.01151794008910656,32.35741424560547
7154.5,4.157999515533447,11.487687110900879,0.011448043398559093,32.3574104309082
7156.0,4.206802845001221,11.968113899230957,0.011329339817166328,32.3574104309082
7157.5,4.152719020843506,11.748250961303711,0.011234620586037636,32.3574104309082
7159.0,4.189931869506836,11.487733840942383,0.011380190029740334,32.3574104309082
7160.5,4.146285533905029,11.13237190246582,0.01149924099445343,32.35741424560547
7162.0,4.063128471374512,11.262893676757812,0.011296568438410759,32.35741424560547
7163.5,4.1143293380737305,11.388261795043945,0.01137243490666151,32.37286376953125
7165.0,4.1439595222473145,11.317354202270508,0.01136005762964487,32.37286376953125
7166.5,4.030757904052734,11.27367877960205,0.011301837861537933,32.372859954833984
7168.0,4.009127616882324,11.00837230682373,0.011399902403354645,32.37286376953125
7169.5,4.0842790603637695,11.582135200500488,0.011587446555495262,32.37286376953125
7171.0,4.108128547668457,11.527615547180176,0.011699154041707516,32.37286376953125
7172.5,4.136139869689941,11.102529525756836,0.01174845639616251,32.37286376953125
7174.0,4.1688008308410645,12.286432266235352,0.011795159429311752,32.37286376953125
7175.5,4.13583517074585,12.38845443725586,0.011806754395365715,32.37286376953125
7177.0,4.154650688171387,11.436246871948242,0.012028430588543415,32.357418060302734
7178.5,4.2080559730529785,11.483397483825684,0.01208124402910471,32.357418060302734
7180.0,4.139885425567627,11.531160354614258,0.012037273496389389,32.357418060302734
7181.5,4.03908109664917,11.363574981689453,0.011793667450547218,32.357418060302734
7183.0,4.064733982086182,11.221792221069336,0.011776572093367577,32.35741424560547
7184.5,4.155715465545654,11.53105354309082,0.01194285973906517,32.419166564941406
7186.0,4.193770408630371,11.612014770507812,0.011982349678874016,32.419166564941406
7187.5,4.103111743927002,11.601001739501953,0.012021182104945183,32.419166564941406
7189.0,4.07884407043457,12.09186840057373,0.012008163146674633,32.419166564941406
7190.5,4.219865322113037,11.916223526000977,0.011897074058651924,32.41916275024414
7192.0,4.250953674316406,11.785408020019531,0.011701943352818489,32.41916275024414
7193.5,4.18527889251709,11.846738815307617,0.011721058748662472,32.37286376953125
7195.0,4.176747798919678,11.714815139770508,0.011785185895860195,32.37286376953125
7196.5,4.16689920425415,11.705833435058594,0.011706801131367683,32.372859954833984
7198.0,4.177539825439453,11.759271621704102,0.011496354825794697,32.372859954833984
7199.5,4.206373691558838,11.63606071472168,0.01155081670731306,32.372859954833984
7201.0,4.219571590423584,12.052509307861328,0.011718329973518848,32.35741424560547
7202.5,4.250154972076416,12.149600982666016,0.012037348002195358,32.35741424560547
7204.0,4.232077598571777,12.072546005249023,0.012067808769643307,32.357418060302734
7205.5,4.181568145751953,11.737668991088867,0.011770813725888729,32.35741424560547
7207.0,4.118894100189209,11.372421264648438,0.011618491262197495,32.35741424560547
7208.5,4.0872626304626465,11.560921669006348,0.011499780230224133,32.35741424560547
7210.0,4.165773391723633,12.026912689208984,0.0114682512357831,32.3574104309082
7211.5,4.21776008605957,11.971614837646484,0.011282410472631454,32.3574104309082
7213.0,4.195516109466553,11.790634155273438,0.01115194521844387,32.34195327758789
7214.5,4.235159397125244,11.83643913269043,0.01113487221300602,32.34195327758789
7216.0,4.283303737640381,11.913347244262695,0.011091137304902077,32.34195327758789
7217.5,4.335402011871338,11.89578914642334,0.011172434315085411,32.34195327758789
7219.0,4.380589008331299,12.094419479370117,0.011357619427144527,32.34195327758789
7220.5,4.303717613220215,11.856949806213379,0.011109520681202412,32.34195327758789
7222.0,4.2386651039123535,11.750904083251953,0.011186936870217323,32.32649230957031
7223.5,4.228307247161865,11.557197570800781,0.011286001652479172,32.32649230957031
7225.0,4.2979230880737305,11.415626525878906,0.011603133752942085,32.32649612426758
7226.5,4.271701812744141,11.553903579711914,0.011629516258835793,32.32649612426758
7228.0,4.238426208496094,12.032705307006836,0.011410062201321125,32.32649230957031
7229.5,4.225946426391602,12.220129013061523,0.011434027925133705,32.32649230957031
7231.0,4.180685520172119,11.642448425292969,0.011489400640130043,32.32649230957031
7232.5,4.274604320526123,11.71707534790039,0.01158878579735756,32.32649230957031
7234.0,4.30104398727417,11.973186492919922,0.011788204312324524,32.32649612426758
7235.5,4.250386714935303,11.190954208374023,0.012432887218892574,32.326499938964844
7237.0,4.288604736328125,10.937700271606445,0.012765046209096909,32.32650375366211
7238.5,4.32970666885376,12.473228454589844,0.013700305484235287,32.32651901245117
7240.0,4.1853203773498535,11.382312774658203,0.01642557978630066,32.326560974121094
7241.5,4.064410209655762,9.344085693359375,0.020762773230671883,32.32664108276367
7243.0,4.016984939575195,10.294107437133789,0.02328377217054367,32.326690673828125
7244.5,4.1134233474731445,9.900985717773438,0.022847458720207214,32.32667922973633
7246.0,4.092587471008301,8.706019401550293,0.023358842357993126,32.326690673828125
7247.5,3.970637321472168,9.159770011901855,0.022733930498361588,32.326683044433594
7249.0,4.116867542266846,11.49370002746582,0.02057279273867607,32.32663345336914
7250.5,4.168996334075928,11.14730167388916,0.015651945024728775,32.32654571533203
7252.0,4.120540618896484,10.218271255493164,0.012849757447838783,32.326507568359375
7253.5,4.1252665519714355,10.498708724975586,0.013391192071139812,32.326515197753906
7255.0,4.133718013763428,11.11927604675293,0.015286892652511597,32.3265380859375
7256.5,4.124200344085693,10.904346466064453,0.014880763366818428,32.326534271240234
7258.0,4.127007961273193,11.124421119689941,0.013683066703379154,32.32651901245117
7259.5,4.207888126373291,12.279247283935547,0.012962044216692448,32.326507568359375
7261.0,4.24832820892334,12.503450393676758,0.012214131653308868,32.32649612426758
7262.5,4.19881010055542,11.84245491027832,0.011904090642929077,32.32649612426758
7264.0,4.141488075256348,11.566495895385742,0.011803466826677322,32.32649230957031
7265.5,4.199404716491699,11.554049491882324,0.011892675422132015,32.32649612426758
7267.0,4.2995076179504395,12.314489364624023,0.01214658934623003,32.326499938964844
7268.5,4.273190975189209,12.589272499084473,0.01213634479790926,32.326499938964844
7270.0,4.17038631439209,11.768442153930664,0.01211415883153677,32.326499938964844
7271.5,4.24040412902832,11.544563293457031,0.012090411968529224,32.326499938964844
7273.0,4.273667335510254,11.522682189941406,0.012038908898830414,32.326499938964844
7274.5,4.245405673980713,12.153762817382812,0.012581449002027512,32.326507568359375
7276.0,4.221542835235596,11.063774108886719,0.015534088015556335,32.326541900634766
7277.5,3.8815343379974365,8.682255744934082,0.022312631830573082,32.3266716003418
7279.0,3.695283889770508,9.648113250732422,0.026726368814706802,32.32677459716797
7280.5,3.959876775741577,11.0296630859375,0.022424058988690376,32.3266716003418
7282.0,4.138032913208008,10.000683784484863,0.016204185783863068,32.3265495300293
7283.5,4.125730991363525,9.834059715270996,0.013754854910075665,32.32651901245117
7285.0,4.112759590148926,10.195371627807617,0.015302924439311028,32.3265380859375
7286.5,4.0990681648254395,10.867263793945312,0.017823509871959686,32.32658004760742
7288.0,4.111076354980469,10.713155746459961,0.01758275367319584,32.32657241821289
7289.5,4.094785213470459,10.064266204833984,0.014546321704983711,32.32653045654297
7291.0,4.250676155090332,12.340924263000488,0.01241748221218586,32.32650375366211
7292.5,4.2899956703186035,12.236572265625,0.012023603543639183,32.326499938964844
7294.0,4.251307964324951,11.526968002319336,0.012108154594898224,32.326499938964844
7295.5,4.291748046875,12.671749114990234,0.012430485337972641,32.32650375366211
7297.0,4.207818031311035,11.443448066711426,0.013153339736163616,32.32651138305664
7298.5,4.066854476928711,9.455471992492676,0.013639137148857117,32.32651901245117
7300.0,4.159096717834473,10.624200820922852,0.012998917140066624,32.32651138305664
7301.5,4.308952808380127,12.830241203308105,0.012006119824945927,32.326499938964844
7303.0,4.225795269012451,11.579245567321777,0.012211502529680729,32.326499938964844
7304.5,4.206206321716309,11.091535568237305,0.014084728434681892,32.32652282714844
7306.0,4.119798183441162,11.228257179260254,0.015673557296395302,32.32654571533203
7307.5,3.9772281646728516,10.564984321594238,0.014902675524353981,32.3265380859375
7309.0,4.064647674560547,12.555644989013672,0.01292281411588192,32.341976165771484
7310.5,4.166183948516846,13.437047958374023,0.011942884884774685,32.34196472167969
7312.0,4.127642631530762,11.778358459472656,0.011881424114108086,32.34196090698242
7313.5,4.0850982666015625,11.019338607788086,0.012090375646948814,32.34196472167969
7315.0,4.236188888549805,11.59459114074707,0.012674100697040558,32.34196853637695
7316.5,4.244027614593506,11.135208129882812,0.016232341527938843,32.342018127441406
7318.0,4.011813640594482,10.3631591796875,0.021120673045516014,32.342105865478516
7319.5,4.061376571655273,11.01966381072998,0.021424725651741028,32.34212112426758
7321.0,4.104706764221191,10.84920597076416,0.017870577052235603,32.342044830322266
7322.5,4.294111251831055,12.139137268066406,0.01336818840354681,32.341976165771484
7324.0,4.456752300262451,13.294462203979492,0.011588696390390396,32.34196090698242
7325.5,4.307381629943848,12.327709197998047,0.011178155429661274,32.341957092285156
7327.0,4.156862258911133,11.796097755432129,0.01104829367250204,32.341957092285156
7328.5,4.160295486450195,11.265222549438477,0.012082202360033989,32.34196472167969
7330.0,4.155869007110596,10.541389465332031,0.014731657691299915,32.342002868652344
7331.5,4.0559916496276855,10.166974067687988,0.017361141741275787,32.342044830322266
7333.0,4.006747245788574,10.760095596313477,0.016535526141524315,32.3420295715332
7334.5,4.245730400085449,13.107656478881836,0.013715501874685287,32.341983795166016
7336.0,4.3075785636901855,13.271333694458008,0.011797371320426464,32.34196090698242
7337.5,4.137798309326172,11.774984359741211,0.011255452409386635,32.341957092285156
7339.0,4.1887969970703125,12.357722282409668,0.011414478532969952,32.341957092285156
7340.5,4.206332206726074,11.293601989746094,0.013950187712907791,32.341983795166016
7342.0,4.10509729385376,9.60721206665039,0.01973598636686802,32.342079162597656
7343.5,4.210219383239746,10.386716842651367,0.023381471633911133,32.342159271240234
7345.0,4.237096309661865,11.117494583129883,0.02128305658698082,32.34211730957031
7346.5,4.197667121887207,11.656164169311523,0.01594354957342148,32.34201431274414
7348.0,4.228657245635986,13.194413185119629,0.012134549207985401,32.34196853637695
7349.5,4.134217739105225,12.167952537536621,0.011588354595005512,32.34196090698242
7351.0,4.067461013793945,11.077936172485352,0.011505953036248684,32.34196090698242
7352.5,4.148162841796875,11.2845458984375,0.011707308702170849,32.34196090698242
7354.0,4.105102062225342,10.84058666229248,0.01166228111833334,32.32649612426758
7355.5,4.026264190673828,10.755688667297363,0.011502988636493683,32.32649612426758
7357.0,4.136967658996582,11.269465446472168,0.011647728271782398,32.32649230957031
7358.5,4.089836597442627,10.597173690795898,0.013123773969709873,32.326507568359375
7360.0,4.026619911193848,9.693319320678711,0.015968693420290947,32.32654571533203
7361.5,4.105260372161865,10.273836135864258,0.017048679292201996,32.326560974121094
7363.0,4.282447814941406,12.52069091796875,0.015460905618965626,32.326541900634766
7364.5,4.3535475730896,13.989982604980469,0.013245129026472569,32.32651138305664
7366.0,4.274599552154541,12.564004898071289,0.012106437236070633,32.32649612426758
7367.5,4.197863578796387,10.727376937866211,0.012270080856978893,32.326499938964844
7369.0,4.17473840713501,9.959609985351562,0.014065179973840714,32.32652282714844
7370.5,4.170385360717773,9.8417329788208,0.01849999651312828,32.326595306396484
7372.0,4.025918483734131,11.043460845947266,0.02169639989733696,32.32666778564453
7373.5,4.072895050048828,11.177799224853516,0.019344855099916458,32.32661437988281
7375.0,4.334694862365723,14.027427673339844,0.014355300925672054,32.32653045654297
7376.5,4.413967132568359,14.501022338867188,0.012186295352876186,32.326499938964844
7378.0,4.301646709442139,12.503754615783691,0.01149715855717659,32.32649612426758
7379.5,4.304607391357422,11.57615852355957,0.011328032240271568,32.32649230957031
7381.0,4.279006004333496,11.410414695739746,0.011242193169891834,32.32649230957031
7382.5,4.250970840454102,11.98259162902832,0.011153745464980602,32.32649230957031
7384.0,4.282948970794678,12.181642532348633,0.011209288612008095,32.32649230957031
7385.5,4.198070526123047,11.533571243286133,0.011216801591217518,32.32649230957031
7387.0,4.191111087799072,11.576904296875,0.011198311112821102,32.32649230957031
7388.5,4.126135349273682,11.046466827392578,0.011081404983997345,32.32648849487305
7390.0,3.9769668579101562,9.84762191772461,0.011067799292504787,32.32649230957031
7391.5,3.92718768119812,10.355252265930176,0.011947072111070156,32.326499938964844
7393.0,4.01232385635376,10.786375045776367,0.013660915195941925,32.32651901245117
7394.5,3.9563865661621094,9.311590194702148,0.015351531095802784,32.326541900634766
7396.0,3.952733278274536,9.867704391479492,0.01501365378499031,32.3265380859375
7397.5,4.150461673736572,12.50255012512207,0.012984265573322773,32.326507568359375
7399.0,4.185793876647949,12.676515579223633,0.011577295139431953,32.32649230957031
7400.5,4.096418380737305,10.852874755859375,0.012018339708447456,32.32649612426758
7402.0,4.015014171600342,10.134929656982422,0.014413061551749706,32.3265266418457
7403.5,3.9504055976867676,9.565303802490234,0.018216725438833237,32.32658386230469
7405.0,3.952524185180664,9.235872268676758,0.01958741433918476,32.32661056518555
7406.5,4.076335906982422,11.58311653137207,0.0163298100233078,32.32655334472656
7408.0,4.199831962585449,14.412087440490723,0.01248772069811821,32.32650375366211
7409.5,4.163982391357422,12.737771987915039,0.011357625015079975,32.32649230957031
7411.0,4.114351272583008,11.599113464355469,0.011113940738141537,32.32648849487305
7412.5,4.146384239196777,11.507564544677734,0.011257337406277657,32.32649230957031
7414.0,4.147761344909668,10.755678176879883,0.011308720335364342,32.32649230957031
7415.5,4.130007266998291,10.924234390258789,0.011408899910748005,32.32649612426758
7417.0,4.179802894592285,11.484612464904785,0.011394543573260307,32.32649230957031
7418.5,4.12190055847168,11.308367729187012,0.0112377954646945,32.32649230957031
7420.0,3.9319000244140625,11.0023832321167,0.011191574856638908,32.32649230957031
7421.5,3.882085084915161,11.250079154968262,0.011060499586164951,32.32649230957031
7423.0,3.899622917175293,11.482202529907227,0.011002938263118267,32.32649230957031
7424.5,3.823580026626587,10.852595329284668,0.011009268462657928,32.32648849487305
7426.0,3.722175359725952,10.182706832885742,0.011108853854238987,32.32649230957031
7427.5,3.7799384593963623,10.920865058898926,0.011079664342105389,32.32649230957031
7429.0,3.8531713485717773,12.454800605773926,0.011398005299270153,32.32649230957031
7430.5,3.7757930755615234,10.131640434265137,0.012547514401376247,32.326507568359375
7432.0,3.63909912109375,7.298617362976074,0.013834932819008827,32.32652282714844
7433.5,3.845950126647949,8.583531379699707,0.013440754264593124,32.32651901245117
7435.0,4.020785808563232,12.3638916015625,0.012094039469957352,32.32650375366211
7436.5,4.066797733306885,12.650671005249023,0.011365036480128765,32.32649612426758
7438.0,3.9313716888427734,10.249465942382812,0.011968281120061874,32.326499938964844
7439.5,3.882746696472168,9.895553588867188,0.013889292255043983,32.32652282714844
7441.0,3.9822158813476562,10.40710735321045,0.01568947359919548,32.32655334472656
7442.5,3.9918320178985596,10.60189437866211,0.01477617584168911,32.3265380859375
7444.0,4.06298303604126,12.29758358001709,0.012466286309063435,32.326507568359375
7445.5,4.005196571350098,12.051677703857422,0.01124286837875843,32.32649230957031
7447.0,3.946671724319458,10.982916831970215,0.010929450392723083,32.32649230957031
7448.5,3.9350225925445557,10.922744750976562,0.010873469524085522,32.32649230957031
7450.0,3.877342939376831,11.147309303283691,0.010862747207283974,32.32648849487305
7451.5,3.9292047023773193,11.08059310913086,0.01089411973953247,32.32649230957031
7453.0,3.983471155166626,10.92146110534668,0.010991566814482212,32.32649230957031
7454.5,3.986488103866577,11.101329803466797,0.010998406447470188,32.32649230957031
7456.0,3.9922595024108887,11.215251922607422,0.011035667732357979,32.32649230957031
7457.5,3.9499671459198,11.041537284851074,0.010981201194226742,32.32649230957031
7459.0,3.87550687789917,10.526107788085938,0.010983573272824287,32.32649230957031
7460.5,3.950371026992798,10.933365821838379,0.011170794256031513,32.32649230957031
7462.0,3.9968700408935547,11.160690307617188,0.011419056914746761,32.32649612426758
7568.5,3.9154372215270996,10.446342468261719,0.011650722473859787,32.32649612426758
7570.0,3.8895514011383057,9.949187278747559,0.011939437128603458,32.326499938964844
7571.5,3.884514093399048,9.538273811340332,0.013353617861866951,32.32651901245117
7573.0,4.077894687652588,9.784980773925781,0.015918970108032227,32.32655334472656
7574.5,4.145102500915527,10.881695747375488,0.017791742458939552,32.32658386230469
7576.0,4.015897750854492,10.6962890625,0.016629241406917572,32.32656478881836
7577.5,4.036717891693115,10.487754821777344,0.013790551573038101,32.32651901245117
7579.0,4.129485607147217,12.047172546386719,0.011945569887757301,32.326499938964844
7580.5,4.052533149719238,11.767908096313477,0.011233603581786156,32.32649230957031
7582.0,4.032247066497803,11.326719284057617,0.011090364307165146,32.32649230957031
7583.5,4.08276891708374,11.329385757446289,0.011055122129619122,32.32649230957031
7585.0,3.905000925064087,10.395096778869629,0.011322643607854843,32.32649230957031
7586.5,3.809175968170166,9.45078182220459,0.012553144246339798,32.32650375366211
7588.0,3.8225955963134766,9.214101791381836,0.014266306534409523,32.32653045654297
7589.5,3.868090867996216,9.555063247680664,0.014152543619275093,32.3265266418457
7591.0,3.987208843231201,11.39189338684082,0.012921798974275589,32.32651138305664
7592.5,4.06974983215332,12.721406936645508,0.011643147096037865,32.32649612426758
7594.0,4.058046817779541,11.23049545288086,0.011366458609700203,32.32649230957031
7595.5,4.022853374481201,11.040918350219727,0.012134477496147156,32.326499938964844
7597.0,4.313979625701904,15.145673751831055,0.013962139375507832,32.32651138305664
7598.5,4.303452491760254,15.399192810058594,0.018144531175494194,32.326568603515625
7600.0,3.622053861618042,7.766267776489258,0.02393706515431404,32.311214447021484
7601.5,3.5004942417144775,6.136480331420898,0.0282101109623909,32.31132125854492
7603.0,4.312249660491943,12.397005081176758,0.028509879484772682,32.311317443847656
7604.5,4.56538724899292,18.693336486816406,0.026143625378608704,32.31123733520508
7606.0,4.401523590087891,15.558159828186035,0.025076163932681084,32.31120300292969
7607.5,4.238341808319092,14.28327751159668,0.02531195804476738,32.31120681762695
7609.0,4.2134904861450195,15.158305168151855,0.024882987141609192,32.311195373535156
7610.5,4.3072896003723145,14.31782341003418,0.02344577945768833,32.3111686706543
7612.0,4.336930274963379,14.189435958862305,0.022216156125068665,32.3111457824707
7613.5,4.150815010070801,13.45391845703125,0.020471395924687386,32.311126708984375
7615.0,4.064593315124512,12.784071922302246,0.01843760348856449,32.31109619140625
7616.5,4.159317493438721,13.909124374389648,0.01672043278813362,32.31107711791992
7618.0,4.160951614379883,13.334761619567871,0.015992581844329834,32.31106948852539
7619.5,3.876265525817871,8.909411430358887,0.015590912662446499,32.311073303222656
7621.0,3.783506155014038,7.6752729415893555,0.015237131156027317,32.31106948852539
7622.5,4.0943121910095215,10.085732460021973,0.014939343556761742,32.311065673828125
7624.0,4.127032279968262,12.620580673217773,0.015129823237657547,32.31106185913086
7625.5,4.049565315246582,12.175334930419922,0.01591147854924202,32.31106948852539
7627.0,4.155074119567871,14.02975082397461,0.01657596230506897,32.31107711791992
7628.5,4.126041412353516,14.870149612426758,0.018150588497519493,32.311100006103516
7630.0,3.8637242317199707,8.68050765991211,0.021392928436398506,32.31116485595703
7631.5,3.7523605823516846,6.748712539672852,0.023174481466412544,32.31119918823242
7633.0,3.8297910690307617,9.710878372192383,0.0210367850959301,32.3111572265625
7634.5,4.080498218536377,13.892215728759766,0.01785489358007908,32.31109619140625
7636.0,4.203301906585693,13.043794631958008,0.015875892713665962,32.311065673828125
7637.5,4.10150671005249,12.463762283325195,0.015557266771793365,32.34199523925781
7639.0,4.067773818969727,12.182076454162598,0.015385141596198082,32.35744857788086
7640.5,4.090543746948242,12.034931182861328,0.014783255755901337,32.35744094848633
7642.0,4.2053728103637695,13.028741836547852,0.015062759630382061,32.357444763183594
7643.5,4.166177272796631,13.0538330078125,0.014996574260294437,32.357444763183594
7645.0,4.073609828948975,11.850998878479004,0.014180105179548264,32.35743713378906
7646.5,4.149407386779785,11.83755111694336,0.014288796111941338,32.35743713378906
7648.0,4.205493927001953,12.29776382446289,0.014242559671401978,32.35743713378906
7649.5,4.088387489318848,11.220693588256836,0.013381799682974815,32.311038970947266
7651.0,4.073619365692139,11.52245044708252,0.013290504924952984,32.311038970947266
7652.5,4.200923919677734,13.109308242797852,0.013786469586193562,32.3110466003418
7654.0,4.051427364349365,11.525575637817383,0.013930441811680794,32.31105041503906
7655.5,3.896768569946289,9.33152961730957,0.014400368556380272,32.31106185913086
7657.0,3.979727268218994,10.269840240478516,0.014781277626752853,32.311065673828125
7658.5,4.013241767883301,11.607954978942871,0.013316784054040909,32.3110466003418
7660.0,4.0399065017700195,12.310340881347656,0.012126882560551167,32.311031341552734
7661.5,4.19789981842041,13.614517211914062,0.012534563429653645,32.31103515625
7663.0,4.141892433166504,11.93832015991211,0.014246493577957153,32.311058044433594
7664.5,3.879702568054199,7.994285583496094,0.015252006240189075,32.34200668334961
7666.0,3.8924121856689453,8.159027099609375,0.015035518445074558,32.34200668334961
7667.5,4.199447154998779,12.415925979614258,0.013896981254220009,32.34198760986328
7669.0,4.281792163848877,13.528457641601562,0.012401526793837547,32.34196853637695
7670.5,4.145390033721924,11.690711975097656,0.011629411019384861,32.34196090698242
7672.0,4.102697849273682,11.54500961303711,0.011440316215157509,32.341957092285156
7673.5,4.1849045753479,11.949272155761719,0.011677154339849949,32.34196090698242
7675.0,4.207530498504639,11.56912612915039,0.011771185323596,32.34196090698242
7676.5,4.093540668487549,11.388250350952148,0.011307969689369202,32.341957092285156
7678.0,4.087669849395752,11.921876907348633,0.011169534176588058,32.341957092285156
7679.5,4.193090915679932,12.230755805969238,0.011326187290251255,32.341957092285156
7681.0,4.13870906829834,11.888033866882324,0.011338254436850548,32.341957092285156
7682.5,4.054664611816406,11.436225891113281,0.011278633028268814,32.3110237121582
7684.0,4.119898319244385,11.129416465759277,0.011685768142342567,32.31102752685547
7685.5,4.1255412101745605,11.792034149169922,0.011728683486580849,32.31102752685547
7687.0,4.117568492889404,12.350313186645508,0.011711320839822292,32.31102752685547
7688.5,4.132768154144287,11.300704956054688,0.011836636811494827,32.311031341552734
7690.0,4.0337324142456055,10.96699333190918,0.011896716430783272,32.311031341552734
7691.5,4.023730754852295,11.708184242248535,0.012025159783661366,32.311031341552734
7693.0,4.116873264312744,11.190546035766602,0.012311125174164772,32.31103515625
7694.5,4.0943427085876465,10.222999572753906,0.012435704469680786,32.31103515625
7696.0,4.1010355949401855,11.048044204711914,0.012239296920597553,32.31103515625
7697.5,4.1734232902526855,12.377302169799805,0.011857251636683941,32.311031341552734
7699.0,4.158875942230225,12.683542251586914,0.01189898420125246,32.311031341552734
7700.5,4.048726558685303,10.490644454956055,0.012908367440104485,32.31104278564453
7702.0,3.905050754547119,8.742303848266602,0.013679027557373047,32.31105041503906
7703.5,3.9196319580078125,9.696928024291992,0.013087105937302113,32.3110466003418
7705.0,4.022064208984375,11.99075984954834,0.012096821330487728,32.31103515625
7706.5,4.0592474937438965,12.075738906860352,0.011425408534705639,32.3110237121582
7708.0,3.9976048469543457,10.728586196899414,0.011198237538337708,32.3110237121582
7709.5,4.034819602966309,10.385478973388672,0.01119452528655529,32.3110237121582
7711.0,4.054876804351807,10.630558013916016,0.011734704487025738,32.31102752685547
7712.5,3.885056257247925,10.139102935791016,0.01498643308877945,32.31106948852539
7714.0,4.00044059753418,10.805822372436523,0.020506661385297775,32.311161041259766
7715.5,4.177783012390137,11.48031234741211,0.02371847629547119,32.31122970581055
7717.0,4.060843467712402,10.489404678344727,0.024749819189310074,32.311256408691406
7718.5,3.9906599521636963,9.489018440246582,0.025248179212212563,32.3112678527832
7720.0,4.125447750091553,10.787683486938477,0.024054501205682755,32.311241149902344
7721.5,4.137426853179932,9.671262741088867,0.020562343299388885,32.311161041259766
7723.0,4.162166595458984,9.633411407470703,0.01563747599720955,32.295597076416016
7724.5,4.182384490966797,10.750349044799805,0.013799278996884823,32.29557418823242
7726.0,4.220418453216553,11.270246505737305,0.01457536593079567,32.29558563232422
7727.5,4.2266845703125,10.709171295166016,0.01542427483946085,32.295597076416016
7729.0,4.170749187469482,10.190207481384277,0.015567637979984283,32.29560089111328
7730.5,4.202514171600342,11.657196044921875,0.014070570468902588,32.29557800292969
7732.0,4.240991115570068,13.551399230957031,0.012308258563280106,32.295555114746094
7733.5,4.157374382019043,12.801173210144043,0.011734857223927975,32.31102752685547
7735.0,4.099176406860352,11.842540740966797,0.011853843927383423,32.31102752685547
7736.5,4.062723636627197,10.881401062011719,0.012830372899770737,32.31103515625
7738.0,3.976660966873169,10.170507431030273,0.013488191179931164,32.311038970947266
7739.5,3.99275803565979,11.33354663848877,0.013108460232615471,32.311038970947266
7741.0,4.064918518066406,12.32158088684082,0.012609927915036678,32.311031341552734
7742.5,4.058050155639648,11.29341983795166,0.012488980777561665,32.31102752685547
7744.0,4.04193115234375,10.712364196777344,0.012018180452287197,32.31102752685547
7745.5,4.132026195526123,11.516754150390625,0.011639260686933994,32.31102752685547
7747.0,4.176774024963379,12.030336380004883,0.011498013511300087,32.29554748535156
7748.5,4.166982173919678,11.064830780029297,0.012271079234778881,32.295555114746094
7750.0,4.026190757751465,9.982856750488281,0.015048159286379814,32.29559326171875
7751.5,3.949031352996826,9.978372573852539,0.021231913939118385,32.29570007324219
7753.0,4.1449127197265625,11.117965698242188,0.02635123021900654,32.29581832885742
7754.5,4.097752094268799,9.466575622558594,0.024928152561187744,32.34218978881836
7756.0,3.85691499710083,7.6267476081848145,0.018513794988393784,32.34205627441406
7757.5,3.99680233001709,9.366525650024414,0.013799609616398811,32.341983795166016
7759.0,4.154818058013916,11.309261322021484,0.012922066263854504,32.341976165771484
7760.5,4.055866718292236,10.577434539794922,0.014938799664378166,32.342002868652344
7762.0,4.051249027252197,10.929093360900879,0.017905017361044884,32.3420524597168
7763.5,4.068540573120117,10.59182357788086,0.017957791686058044,32.3420524597168
7765.0,4.0429911613464355,9.947958946228027,0.015110945329070091,32.34200668334961
7766.5,4.077329158782959,11.352652549743652,0.012202105484902859,32.295555114746094
7768.0,4.09082555770874,12.773738861083984,0.01131526194512844,32.2955436706543
7769.5,4.060941219329834,11.601490020751953,0.011278555728495121,32.2955436706543
7771.0,4.092756748199463,11.564903259277344,0.011508519761264324,32.29554748535156
7772.5,4.166241645812988,13.337953567504883,0.012048427946865559,32.29555130004883
7774.0,4.026052474975586,11.870170593261719,0.01312338374555111,32.29556655883789
7775.5,3.8509418964385986,8.011880874633789,0.014719793573021889,32.29558563232422
7777.0,3.9765472412109375,8.093076705932617,0.014821379445493221,32.29558563232422
7778.5,4.082906723022461,9.78670883178711,0.013308933936059475,32.29556655883789
7780.0,3.9734437465667725,9.81590461730957,0.012725159525871277,32.295562744140625
7781.5,3.947493314743042,9.262386322021484,0.014559566974639893,32.29558563232422
7783.0,4.048623085021973,10.662185668945312,0.016469214111566544,32.29561233520508
7784.5,4.094347953796387,12.67129898071289,0.015415538102388382,32.29560089111328
7786.0,4.123799800872803,13.540750503540039,0.013206284493207932,32.29556655883789
7787.5,4.108616352081299,12.39936637878418,0.01209324412047863,32.295555114746094
7789.0,4.065921783447266,11.520265579223633,0.011843770742416382,32.29555130004883
7790.5,4.053333282470703,11.261446952819824,0.011983019299805164,32.295555114746094
7792.0,4.025728225708008,11.004243850708008,0.012647073715925217,32.29555892944336
7793.5,3.9561400413513184,11.04494571685791,0.014522010460495949,32.34199523925781
7795.0,3.93082594871521,10.307881355285645,0.018941162154078484,32.342071533203125
7796.5,4.022992134094238,9.29768180847168,0.023273326456546783,32.34215545654297
7798.0,4.1865553855896,10.162263870239258,0.022150589153170586,32.34212875366211
7799.5,4.276246070861816,13.037985801696777,0.01657705567777157,32.34202194213867
7801.0,4.287006378173828,14.920618057250977,0.01235478650778532,32.34196853637695
7802.5,4.184071063995361,13.02237319946289,0.011469334363937378,32.34196090698242
7804.0,4.121165752410889,11.61404800415039,0.01132685411721468,32.341957092285156
7805.5,4.1539459228515625,11.495479583740234,0.011337701231241226,32.341957092285156
7807.0,4.101635932922363,11.109100341796875,0.011594276875257492,32.34196090698242
7808.5,4.092957973480225,10.68306827545166,0.013603813014924526,32.341983795166016
7810.0,4.141726016998291,10.507040023803711,0.017320780083537102,32.342041015625
7811.5,4.056606292724609,9.561166763305664,0.018140191212296486,32.34205627441406
7813.0,4.045876502990723,9.952851295471191,0.01616239733994007,32.29560470581055
7814.5,4.1464972496032715,12.036407470703125,0.013373689725995064,32.29556655883789
7816.0,4.181681156158447,12.7396879196167,0.01215590164065361,32.295555114746094
7817.5,4.1872172355651855,11.239568710327148,0.012130390852689743,32.29555130004883
7819.0,4.160445213317871,10.77039623260498,0.012308022007346153,32.295555114746094
7820.5,4.193469047546387,11.375150680541992,0.013902198523283005,32.29557418823242
7822.0,4.226363658905029,10.933063507080078,0.018495291471481323,32.2956428527832
7823.5,4.15811824798584,10.754623413085938,0.025463704019784927,32.29579544067383
7825.0,4.123998165130615,10.804342269897461,0.025889787822961807,32.295806884765625
7826.5,4.019090175628662,9.138442993164062,0.019206764176487923,32.29566192626953
7828.0,3.9921064376831055,9.399328231811523,0.013356582261621952,32.29556655883789
7829.5,4.118252277374268,11.130439758300781,0.011911056004464626,32.29555130004883
7831.0,4.202471733093262,11.234347343444824,0.011874382384121418,32.29555130004883
7832.5,4.212361812591553,11.214576721191406,0.011801703833043575,32.31102752685547
7834.0,4.211023807525635,12.004966735839844,0.011665056459605694,32.31102752685547
7835.5,4.1712646484375,11.831438064575195,0.011623862199485302,32.31102752685547
7837.0,4.158788204193115,11.665817260742188,0.011621481738984585,32.31102752685547
7838.5,4.128498077392578,11.596943855285645,0.011739510111510754,32.31102752685547
7840.0,4.062317848205566,10.854109764099121,0.011920776218175888,32.31102752685547
7841.5,4.021354675292969,10.699357986450195,0.01386525109410286,32.31105041503906
7843.0,4.064765930175781,10.5235013961792,0.01725299470126629,32.31110382080078
7844.5,4.0047221183776855,9.311487197875977,0.017909863963723183,32.31111526489258
7846.0,3.94319224357605,10.336536407470703,0.015705864876508713,32.31107711791992
7847.5,4.109823226928711,13.846010208129883,0.012767667882144451,32.29555892944336
7849.0,4.094923496246338,13.078629493713379,0.012009501457214355,32.29555130004883
7850.5,3.9473040103912354,10.635026931762695,0.013361822813749313,32.29556655883789
7852.0,3.965853214263916,11.093827247619629,0.01592070236802101,32.29560470581055
7853.5,3.963336944580078,9.846914291381836,0.01984921097755432,32.29567337036133
7855.0,3.8153879642486572,8.296615600585938,0.02631581388413906,32.29581832885742
7856.5,4.0340657234191895,9.768644332885742,0.029474852606654167,32.29590606689453
7858.0,4.170845031738281,10.81179428100586,0.023242492228746414,32.295745849609375
7859.5,3.97925066947937,9.564340591430664,0.017777904868125916,32.29563522338867
7861.0,3.8776934146881104,9.352462768554688,0.017153210937976837,32.295623779296875
7862.5,3.9371936321258545,9.451265335083008,0.019544579088687897,32.2956657409668
7864.0,4.052815914154053,10.17469596862793,0.02013232558965683,32.29567337036133
7865.5,4.216704845428467,12.558621406555176,0.016367441043257713,32.29560852050781
7867.0,4.19008731842041,12.378986358642578,0.013262053951621056,32.29556655883789
7868.5,3.975229501724243,9.503033638000488,0.013868835754692554,32.29557800292969
7870.0,4.016678810119629,9.96585750579834,0.015849847346544266,32.31108474731445
7871.5,4.214139461517334,12.012771606445312,0.018613247200846672,32.35751724243164
7873.0,4.187376499176025,12.191854476928711,0.020629731938242912,32.35755920410156
7874.5,4.095493793487549,10.38580322265625,0.01918649673461914,32.38842010498047
7876.0,4.163735866546631,9.564263343811035,0.015550226904451847,32.38835906982422
7877.5,4.172656059265137,10.257397651672363,0.01292461808770895,32.38832092285156
7879.0,4.051987171173096,10.779870986938477,0.013422111049294472,32.388328552246094
7880.5,4.017086505889893,10.376543045043945,0.016163593158125877,32.38836669921875
7882.0,4.022666931152344,10.487381935119629,0.018468674272298813,32.38840866088867
7883.5,4.039880275726318,10.818624496459961,0.01833842135965824,32.388404846191406
7885.0,4.073968410491943,11.043355941772461,0.016775690019130707,32.295623779296875
7886.5,4.115545749664307,10.907283782958984,0.014756113290786743,32.295589447021484
7888.0,4.223056793212891,11.48611831665039,0.013228675350546837,32.29556655883789
7889.5,4.043371200561523,9.726201057434082,0.014825787395238876,32.35745620727539
7891.0,3.893946409225464,8.0767183303833,0.019139382988214493,32.35752487182617
7892.5,4.128462314605713,9.316123008728027,0.02152259647846222,32.35757064819336
7894.0,4.200779438018799,11.084747314453125,0.019945774227380753,32.35753631591797
7895.5,4.176269054412842,11.544715881347656,0.015430103056132793,32.35746383666992
7897.0,4.240524768829346,12.450704574584961,0.012708807364106178,32.34197235107422
7993.0,3.8027405738830566,10.389229774475098,0.01523525919765234,32.29559326171875
7994.5,3.610469102859497,8.674365997314453,0.023166678845882416,32.295738220214844
7996.0,3.6161112785339355,9.286632537841797,0.029799018055200577,32.29591751098633
7997.5,3.842810869216919,10.285820960998535,0.025911003351211548,32.29580307006836
7999.0,3.799755334854126,9.741333961486816,0.01699734851717949,32.295623779296875
8000.5,3.852853298187256,10.847818374633789,0.012961087748408318,32.29556655883789
8002.0,3.953340530395508,11.981290817260742,0.01177593320608139,32.29555130004883
8003.5,3.8977179527282715,11.014673233032227,0.011653028428554535,32.29555130004883
8005.0,3.874190092086792,10.689432144165039,0.011730211786925793,32.29555130004883
8006.5,3.958946466445923,10.910715103149414,0.011680594645440578,32.29554748535156
8008.0,4.008261203765869,11.019804954528809,0.011560788378119469,32.29554748535156
8009.5,4.0059309005737305,11.356611251831055,0.011519727297127247,32.2955436706543
8011.0,3.9617416858673096,11.430171966552734,0.01144145242869854,32.2955436706543
8012.5,3.918879747390747,10.880632400512695,0.011756937019526958,32.29554748535156
8014.0,3.8565762042999268,9.972116470336914,0.013084828853607178,32.295562744140625
8015.5,3.794801712036133,9.154502868652344,0.016070028766989708,32.342018127441406
8017.0,3.8302509784698486,9.501043319702148,0.018088359385728836,32.34205627441406
8018.5,3.825056314468384,10.793819427490234,0.01660473644733429,32.34203338623047
8020.0,3.81284236907959,11.622441291809082,0.013421942479908466,32.341983795166016
8021.5,3.8421568870544434,10.742254257202148,0.01254709530621767,32.34197235107422
8023.0,3.8086819648742676,10.180183410644531,0.012529364787042141,32.34197235107422
8024.5,3.8099124431610107,10.970653533935547,0.012936457991600037,32.341976165771484
8026.0,3.804051160812378,12.36259937286377,0.01670272834599018,32.295616149902344
8027.5,3.6632297039031982,10.9622802734375,0.023070618510246277,32.295745849609375
8029.0,3.4399118423461914,8.502077102661133,0.024991465732455254,32.29578399658203
8030.5,3.35192608833313,8.032670974731445,0.021245157346129417,32.29570007324219
8032.0,3.5335018634796143,9.83237075805664,0.015718743205070496,32.29560470581055
8033.5,3.6840450763702393,10.683820724487305,0.012298100627958775,32.295562744140625
8035.0,3.52201509475708,9.680883407592773,0.010742337442934513,32.29555130004883
8036.5,3.520418643951416,9.142549514770508,0.01025185827165842,32.29554748535156
8038.0,3.746694803237915,9.492264747619629,0.010650443844497204,32.2955436706543
8039.5,3.7876205444335938,9.508049011230469,0.010848401114344597,32.29553985595703
8041.0,3.7956161499023438,9.41923713684082,0.01091004442423582,32.2955436706543
8042.5,3.861070156097412,9.157508850097656,0.011067383922636509,32.2955436706543
8044.0,3.7846810817718506,8.798905372619629,0.011095523834228516,32.2955436706543
8045.5,3.753171443939209,9.136322021484375,0.010951925069093704,32.2955436706543
8047.0,3.8075790405273438,9.570562362670898,0.0108332559466362,32.2955436706543
8048.5,3.792900800704956,9.328804016113281,0.010859633795917034,32.2955436706543
8050.0,3.767599582672119,9.194092750549316,0.010984535329043865,32.2955436706543
8051.5,3.7296159267425537,9.502105712890625,0.011754131875932217,32.29555130004883
8053.0,3.7910258769989014,10.361515045166016,0.013919683173298836,32.29557800292969
8054.5,3.8809261322021484,10.032230377197266,0.01585933193564415,32.29560852050781
8056.0,3.791712999343872,9.12105655670166,0.015141032636165619,32.29559326171875
8057.5,3.7803707122802734,9.654937744140625,0.012859752401709557,32.295562744140625
8059.0,3.9207723140716553,10.81765365600586,0.011274807155132294,32.32649230957031
8060.5,3.898589849472046,10.327451705932617,0.011163182556629181,32.32649230957031
8062.0,3.7251505851745605,9.25423812866211,0.012670879252254963,32.32651138305664
8063.5,3.6475844383239746,9.284297943115234,0.016468921676278114,32.32656478881836
8065.0,3.7217485904693604,10.208976745605469,0.019229047000408173,32.32661819458008
8066.5,3.863337516784668,11.396225929260254,0.017342260107398033,32.32658386230469
8068.0,3.9757673740386963,12.267498970031738,0.013456832617521286,32.32652282714844
8069.5,3.9202828407287598,10.845010757446289,0.011547142639756203,32.31102752685547
8071.0,3.823270559310913,9.299448013305664,0.011023880913853645,32.3110237121582
8072.5,3.8542423248291016,9.417062759399414,0.01094621792435646,32.31101989746094
8074.0,3.8473808765411377,9.541204452514648,0.010949350893497467,32.31101989746094
8075.5,3.7985236644744873,9.551923751831055,0.010992160998284817,32.3110237121582
8209.0,3.864423990249634,10.921545028686523,0.012168927118182182,32.32650375366211
8210.5,3.8279776573181152,10.448134422302246,0.012145482935011387,32.32650375366211
8212.0,3.7421538829803467,9.512414932250977,0.01194548700004816,32.32650375366211
8213.5,3.7905313968658447,9.249324798583984,0.011701029725372791,32.326499938964844
8215.0,3.833967447280884,9.564512252807617,0.011731118895113468,32.326499938964844
8216.5,3.835200548171997,9.372507095336914,0.011730718426406384,32.326499938964844
8218.0,3.8251209259033203,8.813919067382812,0.011710618622601032,32.326499938964844
8219.5,3.798145055770874,8.80533218383789,0.011556470766663551,32.32649612426758
8221.0,3.83988881111145,9.109814643859863,0.011531079187989235,32.32649612426758
8222.5,3.8240184783935547,9.288862228393555,0.011402126401662827,32.32649612426758
8224.0,3.8004496097564697,9.1818265914917,0.011453027836978436,32.32649230957031
8225.5,3.815545082092285,8.945213317871094,0.01167819183319807,32.32649612426758
8227.0,3.83488130569458,8.994482040405273,0.011828742921352386,32.32649612426758
8228.5,3.859551191329956,9.187262535095215,0.012125437147915363,32.34196090698242
8230.0,3.8494699001312256,9.197755813598633,0.012491310946643353,32.34196472167969
8231.5,3.862624168395996,9.105627059936523,0.01276263128966093,32.34196472167969
8233.0,3.8883118629455566,9.614025115966797,0.012473448179662228,32.34196472167969
8234.5,3.857095956802368,9.693724632263184,0.011974613182246685,32.34196090698242
8236.0,3.8565502166748047,9.456778526306152,0.011729711666703224,32.34196090698242
8237.5,3.817371368408203,9.208372116088867,0.011378975585103035,32.341957092285156
8239.0,3.755263090133667,9.163007736206055,0.011068427003920078,32.32649230957031
8240.5,3.829608917236328,9.2579345703125,0.011163804680109024,32.32649230957031
8242.0,3.831333875656128,9.167669296264648,0.011325337924063206,32.32649230957031
8243.5,3.772953748703003,8.765739440917969,0.011463048867881298,32.34196090698242
8245.0,3.7903170585632324,8.934284210205078,0.01178656704723835,32.34196472167969
8246.5,3.811979293823242,9.362464904785156,0.011675122193992138,32.357418060302734
8248.0,3.7557761669158936,9.184680938720703,0.011463522911071777,32.35741424560547
8249.5,3.709437608718872,8.66092300415039,0.011446565389633179,32.357418060302734
8251.0,3.7524497509002686,8.677665710449219,0.011565971188247204,32.357418060302734
8252.5,3.7873213291168213,9.300032615661621,0.011397884227335453,32.341957092285156
8254.0,3.7675743103027344,9.540496826171875,0.011069007217884064,32.341957092285156
8255.5,3.7221412658691406,9.095767974853516,0.011137116700410843,32.341957092285156
8257.0,3.6841881275177,8.825008392333984,0.011371738277375698,32.32649612426758
8258.5,3.751107931137085,8.968510627746582,0.01152440719306469,32.32649612426758
8260.0,3.8102810382843018,9.204803466796875,0.011613069102168083,32.32649612426758
8261.5,3.833535671234131,9.36740493774414,0.011413195170462132,32.32649230957031
8263.0,3.900714874267578,9.563709259033203,0.011207731440663338,32.32649230957031
8264.5,3.8329358100891113,9.527593612670898,0.011172281578183174,32.32649230957031
8266.0,3.7630717754364014,9.352643013000488,0.011145079508423805,32.32649230957031
8267.5,3.797089099884033,9.105487823486328,0.01128469966351986,32.32649230957031
8269.0,3.748215675354004,9.308568954467773,0.011049131862819195,32.32649230957031
8270.5,3.72135591506958,9.643930435180664,0.011087935417890549,32.32649230957031
8272.0,3.7439844608306885,9.365382194519043,0.011119461618363857,32.32649230957031
8273.5,3.7110936641693115,9.167301177978516,0.011198577471077442,32.32649230957031
8275.0,3.7641654014587402,10.020180702209473,0.011373906396329403,32.32649230957031
8276.5,3.8959405422210693,10.773496627807617,0.01164182834327221,32.32649612426758
8278.0,3.9112963676452637,10.449483871459961,0.012777671217918396,32.326507568359375
8279.5,3.8538763523101807,10.167203903198242,0.01640123873949051,32.32655715942383
8281.0,3.8934614658355713,10.827247619628906,0.019810747355222702,32.32662582397461
8282.5,3.853782892227173,10.375471115112305,0.022846432402729988,32.32667922973633
8284.0,3.7875208854675293,10.276769638061523,0.026105370372533798,32.32676696777344
8285.5,3.8605504035949707,11.426322937011719,0.023337628692388535,32.326698303222656
8287.0,3.882204055786133,11.481494903564453,0.01894763670861721,32.32660675048828
8288.5,3.7190542221069336,10.18517780303955,0.01949969120323658,32.32661819458008
8290.0,3.614623546600342,9.517208099365234,0.02467244677245617,32.32672882080078
8291.5,3.6453616619110107,9.894811630249023,0.028926245868206024,32.32684326171875
8293.0,3.729698419570923,11.191008567810059,0.02376491203904152,32.32671356201172
8294.5,3.88253116607666,11.260260581970215,0.01637318730354309,32.326560974121094
8296.0,3.8108158111572266,10.123695373535156,0.013691257685422897,32.32652282714844
8297.5,3.6130261421203613,8.615073204040527,0.01652514934539795,32.32656478881836
8299.0,3.6342761516571045,8.25863265991211,0.0211647842079401,32.31118392944336
8300.5,3.5718860626220703,8.18890380859375,0.025909794494509697,32.3112907409668
8302.0,3.5416860580444336,8.559331893920898,0.028103582561016083,32.31134796142578
8303.5,3.6534669399261475,9.574469566345215,0.023301120847463608,32.31122970581055
8305.0,3.718388795852661,10.094749450683594,0.01584593392908573,32.31108093261719
8306.5,3.698324680328369,9.591357231140137,0.012914144434034824,32.31104278564453
8308.0,3.729076862335205,9.522254943847656,0.012247546575963497,32.31103515625
8309.5,3.730780601501465,9.946640968322754,0.012128164991736412,32.311031341552734
8311.0,3.671351671218872,10.210468292236328,0.012917239218950272,32.3110466003418
8312.5,3.615849256515503,9.213274002075195,0.016367023810744286,32.311092376708984
8314.0,3.6420998573303223,9.107245445251465,0.01832171157002449,32.31112289428711
8315.5,3.7741856575012207,10.777665138244629,0.016239594668149948,32.31108093261719
8317.0,3.8002219200134277,11.735395431518555,0.013012091629207134,32.311038970947266
8318.5,3.6501333713531494,9.75942611694336,0.012089475989341736,32.31102752685547
8320.0,3.4703173637390137,8.305269241333008,0.012362022884190083,32.311031341552734
8321.5,3.49365496635437,8.375478744506836,0.01258363388478756,32.311031341552734
8323.0,3.571803092956543,8.947941780090332,0.012361700646579266,32.311031341552734
8324.5,3.6761302947998047,9.39377498626709,0.011919037438929081,32.31102752685547
8326.0,3.7028493881225586,9.26966667175293,0.011359970085322857,32.3110237121582
8327.5,3.703754425048828,8.985390663146973,0.011005320586264133,32.3110237121582
8329.0,3.7797183990478516,9.246025085449219,0.010800358839333057,32.31101989746094
8330.5,3.8301565647125244,9.587644577026367,0.01090781670063734,32.31101989746094
8332.0,3.7643511295318604,9.447948455810547,0.011053337715566158,32.31101989746094
8333.5,3.73028826713562,9.37480354309082,0.010992484167218208,32.31101989746094
8335.0,3.7788174152374268,9.483774185180664,0.011005565524101257,32.31101989746094
8336.5,3.788543701171875,9.351099014282227,0.011044103652238846,32.31101989746094
8338.0,3.765286445617676,9.287704467773438,0.011323925107717514,32.3110237121582
8339.5,3.7703707218170166,9.488759994506836,0.011623620055615902,32.31102752685547
8341.0,3.851465940475464,10.723959922790527,0.011690633371472359,32.31102752685547
8342.5,3.8903279304504395,11.672992706298828,0.012893619015812874,32.31104278564453
8344.0,3.6949687004089355,9.698539733886719,0.016974758356809616,32.311100006103516
8345.5,3.437899112701416,7.829617977142334,0.02817409671843052,32.311336517333984
8347.0,3.4828670024871826,9.151939392089844,0.039928827434778214,32.31173324584961
8348.5,3.8190391063690186,10.99056625366211,0.03783844783902168,32.31162643432617
8350.0,3.970311403274536,10.224029541015625,0.02535237744450569,32.31125259399414
8351.5,3.840381383895874,9.135309219360352,0.018107570707798004,32.31110763549805
8353.0,3.656886577606201,9.190872192382812,0.017591364681720734,32.31109619140625
8354.5,3.6628639698028564,9.544443130493164,0.022710347548127174,32.31119918823242
8356.0,3.861354351043701,10.221517562866211,0.026701882481575012,32.311283111572266
8357.5,3.954725742340088,10.58839225769043,0.022140609100461006,32.31118392944336
8359.0,3.881962299346924,11.268917083740234,0.01473202370107174,32.31106185913086
8360.5,3.899134874343872,11.453170776367188,0.012097219005227089,32.311031341552734
8362.0,3.918678045272827,10.378133773803711,0.012063014321029186,32.311031341552734
8363.5,3.876009702682495,10.007782936096191,0.012926851399242878,32.31104278564453
8365.0,3.819272041320801,10.486772537231445,0.01387058850377798,32.31105422973633
8366.5,3.7436156272888184,9.486735343933105,0.016103366389870644,32.311092376708984
8368.0,3.8083138465881348,8.562094688415527,0.01699656993150711,32.31110382080078
8369.5,3.940052032470703,9.58163833618164,0.01491499226540327,32.357460021972656
8371.0,3.97995662689209,10.997776985168457,0.012489658780395985,32.35742950439453
8372.5,3.8738250732421875,10.739892959594727,0.011281564831733704,32.35741424560547
8374.0,3.7630391120910645,9.750633239746094,0.011008056811988354,32.35741424560547
8375.5,3.7477095127105713,9.19356918334961,0.010962839238345623,32.35741424560547
8377.0,3.7639315128326416,9.276130676269531,0.011025425978004932,32.35741424560547
8378.5,3.839816093444824,9.954347610473633,0.011202370747923851,32.35741424560547
8380.0,3.881962776184082,10.623011589050293,0.01155038457363844,32.35741424560547
8381.5,3.7877917289733887,10.168930053710938,0.01317275408655405,32.3574333190918
8383.0,3.645055055618286,9.387802124023438,0.01688758097589016,32.35748291015625
8384.5,3.6086833477020264,8.565265655517578,0.021129369735717773,32.31116485595703
8386.0,3.6892380714416504,8.696504592895508,0.022201376035809517,32.311187744140625
8387.5,3.790501832962036,9.208150863647461,0.016841838136315346,32.31108856201172
8389.0,3.7895476818084717,10.381010055541992,0.012528168968856335,32.31103515625
8390.5,3.7907440662384033,10.487431526184082,0.01143273152410984,32.3110237121582
8392.0,3.7420599460601807,9.306418418884277,0.011472558602690697,32.3110237121582
8393.5,3.7175610065460205,8.698434829711914,0.01159706898033619,32.31102752685547
8395.0,3.873728036880493,9.816062927246094,0.011438446119427681,32.32649612426758
8396.5,4.016021728515625,11.8185396194458,0.011254594661295414,32.32649230957031
8398.0,4.016989707946777,11.938470840454102,0.01239309087395668,32.32650375366211
8399.5,3.7431247234344482,9.658105850219727,0.019097795709967613,32.34206771850586
8401.0,3.5077807903289795,8.772621154785156,0.03044324740767479,32.34234619140625
8402.5,3.625643491744995,9.041646957397461,0.034213196486234665,32.34247589111328
8404.0,3.7597882747650146,8.794883728027344,0.02719906158745289,32.34225845336914
8405.5,3.7706186771392822,9.34778881072998,0.016810934990644455,32.31109619140625
8407.0,3.7669854164123535,10.843572616577148,0.011449932120740414,32.31102752685547
8408.5,3.75036358833313,10.332860946655273,0.010787785984575748,32.31101989746094
8410.0,3.766664743423462,9.798149108886719,0.010806795209646225,32.29553985595703
8411.5,3.812030553817749,9.986251831054688,0.010832799598574638,32.29553985595703
8413.0,3.8924994468688965,10.376279830932617,0.010927907191216946,32.2955436706543
8414.5,3.9199371337890625,10.27088737487793,0.012219485826790333,32.295555114746094
8416.0,3.836871862411499,8.807356834411621,0.01638125814497471,32.295616149902344
8417.5,3.8089756965637207,8.582915306091309,0.022654054686427116,32.29573440551758
8419.0,3.8588242530822754,10.085655212402344,0.023568373173475266,32.295753479003906
8420.5,4.00383186340332,12.079029083251953,0.017562950029969215,32.29563522338867
8422.0,4.060064315795898,12.534908294677734,0.012577013112604618,32.29555892944336
8423.5,3.881964683532715,10.87313175201416,0.01128410641103983,32.29554748535156
8425.0,3.6960463523864746,9.675127029418945,0.011308112181723118,32.29554748535156
8426.5,3.7539591789245605,10.001381874084473,0.01148657314479351,32.29554748535156
8428.0,3.798539400100708,9.885351181030273,0.012131012044847012,32.295555114746094
8429.5,3.5394716262817383,8.90952205657959,0.015590904280543327,32.29560089111328
8431.0,3.4415640830993652,8.24193000793457,0.024817636236548424,32.2957878112793
8432.5,3.699988842010498,8.51970100402832,0.03654302656650543,32.29615020751953
8434.0,3.9286487102508545,10.97634506225586,0.0385812446475029,32.29621124267578
8435.5,3.9499752521514893,11.548419952392578,0.02690347097814083,32.295833587646484
8437.0,3.950695037841797,11.187660217285156,0.0151454983279109,32.29559326171875
8438.5,3.9410245418548584,11.03507137298584,0.012264466844499111,32.295555114746094
8440.0,3.9140701293945312,11.035331726074219,0.011398601345717907,32.29554748535156
8441.5,3.909180164337158,10.265633583068848,0.011079607531428337,32.29553985595703
8443.0,3.8753700256347656,9.651643753051758,0.010962238535284996,32.29553985595703
8444.5,3.8562822341918945,9.851716995239258,0.010949352756142616,32.29553985595703
8446.0,3.8553433418273926,10.0220308303833,0.011015535332262516,32.29553985595703
8447.5,3.7739834785461426,9.756280899047852,0.01147680263966322,32.2955436706543
8449.0,3.776235818862915,10.138988494873047,0.011964326724410057,32.29555130004883
8450.5,3.7789487838745117,10.537839889526367,0.011971312575042248,32.29555130004883
8452.0,3.704585552215576,9.364242553710938,0.013171635568141937,32.29556655883789
8453.5,3.671415328979492,7.891761302947998,0.018598949536681175,32.29564666748047
8455.0,3.717715263366699,8.661855697631836,0.023690761998295784,32.295753479003906
8456.5,3.8226680755615234,10.477209091186523,0.02146114967763424,32.295692443847656
8458.0,3.870004415512085,11.648273468017578,0.015210241079330444,32.295589447021484
8459.5,3.8829708099365234,11.114982604980469,0.011833121068775654,32.29554748535156
8461.0,3.899329423904419,10.458645820617676,0.010947887785732746,32.2955436706543
8462.5,3.887066125869751,10.75984001159668,0.011204912327229977,32.2955436706543
8464.0,3.819528341293335,11.214896202087402,0.011930396780371666,32.29555130004883
8465.5,3.7641751766204834,10.267354011535645,0.0175307784229517,32.295623779296875
8467.0,3.6552505493164062,9.351480484008789,0.027706176042556763,32.29585266113281
8468.5,3.594984531402588,9.381471633911133,0.03260801360011101,32.29600143432617
8470.0,3.725508451461792,9.548965454101562,0.02644599974155426,32.29582595825195
8471.5,3.8792779445648193,10.28689956665039,0.01695062965154648,32.29561996459961
8473.0,3.8853771686553955,11.417448043823242,0.011552449315786362,32.29555130004883
8474.5,3.806952476501465,10.773336410522461,0.010969435796141624,32.2955436706543
8476.0,3.6632401943206787,9.195867538452148,0.011216978542506695,32.29554748535156
8477.5,3.566288948059082,8.195474624633789,0.011456477455794811,32.29555130004883
8479.0,3.588212490081787,8.646133422851562,0.011269454844295979,32.29554748535156
8480.5,3.7173125743865967,9.633251190185547,0.010849964804947376,32.2955436706543
8482.0,3.788705587387085,9.752801895141602,0.010562979616224766,32.29553985595703
8483.5,3.7514357566833496,9.457837104797363,0.010534451343119144,32.29553985595703
8485.0,3.7696738243103027,9.856937408447266,0.0105374064296484,32.29553985595703
8486.5,3.839843273162842,9.902093887329102,0.010660851374268532,32.29553985595703
8488.0,3.854557991027832,9.358587265014648,0.010742807760834694,32.29553985595703
8489.5,3.798140048980713,9.162260055541992,0.010954496450722218,32.29553985595703
8629.0,3.857907295227051,10.19589614868164,0.019845549017190933,32.29567337036133
8630.5,3.8548734188079834,9.842225074768066,0.019985774531960487,32.29567337036133
8632.0,3.804931402206421,9.586725234985352,0.020161356776952744,32.29567337036133
8633.5,3.846285343170166,9.417518615722656,0.020372282713651657,32.295677185058594
8635.0,3.8280274868011475,9.419971466064453,0.02044723555445671,32.295677185058594
8636.5,3.7343711853027344,9.237627029418945,0.02022193931043148,32.29566955566406
8638.0,3.7539844512939453,9.270263671875,0.01873280107975006,32.29564666748047
8639.5,3.894430637359619,9.978092193603516,0.017872368916869164,32.295631408691406
8641.0,3.8757245540618896,10.38315200805664,0.016397764906287193,32.29561233520508
8642.5,3.781196117401123,10.013114929199219,0.015769923105835915,32.295597076416016
8644.0,3.7621424198150635,10.606109619140625,0.015074324794113636,32.295589447021484
8645.5,3.7233686447143555,10.903785705566406,0.013574105687439442,32.29557418823242
8647.0,3.7470991611480713,10.011911392211914,0.012547523714601994,32.29555892944336
8648.5,3.7714908123016357,9.039471626281738,0.013096732087433338,32.295562744140625
8650.0,3.7756528854370117,9.093043327331543,0.014807390980422497,32.29558563232422
8651.5,3.7858903408050537,9.271119117736816,0.016603585332632065,32.295616149902344
8653.0,3.801820755004883,9.766037940979004,0.01846948266029358,32.29564666748047
8654.5,3.79605770111084,9.884723663330078,0.01839389093220234,32.29564666748047
8656.0,3.6855030059814453,8.812341690063477,0.018206538632512093,32.2956428527832
8657.5,3.6717371940612793,8.857954025268555,0.019464531913399696,32.29566192626953
8659.0,3.7245078086853027,9.933445930480957,0.020282912999391556,32.295677185058594
8660.5,3.6993002891540527,9.646293640136719,0.019755015149712563,32.2956657409668
8662.0,3.681326150894165,9.348342895507812,0.020098693668842316,32.29566955566406
8663.5,3.7599780559539795,9.51931381225586,0.02064349129796028,32.29568099975586
8665.0,3.756674289703369,9.473489761352539,0.019070442765951157,32.295650482177734
8666.5,3.726848840713501,9.527608871459961,0.019592225551605225,32.295658111572266
8668.0,3.7108912467956543,9.463149070739746,0.020021991804242134,32.29566955566406
8669.5,3.689871072769165,8.987892150878906,0.018972182646393776,32.295654296875
8671.0,3.6428074836730957,8.854167938232422,0.017394043505191803,32.295631408691406
8672.5,3.7545711994171143,9.40688705444336,0.017763227224349976,32.29563522338867
8674.0,3.858415365219116,9.943126678466797,0.0175443384796381,32.295631408691406
8675.5,3.7576706409454346,9.563879013061523,0.016195807605981827,32.29560852050781
8677.0,3.7483978271484375,9.795723915100098,0.01589973457157612,32.29560470581055
8678.5,3.844522476196289,10.191972732543945,0.01640118658542633,32.29561233520508
8680.0,3.799147844314575,10.344942092895508,0.015188070945441723,32.29559326171875
8681.5,3.7083659172058105,9.661813735961914,0.01421094685792923,32.29558181762695
8683.0,3.681673765182495,8.681894302368164,0.014236059039831161,32.29558181762695
8684.5,3.7195425033569336,9.0873384475708,0.014353123493492603,32.29558181762695
8686.0,3.786665201187134,10.298809051513672,0.013266265392303467,32.295570373535156
8687.5,3.710085868835449,8.965534210205078,0.012597796507179737,32.341976165771484
8689.0,3.5857033729553223,7.259902000427246,0.013187332078814507,32.341983795166016
8690.5,3.6261954307556152,7.657512664794922,0.013063187710940838,32.34197998046875
8692.0,3.710275411605835,9.638871192932129,0.012061739340424538,32.34196853637695
8693.5,3.6934821605682373,9.510009765625,0.011755370534956455,32.34196853637695
8695.0,3.631776809692383,7.8234405517578125,0.012126048095524311,32.34196853637695
8696.5,3.6176300048828125,7.700549125671387,0.012123024091124535,32.34196853637695
8698.0,3.660961389541626,8.759708404541016,0.011504974216222763,32.29555130004883
8699.5,3.6430435180664062,8.81659984588623,0.011258644051849842,32.29554748535156
8701.0,3.5292623043060303,7.966745853424072,0.011664338409900665,32.29555130004883
8702.5,3.4896059036254883,7.518864154815674,0.012060788460075855,32.29555892944336
8704.0,3.5573556423187256,7.894893169403076,0.011932037770748138,32.295555114746094
8705.5,3.644421339035034,8.783589363098145,0.011395641602575779,32.29554748535156
8707.0,3.647655725479126,9.236860275268555,0.011129789985716343,32.29554748535156
8708.5,3.6245250701904297,8.46389389038086,0.011570456437766552,32.29555130004883
8710.0,3.6716866493225098,8.21528434753418,0.01200385857373476,32.295555114746094
8711.5,3.698162078857422,8.405290603637695,0.011739004403352737,32.29555130004883
8713.0,3.6950738430023193,9.028955459594727,0.011104961857199669,32.29554748535156
8714.5,3.664609909057617,9.224508285522461,0.01066287886351347,32.29553985595703
8716.0,3.598026990890503,8.691688537597656,0.010474099777638912,32.29553985595703
8717.5,3.567882776260376,8.433679580688477,0.010332340374588966,32.29553985595703
8719.0,3.570268154144287,8.671070098876953,0.010292474180459976,32.29553985595703
8720.5,3.54429292678833,8.527616500854492,0.010304130613803864,32.29553985595703
8722.0,3.525909900665283,8.399312973022461,0.010285510681569576,32.295536041259766
8723.5,3.5700697898864746,8.529047012329102,0.01029196660965681,32.29553985595703
8725.0,3.619140625,8.836671829223633,0.010332915000617504,32.295536041259766
8726.5,3.632394313812256,8.905233383178711,0.010400629602372646,32.29553985595703
8728.0,3.574918508529663,8.659957885742188,0.010564321652054787,32.29553985595703
8729.5,3.483478307723999,8.34552001953125,0.010609401389956474,32.2955436706543
8731.0,3.4873876571655273,8.414819717407227,0.010542268864810467,32.29553985595703
8732.5,3.59006667137146,8.900485038757324,0.010368476621806622,32.29553985595703
8734.0,3.628079414367676,9.1368989944458,0.010286716744303703,32.295536041259766
8735.5,3.614651679992676,9.084367752075195,0.010263627395033836,32.295536041259766
8737.0,3.653130292892456,9.26229476928711,0.010274912230670452,32.295536041259766
8738.5,3.6628358364105225,9.3129301071167,0.010393679141998291,32.34195327758789
8740.0,3.6155636310577393,9.050186157226562,0.010539918206632137,32.34195327758789
8741.5,3.565196990966797,8.604781150817871,0.010703899897634983,32.341957092285156
8743.0,3.532529592514038,8.277873992919922,0.010784666053950787,32.341957092285156
8744.5,3.533327579498291,8.432357788085938,0.01071266271173954,32.341957092285156
8746.0,3.552905321121216,8.884085655212402,0.010554208420217037,32.34195327758789
8747.5,3.613356828689575,9.047182083129883,0.010599757544696331,32.34195327758789
8749.0,3.6699631214141846,9.008042335510254,0.010661838576197624,32.34195327758789
8750.5,3.6634373664855957,8.956993103027344,0.0107573252171278,32.34195327758789
8752.0,3.6998462677001953,8.93446159362793,0.010982435196638107,32.2955436706543
8753.5,3.7194833755493164,8.79796028137207,0.011065158993005753,32.2955436706543
8755.0,3.6425395011901855,8.962381362915039,0.010833675041794777,32.29553985595703
8756.5,3.6087961196899414,9.384119033813477,0.010522819124162197,32.29553985595703
8758.0,3.6592154502868652,9.84548568725586,0.011175067164003849,32.2955436706543
8759.5,3.65728497505188,9.54812240600586,0.014258117415010929,32.29558181762695
8761.0,3.5256307125091553,8.615045547485352,0.01987854205071926,32.29566955566406
8762.5,3.5266146659851074,7.833766937255859,0.027940228581428528,32.29587173461914
8764.0,3.7306926250457764,9.30477523803711,0.03337588533759117,32.2960319519043
8765.5,3.816100835800171,11.280130386352539,0.02941521629691124,32.29591369628906
8767.0,3.6242380142211914,10.122764587402344,0.024121811613440514,32.2957649230957
8768.5,3.3755111694335938,7.394708633422852,0.026511669158935547,32.295833587646484
8770.0,3.412837505340576,6.99105167388916,0.033407799899578094,32.2960319519043
8771.5,3.6826868057250977,9.845928192138672,0.03208394721150398,32.295989990234375
8773.0,3.823303699493408,10.776084899902344,0.02396085485816002,32.29576873779297
8774.5,3.7555484771728516,10.320516586303711,0.015377571806311607,32.29560089111328
8776.0,3.65685772895813,9.508421897888184,0.013342727907001972,32.295570373535156
8777.5,3.393202066421509,7.078371524810791,0.01927783712744713,32.2956657409668
8779.0,2.9999301433563232,5.662032127380371,0.027377450838685036,32.29585266113281
8780.5,3.1079282760620117,6.613008499145508,0.03423731401562691,32.29606246948242
8782.0,3.47884464263916,9.890043258666992,0.0343874916434288,32.29605484008789
8783.5,3.5963056087493896,10.234479904174805,0.023393576964735985,32.29574203491211
8785.0,3.5804123878479004,9.975553512573242,0.013601882383227348,32.29557418823242
8786.5,3.582679033279419,10.08471965789795,0.01090984046459198,32.2955436706543
8788.0,3.658038377761841,9.929622650146484,0.01050650980323553,32.29553985595703
8789.5,3.712289571762085,9.904533386230469,0.010763765312731266,32.2955436706543
8791.0,3.6727962493896484,9.121227264404297,0.012328125536441803,32.29555892944336
8792.5,3.5571672916412354,7.6483049392700195,0.01697676070034504,32.295623779296875
8794.0,3.5064406394958496,7.629463195800781,0.020825820043683052,32.29569625854492
8795.5,3.6804540157318115,9.11674976348877,0.018929582089185715,32.295658111572266
8797.0,3.8445351123809814,10.686978340148926,0.014276514761149883,32.29557800292969
8798.5,3.7888901233673096,10.388410568237305,0.01139120478183031,32.29554748535156
8800.0,3.74308443069458,9.549894332885742,0.010685260407626629,32.29553985595703
8801.5,3.738001585006714,9.314661026000977,0.010677935555577278,32.29553985595703
8803.0,3.6800742149353027,9.353933334350586,0.010633776895701885,32.29553985595703
8804.5,3.6404526233673096,9.078343391418457,0.010482009500265121,32.29553985595703
8806.0,3.727308511734009,9.126006126403809,0.010524120181798935,32.29553985595703
8807.5,3.721743106842041,9.376523971557617,0.010372578166425228,32.29553985595703
8809.0,3.671552896499634,9.567022323608398,0.010371673852205276,32.29553985595703
8810.5,3.6410131454467773,9.048358917236328,0.010912809520959854,32.2955436706543
8812.0,3.5826947689056396,8.241706848144531,0.011711984872817993,32.295555114746094
8813.5,3.5437238216400146,8.037872314453125,0.012036166153848171,32.295555114746094
8815.0,3.6134212017059326,8.57259750366211,0.011448031291365623,32.29554748535156
8816.5,3.6489548683166504,9.006828308105469,0.01078393030911684,32.2955436706543
8818.0,3.601872444152832,9.006184577941895,0.010463696904480457,32.29553985595703
8819.5,3.593440532684326,8.960809707641602,0.010412048548460007,32.29553985595703
8821.0,3.570188522338867,9.31920051574707,0.010435638949275017,32.29553985595703
8822.5,3.547243118286133,9.629018783569336,0.010402184911072254,32.29553985595703
8824.0,3.5970230102539062,10.193180084228516,0.010540378279983997,32.2955436706543
8825.5,3.5844132900238037,11.026849746704102,0.013348293490707874,32.295570373535156
8827.0,3.3898606300354004,11.747714042663574,0.022971779108047485,32.295745849609375
8828.5,3.1726009845733643,10.146842002868652,0.041712600737810135,32.29631423950195
8830.0,3.3049654960632324,9.885242462158203,0.05299144983291626,32.29697799682617
8831.5,3.5960967540740967,10.47707748413086,0.04514491558074951,32.29646682739258
8833.0,3.6001977920532227,8.541388511657715,0.027735291048884392,32.29588317871094
8834.5,3.512012481689453,8.61879825592041,0.018034905195236206,32.32659149169922
8836.0,3.3960962295532227,9.808980941772461,0.017426958307623863,32.32658767700195
8837.5,3.147275924682617,8.469823837280273,0.023282166570425034,32.32670593261719
8839.0,3.133335590362549,7.623695373535156,0.029774226248264313,32.32691192626953
8840.5,3.526294469833374,9.098823547363281,0.028143130242824554,32.32682800292969
8842.0,3.8136801719665527,9.753752708435059,0.02023378573358059,32.32662582397461
8843.5,3.8144240379333496,10.007549285888672,0.012866471894085407,32.326515197753906
8845.0,3.7508931159973145,10.13577651977539,0.010902000591158867,32.2955436706543
8846.5,3.697312831878662,9.623356819152832,0.011074078269302845,32.2955436706543
8848.0,3.708395004272461,9.497764587402344,0.0116713372990489,32.29555130004883
8849.5,3.593721389770508,9.5992431640625,0.012943383306264877,32.29556655883789
8851.0,3.4273111820220947,9.538002014160156,0.015815425664186478,32.29560470581055
8852.5,3.4248509407043457,8.904735565185547,0.018514355644583702,32.295650482177734
8854.0,3.5312182903289795,8.802427291870117,0.018155820667743683,32.2956428527832
8855.5,3.615281105041504,9.176522254943848,0.014025594107806683,32.29557800292969
8857.0,3.621210813522339,9.417898178100586,0.011130696162581444,32.29554748535156
8858.5,3.5711123943328857,8.75433349609375,0.010593833401799202,32.29553985595703
8860.0,3.5641977787017822,8.775099754333496,0.010516970418393612,32.29553985595703
8861.5,3.6131560802459717,9.601387977600098,0.010538429021835327,32.29553985595703
8863.0,3.637854814529419,10.167081832885742,0.010751094669103622,32.2955436706543
8864.5,3.6530086994171143,9.987068176269531,0.01145611610263586,32.29555130004883
8866.0,3.6093926429748535,9.721223831176758,0.01247889082878828,32.295562744140625
8867.5,3.468036413192749,9.807300567626953,0.015016947872936726,32.295597076416016
8869.0,3.303730010986328,10.065543174743652,0.02097107283771038,32.29570007324219
8870.5,3.3014767169952393,8.717681884765625,0.02550719492137432,32.295806884765625
8872.0,3.422466278076172,8.224443435668945,0.02243012934923172,32.29573440551758
8873.5,3.490588426589966,7.995153903961182,0.015535402111709118,32.295597076416016
8875.0,3.540576219558716,8.658146858215332,0.011246132664382458,32.29554748535156
8876.5,3.490898847579956,8.879690170288086,0.010616314597427845,32.29553985595703
8878.0,3.4643821716308594,8.858596801757812,0.010496353730559349,32.34195327758789
8879.5,3.487449884414673,9.064726829528809,0.010504449717700481,32.34195327758789
8881.0,3.4937069416046143,9.200889587402344,0.01040661334991455,32.341949462890625
8882.5,3.5000860691070557,9.439891815185547,0.010396227240562439,32.34195327758789
8884.0,3.5558528900146484,10.307194709777832,0.010983280837535858,32.341957092285156
8885.5,3.5400447845458984,12.094411849975586,0.016868794336915016,32.34202575683594
8887.0,3.391740560531616,11.988101959228516,0.030599605292081833,32.342350006103516
8888.5,3.3845391273498535,8.130552291870117,0.04360509291291237,32.34279251098633
8890.0,3.3796253204345703,7.242880821228027,0.0423172190785408,32.35822296142578
8891.5,3.238112688064575,6.99724006652832,0.026823710650205612,32.29582595825195
8893.0,3.3306732177734375,8.31956958770752,0.01448617223650217,32.295589447021484
8894.5,3.5125319957733154,9.363737106323242,0.011499159969389439,32.29555130004883
8896.0,3.4530694484710693,9.037309646606445,0.01085484679788351,32.2955436706543
8897.5,3.228868007659912,8.254770278930664,0.010933659970760345,32.2955436706543
8899.0,3.0914146900177,7.576676368713379,0.01114577054977417,32.29554748535156
8900.5,3.090181827545166,8.175537109375,0.010837908834218979,32.29554748535156
8902.0,3.1673519611358643,10.214786529541016,0.011274117045104504,32.29555130004883
8903.5,3.1995701789855957,10.188461303710938,0.016809605062007904,32.29562759399414
8905.0,3.2262661457061768,7.892045497894287,0.027780799195170403,32.29585647583008
8906.5,3.255824089050293,6.930482864379883,0.029257051646709442,32.295902252197266
8908.0,3.272191286087036,8.172435760498047,0.022631827741861343,32.295745849609375
8909.5,3.354294538497925,8.338695526123047,0.015287868678569794,32.29560089111328
8911.0,3.433250665664673,8.030463218688965,0.011746319010853767,32.29555892944336
8912.5,3.5020828247070312,8.357102394104004,0.011441146023571491,32.29555130004883
8914.0,3.511444330215454,8.760448455810547,0.011128148064017296,32.29554748535156
8915.5,3.4598073959350586,8.875617980957031,0.010521587915718555,32.2955436706543
8917.0,3.512368679046631,9.842342376708984,0.0105438856408,32.29553985595703
8918.5,3.7462332248687744,13.341076850891113,0.013624702580273151,32.29557418823242
8920.0,3.97821044921875,16.96595001220703,0.023825280368328094,32.29575729370117
8921.5,3.7249014377593994,12.936302185058594,0.0404883474111557,32.29628372192383
8923.0,3.083298444747925,7.576013088226318,0.051503878086805344,32.29684066772461
8924.5,2.840573787689209,6.636580467224121,0.038653913885354996,32.29621124267578
8926.0,3.1410834789276123,8.14356803894043,0.019858138635754585,32.29568099975586
8927.5,3.483287811279297,9.645302772521973,0.012787445448338985,32.29556655883789
8929.0,3.5226807594299316,8.840139389038086,0.011611443012952805,32.29555130004883
8930.5,3.416670322418213,7.647844314575195,0.011897253803908825,32.295555114746094
8932.0,3.4511497020721436,7.931760787963867,0.011765575036406517,32.295555114746094
8933.5,3.5311100482940674,9.041248321533203,0.011221312917768955,32.29554748535156
8935.0,3.533642292022705,9.354162216186523,0.010769437067210674,32.2955436706543
8936.5,3.4950921535491943,8.630958557128906,0.010989331640303135,32.2955436706543
9055.0,3.7614052295684814,11.77934455871582,0.017980994656682014,32.403831481933594
9056.5,3.6173744201660156,10.756936073303223,0.012666881084442139,32.40375518798828
9058.0,3.449979305267334,8.657344818115234,0.010846232995390892,32.37286376953125
9059.5,3.533095598220825,8.413050651550293,0.010890590958297253,32.372859954833984
9061.0,3.60634446144104,8.654279708862305,0.011092348955571651,32.2955436706543
9062.5,3.556339979171753,8.58947467803955,0.01103430986404419,32.2955436706543
9064.0,3.5081429481506348,8.662698745727539,0.0109742172062397,32.29553985595703
9065.5,3.4657247066497803,8.532087326049805,0.011203384958207607,32.2955436706543
9067.0,3.3200316429138184,7.854294300079346,0.011432831175625324,32.29554748535156
9068.5,3.098865509033203,7.223052024841309,0.011273191310465336,32.29554748535156
9070.0,2.9136602878570557,6.639857292175293,0.01127232238650322,32.29555130004883
9071.5,2.774217128753662,5.903949737548828,0.011734306812286377,32.295555114746094
9073.0,2.7325148582458496,5.5374250411987305,0.011864357627928257,32.29555892944336
9074.5,2.815157651901245,6.018680572509766,0.011654925532639027,32.295555114746094
9076.0,2.960752010345459,6.914299964904785,0.010993978939950466,32.29554748535156
9077.5,3.1245148181915283,7.45109748840332,0.010524392127990723,32.29553985595703
9079.0,3.222433567047119,7.5662384033203125,0.010215376503765583,32.295536041259766
9080.5,3.3061091899871826,7.817099094390869,0.01035998947918415,32.29553985595703
9082.0,3.397019147872925,8.52973747253418,0.010816077701747417,32.29553985595703
9083.5,3.418980121612549,8.761805534362793,0.011154846288263798,32.2955436706543
9085.0,3.394059896469116,8.436119079589844,0.011129127815365791,32.2955436706543
9086.5,3.3837227821350098,8.097911834716797,0.010809870436787605,32.2955436706543
9088.0,3.429586410522461,8.057488441467285,0.01095376256853342,32.2955436706543
9089.5,3.5460634231567383,8.256464004516602,0.011327655054628849,32.2955436706543
9091.0,3.6229679584503174,9.024273872375488,0.011255759745836258,32.2955436706543
9092.5,3.573685646057129,9.055187225341797,0.011686387471854687,32.29554748535156
9094.0,3.459596872329712,7.108277797698975,0.013862207531929016,32.29557418823242
9095.5,3.362711191177368,5.804546356201172,0.015868445858359337,32.29560470581055
9097.0,3.3586349487304688,6.1484904289245605,0.015357287600636482,32.29559326171875
9098.5,3.426588773727417,7.646947860717773,0.012944886460900307,32.295562744140625
9100.0,3.524550437927246,8.996688842773438,0.01144153531640768,32.29554748535156
9101.5,3.5649566650390625,9.971329689025879,0.011759733781218529,32.29554748535156
9103.0,3.49953031539917,10.538982391357422,0.013727685436606407,32.29557418823242
9104.5,3.4967589378356934,9.294858932495117,0.017327243462204933,32.295631408691406
9106.0,3.6024539470672607,8.271180152893066,0.01909889280796051,32.295658111572266
9107.5,3.6967861652374268,8.37074089050293,0.01718590222299099,32.29562759399414
9109.0,3.734818458557129,8.957727432250977,0.01373728271573782,32.29557418823242
9110.5,3.6715354919433594,8.733851432800293,0.011616072617471218,32.29554748535156
9112.0,3.6159260272979736,8.477372169494629,0.010920207016170025,32.29553985595703
9113.5,3.6513564586639404,8.654378890991211,0.010525290854275227,32.295536041259766
9115.0,3.680443048477173,8.980714797973633,0.010252976790070534,32.295536041259766
9116.5,3.652940034866333,8.876220703125,0.010336448438465595,32.295536041259766
9118.0,3.654741048812866,8.563158988952637,0.010472601279616356,32.295536041259766
9119.5,3.690387725830078,8.617298126220703,0.010804181918501854,32.29553985595703
9121.0,3.6870739459991455,8.679274559020996,0.011217483319342136,32.29553985595703
9122.5,3.6179707050323486,8.641608238220215,0.010973871685564518,32.29553985595703
9124.0,3.576334238052368,8.80910873413086,0.010573267936706543,32.280052185058594
9125.5,3.5743565559387207,8.715751647949219,0.010419054888188839,32.280052185058594
9127.0,3.5847694873809814,8.517212867736816,0.01037275418639183,32.280052185058594
9128.5,3.59043550491333,8.492637634277344,0.010385511443018913,32.280052185058594
9130.0,3.6148743629455566,8.567720413208008,0.010475728660821915,32.280052185058594
9131.5,3.665487051010132,8.655658721923828,0.010920892469584942,32.28005599975586
9133.0,3.708927631378174,8.860736846923828,0.011335705406963825,32.28005599975586
9134.5,3.68349552154541,8.927895545959473,0.011266847141087055,32.31101989746094
9136.0,3.6661298274993896,8.869832992553711,0.011224339716136456,32.3110237121582
9137.5,3.695113182067871,8.571806907653809,0.011657833121716976,32.3110237121582
9139.0,3.635023593902588,8.43116569519043,0.012333071790635586,32.31102752685547
9140.5,3.624053478240967,8.565709114074707,0.012011626735329628,32.31102752685547
9142.0,3.5536422729492188,8.353973388671875,0.01130194216966629,32.3110237121582
9143.5,3.52398943901062,8.158862113952637,0.01085449568927288,32.31101989746094
9145.0,3.5853404998779297,8.33210563659668,0.010689768008887768,32.29553985595703
9146.5,3.608088254928589,8.340315818786621,0.010879918932914734,32.280052185058594
9148.0,3.506147623062134,8.023422241210938,0.010826176963746548,32.280052185058594
9149.5,3.560783624649048,8.404582023620605,0.01069663930684328,32.32648849487305
9151.0,3.6519615650177,9.017877578735352,0.010908172465860844,32.32648849487305
9152.5,3.6710782051086426,8.40545654296875,0.012230304069817066,32.326499938964844
9154.0,3.5098118782043457,6.911444187164307,0.014598192647099495,32.32653045654297
9155.5,3.372584342956543,6.284552574157715,0.01598425582051277,32.3265495300293
9157.0,3.4674479961395264,7.134931564331055,0.015131310559809208,32.3265380859375
9158.5,3.688215970993042,9.587175369262695,0.013730959966778755,32.32651901245117
9160.0,3.756338596343994,10.77717399597168,0.012927483767271042,32.28007507324219
9161.5,3.631409168243408,9.2394380569458,0.013349431566894054,32.28008270263672
9163.0,3.5188748836517334,7.147697925567627,0.014921700581908226,32.28010559082031
9164.5,3.520648241043091,6.648754596710205,0.015584240667521954,32.28011703491211
9166.0,3.551265239715576,7.259971618652344,0.014027794823050499,32.280094146728516
9167.5,3.5685484409332275,8.519893646240234,0.011649711057543755,32.280067443847656
9169.0,3.598714590072632,9.104747772216797,0.010643606074154377,32.28005599975586
9170.5,3.6022708415985107,8.793974876403809,0.010541370138525963,32.280052185058594
9172.0,3.573460340499878,8.516923904418945,0.010559369809925556,32.280052185058594
9173.5,3.5925891399383545,8.316730499267578,0.010694043710827827,32.280052185058594
9175.0,3.599188804626465,8.369379043579102,0.01099652610719204,32.28005599975586
9176.5,3.612344980239868,8.972383499145508,0.011476591229438782,32.280059814453125
9178.0,3.608569860458374,9.211382865905762,0.01184158120304346,32.280059814453125
9179.5,3.6007487773895264,8.891178131103516,0.011593036353588104,32.280059814453125
9181.0,3.627892017364502,8.668251991271973,0.011297251097857952,32.28005599975586
9182.5,3.604522228240967,8.465628623962402,0.010921099223196507,32.280052185058594
9184.0,3.6150314807891846,8.503690719604492,0.010823061689734459,32.280052185058594
9185.5,3.6293158531188965,8.473258972167969,0.010792541317641735,32.280052185058594
9187.0,3.6068506240844727,8.485137939453125,0.010733803734183311,32.280052185058594
9188.5,3.5690979957580566,8.445378303527832,0.010680564679205418,32.280052185058594
9190.0,3.5869743824005127,8.329601287841797,0.01054248958826065,32.280052185058594
9191.5,3.6533913612365723,8.431557655334473,0.010383443906903267,32.280052185058594
9193.0,3.6786162853240967,8.711929321289062,0.010392342694103718,32.280052185058594
9194.5,3.7049102783203125,8.79751968383789,0.01048449520021677,32.280052185058594
9196.0,3.7569215297698975,8.867502212524414,0.010576925240457058,32.280052185058594
9197.5,3.7159266471862793,8.836023330688477,0.010814209468662739,32.280052185058594
9199.0,3.668271064758301,8.793965339660645,0.010780349373817444,32.280052185058594
9200.5,3.7167036533355713,8.633201599121094,0.010665135458111763,32.280052185058594
9202.0,3.7557849884033203,8.660658836364746,0.010666122660040855,32.280052185058594
9203.5,3.727332353591919,8.893928527832031,0.010477091185748577,32.280052185058594
9205.0,3.6704518795013428,9.061245918273926,0.01042532455176115,32.280052185058594
9206.5,3.6544394493103027,8.99817943572998,0.010542448610067368,32.280052185058594
9208.0,3.70574688911438,8.88730239868164,0.010632777586579323,32.280052185058594
9209.5,3.718437433242798,8.909168243408203,0.010649961419403553,32.280052185058594
9211.0,3.66483473777771,8.686784744262695,0.010605367831885815,32.280052185058594
9212.5,3.6480019092559814,8.523597717285156,0.010525232180953026,32.280052185058594
9214.0,3.6797783374786377,8.895431518554688,0.010461518540978432,32.280052185058594
9215.5,3.7481913566589355,9.241853713989258,0.010749977082014084,32.28005599975586
9217.0,3.689321756362915,8.740766525268555,0.011476620100438595,32.28006362915039
9218.5,3.544560670852661,7.50406551361084,0.012943756766617298,32.28007888793945
9220.0,3.491370916366577,7.054319858551025,0.01365208625793457,32.28009033203125
9221.5,3.5693917274475098,7.831235408782959,0.012653659097850323,32.28007507324219
9223.0,3.594792127609253,9.297836303710938,0.01100917998701334,32.2955436706543
9224.5,3.5192394256591797,9.583967208862305,0.011009687557816505,32.2955436706543
9226.0,3.4409902095794678,8.639461517333984,0.012015732005238533,32.295555114746094
9227.5,3.456206798553467,7.3690690994262695,0.013247855007648468,32.295570373535156
9229.0,3.5759449005126953,7.352945327758789,0.013704969547688961,32.29557418823242
9230.5,3.680204391479492,8.342653274536133,0.012307579629123211,32.29555892944336
9232.0,3.698334217071533,9.208239555358887,0.01104267593473196,32.280059814453125
9233.5,3.713890790939331,9.101865768432617,0.010786134749650955,32.28005599975586
9235.0,3.7695388793945312,8.87808609008789,0.010785259306430817,32.28005599975586
9236.5,3.7499873638153076,8.77756404876709,0.010840450413525105,32.28005599975586
9238.0,3.667121410369873,8.74731159210205,0.010768376290798187,32.28005599975586
9239.5,3.624277114868164,8.72491455078125,0.01078146044164896,32.280052185058594
9241.0,3.661632537841797,8.775232315063477,0.010775470174849033,32.32648468017578
9242.5,3.661365270614624,8.669368743896484,0.010863160714507103,32.32648468017578
9244.0,3.6304147243499756,8.473503112792969,0.010813296772539616,32.32648849487305
9245.5,3.6340572834014893,8.5223388671875,0.010821023024618626,32.32648849487305
9247.0,3.684673547744751,8.746748924255371,0.010855426080524921,32.31101608276367
9248.5,3.7148165702819824,8.969274520874023,0.01103226002305746,32.31101989746094
9250.0,3.759718418121338,9.160202026367188,0.01143418438732624,32.28006362915039
9251.5,3.7477760314941406,8.62325382232666,0.011755484156310558,32.28006362915039
9253.0,3.691845655441284,8.141084671020508,0.011992493644356728,32.280067443847656
9254.5,3.6670570373535156,8.219396591186523,0.011858961544930935,32.280067443847656
9256.0,3.673955202102661,8.583574295043945,0.011790880002081394,32.28006362915039
9257.5,3.704000234603882,8.708148956298828,0.01148834079504013,32.280059814453125
9259.0,3.724503993988037,8.646330833435059,0.011164113879203796,32.28005599975586
9260.5,3.722942590713501,8.739453315734863,0.010897018015384674,32.280052185058594
9262.0,3.7497971057891846,9.030670166015625,0.010869444347918034,32.280052185058594
9263.5,3.768491744995117,8.90414810180664,0.011424658820033073,32.280059814453125
9265.0,3.7316012382507324,8.47866439819336,0.011842174455523491,32.28006362915039
9266.5,3.7069215774536133,8.584497451782227,0.011697366833686829,32.28006362915039
9268.0,3.770556926727295,9.088079452514648,0.011492696590721607,32.280059814453125
9269.5,3.8713364601135254,9.346761703491211,0.011140146292746067,32.28005599975586
9271.0,3.880251407623291,9.398077011108398,0.010970178060233593,32.280052185058594
9272.5,3.8238301277160645,9.300688743591309,0.01084064319729805,32.280052185058594
9274.0,3.805100202560425,9.22507095336914,0.010728398337960243,32.280052185058594
9275.5,3.7807013988494873,9.12748908996582,0.010841058567166328,32.280052185058594
9277.0,3.714721918106079,9.005859375,0.010907057672739029,32.280052185058594
9278.5,3.6843578815460205,8.862322807312012,0.010865955613553524,32.29553985595703
9280.0,3.7008161544799805,8.841596603393555,0.011072431690990925,32.31101989746094
9281.5,3.709676504135132,8.70693588256836,0.011478181928396225,32.31101989746094
9283.0,3.6672980785369873,8.507911682128906,0.011566173285245895,32.3110237121582
9284.5,3.5485658645629883,8.504246711730957,0.011188932694494724,32.31101989746094
9286.0,3.445039749145508,8.483802795410156,0.01123919989913702,32.3110237121582
9287.5,3.424473285675049,7.963451862335205,0.012335340492427349,32.31103515625
9289.0,3.4380369186401367,7.409887313842773,0.013762029819190502,32.29557418823242
9290.5,3.4859416484832764,7.597352981567383,0.013685349375009537,32.31105041503906
9292.0,3.507443428039551,8.342353820800781,0.012702600099146366,32.31104278564453
9293.5,3.5514776706695557,8.741573333740234,0.01224969420582056,32.31103515625
9295.0,3.585340976715088,8.456063270568848,0.012904580682516098,32.31104278564453
9296.5,3.5662739276885986,7.706081867218018,0.01425094436854124,32.311058044433594
9298.0,3.5735507011413574,7.584515571594238,0.014678752981126308,32.29558563232422
9299.5,3.6314828395843506,8.771141052246094,0.0137158939614892,32.29556655883789
9301.0,3.6991684436798096,10.486259460449219,0.012644706293940544,32.295555114746094
9302.5,3.753009557723999,10.363057136535645,0.012635829858481884,32.29555130004883
9304.0,3.8130390644073486,10.721946716308594,0.013066621497273445,32.26457595825195
9305.5,3.8621037006378174,14.464578628540039,0.016702953726053238,32.26462173461914
9307.0,3.6362688541412354,15.66986083984375,0.024489492177963257,32.26478576660156
9308.5,3.0174520015716553,6.381422996520996,0.03643257915973663,32.2651252746582
9310.0,2.797945022583008,4.387623310089111,0.05204553157091141,32.26580810546875
9311.5,3.6937782764434814,8.035802841186523,0.055886223912239075,32.26598358154297
9313.0,4.2736029624938965,21.924015045166016,0.05476323887705803,32.26592254638672
9314.5,3.2155568599700928,11.405597686767578,0.05003271624445915,32.26569747924805
9316.0,2.2872705459594727,6.125737190246582,0.058393508195877075,32.2661247253418
9317.5,3.0493738651275635,8.799190521240234,0.06912676244974136,32.2667236328125
9319.0,3.82675838470459,15.052167892456055,0.06012092903256416,32.266109466552734
9320.5,3.88445782661438,14.09317398071289,0.03893091157078743,32.26519012451172
9322.0,4.105401515960693,15.667409896850586,0.02900744415819645,32.26487350463867
9323.5,4.106042861938477,20.74789810180664,0.031384095549583435,32.264949798583984
9325.0,3.40529727935791,12.992627143859863,0.04149763286113739,32.265296936035156
9326.5,3.0297701358795166,6.042447090148926,0.06904882937669754,32.266788482666016
9328.0,3.5820083618164062,8.357767105102539,0.07440944015979767,32.267093658447266
9329.5,4.091299533843994,14.153029441833496,0.042721543461084366,32.26530456542969
9331.0,4.020520210266113,16.185237884521484,0.020595509558916092,32.26468276977539
9332.5,3.6735072135925293,9.248775482177734,0.017231673002243042,32.26463317871094
9334.0,3.4601993560791016,7.186628341674805,0.018613513559103012,32.26465606689453
9335.5,3.6592156887054443,9.768099784851074,0.019760698080062866,32.264671325683594
9337.0,3.9482550621032715,14.535133361816406,0.021433008834719658,32.26470184326172
9338.5,3.8555262088775635,13.441333770751953,0.026532143354415894,32.26481628417969
9340.0,3.576582193374634,8.788763999938965,0.034878332167863846,32.265079498291016
9341.5,3.515475034713745,7.061513900756836,0.039413318037986755,32.26523208618164
9343.0,3.6632962226867676,8.48421859741211,0.030622895807027817,32.264930725097656
9344.5,3.7844395637512207,10.271251678466797,0.02321566268801689,32.264732360839844
9346.0,3.8010337352752686,10.894290924072266,0.02265864983201027,32.26470184326172
9347.5,3.7338244915008545,10.924047470092773,0.024341881275177002,32.264732360839844
9349.0,3.657506227493286,10.235830307006836,0.02182040736079216,32.26469802856445
9350.5,3.539508581161499,8.317490577697754,0.01921718940138817,32.2646598815918
9352.0,3.5087406635284424,7.1662750244140625,0.01775517128407955,32.264644622802734
9353.5,3.532388210296631,7.478292465209961,0.017325837165117264,32.2646369934082
9355.0,3.58062744140625,8.776288032531738,0.018013402819633484,32.26464080810547
9356.5,3.5656328201293945,9.082368850708008,0.019810687750577927,32.264652252197266
9358.0,3.5449235439300537,8.75816822052002,0.02005777880549431,32.2646484375
9359.5,3.5939414501190186,8.89491081237793,0.019501375034451485,32.2646369934082
9361.0,3.6953539848327637,9.574563026428223,0.01939285732805729,32.2646369934082
9362.5,3.738489866256714,9.549436569213867,0.01777973212301731,32.264625549316406
9364.0,3.5925133228302,8.666948318481445,0.01608017273247242,32.264610290527344
9365.5,3.4820380210876465,8.17348861694336,0.015106145292520523,32.26460266113281
9367.0,3.6045315265655518,9.251579284667969,0.014918418601155281,32.26460266113281
9368.5,3.6102702617645264,10.50381851196289,0.01617485284805298,32.264617919921875
9370.0,3.6069741249084473,10.613105773925781,0.01795627921819687,32.2646484375
9371.5,3.560528039932251,9.340904235839844,0.020445702597498894,32.26469039916992
9373.0,3.790966510772705,13.723875045776367,0.02330738864839077,32.264739990234375
9374.5,4.629161834716797,33.854949951171875,0.03571326658129692,32.265113830566406
9376.0,4.810629844665527,43.706607818603516,0.053918879479169846,32.26601791381836
9377.5,3.431501865386963,14.48719310760498,0.06940436363220215,32.26698684692383
9379.0,3.043842315673828,8.482433319091797,0.12039852887392044,32.28732681274414
9380.5,4.581353187561035,20.300464630126953,0.1444142609834671,32.32060241699219
9382.0,5.200056076049805,32.992652893066406,0.07345159351825714,32.26724624633789
9383.5,4.3124518394470215,21.64910316467285,0.036726150661706924,32.280601501464844
9385.0,3.537306070327759,7.609358310699463,0.024985400959849358,32.2802734375
9386.5,3.447749614715576,6.922292232513428,0.02164672687649727,32.28021240234375
9388.0,3.631643056869507,9.785616874694824,0.01872055046260357,32.28015899658203
9389.5,3.801135778427124,11.301871299743652,0.016954783350229263,32.28012466430664
9391.0,3.880756139755249,10.875629425048828,0.01566925458610058,32.28010177612305
9392.5,3.7709662914276123,9.990180969238281,0.01362067461013794,32.264583587646484
9394.0,3.620910406112671,9.438385963439941,0.012357169762253761,32.26457214355469
9395.5,3.651118040084839,9.328807830810547,0.01245168223977089,32.26457214355469
9397.0,3.736006498336792,9.342008590698242,0.012817064300179482,32.26457595825195
9398.5,3.675445079803467,8.923921585083008,0.013551042415201664,32.26458740234375
9400.0,3.6030898094177246,9.313335418701172,0.014687854796648026,32.26460266113281
9401.5,3.6581387519836426,11.092460632324219,0.017300497740507126,32.26464080810547
9403.0,3.7543740272521973,11.727688789367676,0.02161819487810135,32.26471710205078
9404.5,3.8265411853790283,9.818603515625,0.029424335807561874,32.264923095703125
9406.0,3.8711044788360596,8.590974807739258,0.031821731477975845,32.264984130859375
9407.5,3.856602907180786,9.513589859008789,0.02267165668308735,32.264739990234375
9409.0,3.7970941066741943,10.629460334777832,0.015822451561689377,32.26461410522461
9410.5,3.7702369689941406,9.904885292053223,0.013715174049139023,32.264583587646484
9412.0,3.781919002532959,9.3480224609375,0.013766246847808361,32.264583587646484
9413.5,3.8059749603271484,9.680694580078125,0.014352329075336456,32.26458740234375
9415.0,3.7959775924682617,9.7239408493042,0.014202619902789593,32.264583587646484
9416.5,3.827155351638794,9.77816390991211,0.013178566470742226,32.26457595825195
9418.0,3.976006031036377,12.146604537963867,0.01401267945766449,32.264591217041016
9419.5,3.9778473377227783,14.731790542602539,0.019974414259195328,32.26469421386719
9421.0,3.6305389404296875,11.853060722351074,0.030310098081827164,32.26496505737305
9422.5,3.259528160095215,6.72036075592041,0.03883490338921547,32.26526641845703
9424.0,3.2832024097442627,6.782259941101074,0.03963443636894226,32.26530075073242
9425.5,3.5466556549072266,10.50274658203125,0.02849396876990795,32.264896392822266
9427.0,3.6620922088623047,11.773270606994629,0.019592534750699997,32.26469039916992
9428.5,3.651390314102173,9.961503982543945,0.017112568020820618,32.2491340637207
9430.0,3.719923257827759,9.576148986816406,0.018083451315760612,32.24913787841797
9431.5,3.841477155685425,10.584230422973633,0.019330201670527458,32.249149322509766
9433.0,3.8169748783111572,11.884204864501953,0.01746959425508976,32.24911880493164
9434.5,3.691589117050171,11.288253784179688,0.014742137864232063,32.24909210205078
9436.0,3.547451972961426,9.176362037658691,0.012945343740284443,32.24907302856445
9437.5,3.773982048034668,13.3458251953125,0.014610675163567066,32.24909591674805
9439.0,4.333430290222168,25.13861846923828,0.02226966805756092,32.24922561645508
9440.5,4.15648078918457,22.862083435058594,0.04403345286846161,32.24989318847656
9442.0,3.0646913051605225,6.353388786315918,0.08302387595176697,32.252323150634766
9443.5,2.807330369949341,6.039120197296143,0.1449579894542694,32.290462493896484
9445.0,3.702251672744751,13.451513290405273,0.09364310652017593,32.330726623535156
9446.5,4.241056442260742,21.802248001098633,0.04022781550884247,32.296302795410156
9448.0,3.775442600250244,14.412137985229492,0.019819200038909912,32.24918746948242
9449.5,3.4142024517059326,7.46742057800293,0.017299268394708633,32.2491455078125
9451.0,3.4346611499786377,7.377641677856445,0.017782064154744148,32.249149322509766
9452.5,3.5442028045654297,8.45770263671875,0.01727253943681717,32.249141693115234
9454.0,3.5906894207000732,9.375516891479492,0.015413709916174412,32.24911117553711
9455.5,3.7257771492004395,10.55195140838623,0.0146838603541255,32.24909973144531
9457.0,4.030540466308594,16.041051864624023,0.018064260482788086,32.249141693115234
9458.5,4.074717998504639,21.701061248779297,0.030231483280658722,32.249427795410156
9460.0,3.566767930984497,14.92383098602295,0.04560042917728424,32.24997329711914
9461.5,3.044666290283203,5.625229835510254,0.06471778452396393,32.2666130065918
9463.0,3.2242376804351807,6.770768165588379,0.08120423555374146,32.267581939697266
9464.5,3.742889404296875,11.965356826782227,0.04254353418946266,32.26530838012695
9466.0,3.8094582557678223,14.232367515563965,0.019015517085790634,32.24916076660156
9467.5,3.6423146724700928,9.81124496459961,0.014503447338938713,32.26459503173828
9469.0,3.7257308959960938,9.49691390991211,0.013936641626060009,32.264583587646484
9470.5,3.9684083461761475,11.797415733337402,0.014571805484592915,32.249088287353516
9472.0,4.041103839874268,12.015649795532227,0.015517583116889,32.24909973144531
9473.5,3.9183599948883057,11.326189041137695,0.0150488605722785,32.24909591674805
9475.0,4.113943099975586,16.34819221496582,0.016195962205529213,32.249114990234375
9476.5,4.428382396697998,25.662761688232422,0.026409650221467018,32.24930953979492
9478.0,3.946237087249756,22.278961181640625,0.04400906711816788,32.24992370605469
9479.5,3.054377555847168,8.071784019470215,0.0663660392165184,32.2510871887207
9481.0,3.403472661972046,9.187029838562012,0.08503568172454834,32.25241470336914
9482.5,4.4311909675598145,17.94102668762207,0.06093206629157066,32.25062942504883
9484.0,4.398033618927002,20.462230682373047,0.03307671099901199,32.249488830566406
9485.5,3.7702717781066895,11.112817764282227,0.021927455440163612,32.249202728271484
9487.0,3.6245691776275635,8.137382507324219,0.017011485993862152,32.26462173461914
9488.5,3.873866319656372,9.985503196716309,0.014899938367307186,32.26459503173828
9490.0,4.041596412658691,11.403274536132812,0.013910426758229733,32.264583587646484
9491.5,4.01437520980835,10.450913429260254,0.013866489753127098,32.264583587646484
9493.0,4.073025703430176,9.031434059143066,0.01457731518894434,32.26459503173828
9494.5,4.599111557006836,9.329566955566406,0.01600378379225731,32.26460647583008
9496.0,5.322425365447998,11.303178787231445,0.01803639531135559,32.264625549316406
9497.5,5.560000896453857,11.673702239990234,0.01923389546573162,32.26462936401367
9499.0,5.349861145019531,10.878423690795898,0.01835801638662815,32.280113220214844
9500.5,5.24046516418457,15.558951377868652,0.018601909279823303,32.28012466430664
9502.0,5.0804362297058105,23.226398468017578,0.025234239175915718,32.280250549316406
9503.5,4.253164768218994,18.309736251831055,0.042508941143751144,32.280860900878906
9505.0,3.3094875812530518,8.313573837280273,0.05637621134519577,32.26610565185547
9506.5,3.310211181640625,6.861593246459961,0.05615448206663132,32.26610565185547
9508.0,3.7932562828063965,9.844907760620117,0.03579375520348549,32.26511001586914
9509.5,4.050431728363037,12.519399642944336,0.02046659030020237,32.26469039916992
9511.0,3.858971357345581,10.260868072509766,0.013758004643023014,32.26458740234375
9512.5,3.7492361068725586,9.562474250793457,0.012750248424708843,32.26457595825195
9514.0,3.7509419918060303,10.550331115722656,0.012655848637223244,32.24907302856445
9515.5,3.699932098388672,10.744946479797363,0.012762155383825302,32.24907684326172
9517.0,3.761063814163208,11.941326141357422,0.013993360102176666,32.24909210205078
9518.5,4.053289890289307,15.983399391174316,0.019490985199809074,32.249168395996094
9520.0,4.072424411773682,16.613811492919922,0.0296745914965868,32.249420166015625
9521.5,3.4778025150299072,9.37720775604248,0.04562591388821602,32.250057220458984
9523.0,3.2288625240325928,7.783114433288574,0.05557989329099655,32.2506103515625
9524.5,3.8027405738830566,10.557672500610352,0.04305385798215866,32.24989700317383
9526.0,4.1032209396362305,14.396717071533203,0.02621104195713997,32.24931335449219
9527.5,3.8245739936828613,11.300195693969727,0.017577119171619415,32.2491340637207
9529.0,3.6882050037384033,9.131847381591797,0.01540235336869955,32.24910354614258
9530.5,3.763765335083008,9.110950469970703,0.01602884940803051,32.249114990234375
9532.0,3.702500343322754,9.17072582244873,0.017015544697642326,32.24913024902344
9533.5,3.6423752307891846,8.8461275100708,0.016640182584524155,32.24912643432617
9535.0,3.650531768798828,9.067922592163086,0.015110050328075886,32.249107360839844
9536.5,3.6093177795410156,8.82902717590332,0.015171828679740429,32.249107360839844
9538.0,3.4908909797668457,7.473128318786621,0.017092637717723846,32.24913024902344
9539.5,3.4617526531219482,6.7884931564331055,0.01899833045899868,32.24916458129883
9541.0,3.5023958683013916,7.317938804626465,0.018572626635432243,32.24915313720703
9542.5,3.556758403778076,8.530086517333984,0.016065239906311035,32.249114990234375
9544.0,3.6135141849517822,9.297647476196289,0.014165712520480156,32.249088287353516
9545.5,3.6694557666778564,9.369596481323242,0.014681958593428135,32.249088287353516
9547.0,3.6653037071228027,9.297992706298828,0.015450024046003819,32.24909591674805
9548.5,3.61539626121521,8.84531307220459,0.01541990041732788,32.24909210205078
9550.0,3.707780361175537,10.423534393310547,0.014439452439546585,32.249088287353516
9551.5,3.9641473293304443,15.377298355102539,0.016435321420431137,32.249114990234375
9767.5,3.5460076332092285,9.079883575439453,0.014570513740181923,32.24909591674805
9769.0,3.48195743560791,9.036079406738281,0.014582771807909012,32.24909591674805
9770.5,3.4353389739990234,9.019225120544434,0.014020434580743313,32.24909210205078
9772.0,3.4632575511932373,8.96261978149414,0.013812607154250145,32.249088287353516
9773.5,3.5248236656188965,8.862523078918457,0.014181068167090416,32.24909210205078
9775.0,3.5603837966918945,8.907305717468262,0.014084978960454464,32.249088287353516
9776.5,3.5670082569122314,9.12444019317627,0.014157851226627827,32.24909210205078
9778.0,3.585131883621216,9.126663208007812,0.014544002711772919,32.24909210205078
9779.5,3.5849595069885254,9.103789329528809,0.014610322192311287,32.24909210205078
9781.0,3.6221327781677246,9.36456298828125,0.014923670329153538,32.24909973144531
9782.5,3.721285820007324,10.322686195373535,0.015377474017441273,32.24910354614258
9784.0,3.673966407775879,11.177131652832031,0.015624524094164371,32.24909973144531
9785.5,3.526398181915283,10.564126968383789,0.015664352104067802,32.24910354614258
9787.0,3.534393310546875,11.077375411987305,0.0160842165350914,32.24911117553711
9788.5,3.9698305130004883,19.34886360168457,0.018584510311484337,32.24916076660156
9790.0,4.252667427062988,28.937660217285156,0.02553466334939003,32.24932098388672
9791.5,3.4012463092803955,20.59653091430664,0.04135632887482643,32.24980545043945
9793.0,2.0528905391693115,3.6342525482177734,0.057149313390254974,32.25050735473633
9794.5,2.200068235397339,2.481313467025757,0.08405791968107224,32.252437591552734
9796.0,3.134248733520508,4.8370585441589355,0.07990206778049469,32.25200271606445
9797.5,3.729888677597046,14.86292839050293,0.04302597790956497,32.249916076660156
9799.0,3.452223062515259,19.352535247802734,0.02555929310619831,32.249324798583984
9800.5,3.1067771911621094,10.331977844238281,0.02606688253581524,32.24932861328125
9802.0,3.037383794784546,5.51814603805542,0.03407415375113487,32.24956130981445
9803.5,3.220398426055908,5.211485385894775,0.040870796889066696,32.249820709228516
9805.0,3.482050657272339,7.226163864135742,0.03403006121516228,32.24955368041992
9806.5,3.4811651706695557,9.622770309448242,0.022786317393183708,32.2492561340332
9808.0,3.3292829990386963,9.006864547729492,0.01838238537311554,32.24916458129883
9809.5,3.4193663597106934,8.640105247497559,0.01953190751373768,32.24918746948242
9811.0,3.6107900142669678,10.269942283630371,0.022162480279803276,32.24924087524414
9812.5,3.486236333847046,8.978988647460938,0.023093950003385544,32.249271392822266
9814.0,3.2665457725524902,6.435005187988281,0.025712398812174797,32.24933624267578
9815.5,3.28963565826416,5.958313941955566,0.028007837012410164,32.2493896484375
9817.0,3.3185391426086426,6.58025598526001,0.02690531685948372,32.24936294555664
9818.5,3.2145028114318848,6.233643531799316,0.023037167266011238,32.249263763427734
9820.0,3.1510753631591797,5.667849540710449,0.021213382482528687,32.24922561645508
9821.5,3.26338529586792,6.086530685424805,0.021071914583444595,32.24921798706055
9823.0,3.3516035079956055,7.419933319091797,0.01912662573158741,32.24917984008789
9824.5,3.398817539215088,8.857341766357422,0.01711765117943287,32.249141693115234
9826.0,3.470294237136841,9.829314231872559,0.01687444932758808,32.2491340637207
9827.5,3.4656875133514404,9.520773887634277,0.017800308763980865,32.2491455078125
9829.0,3.2964425086975098,7.849802017211914,0.018616007640957832,32.2491569519043
9830.5,3.129258394241333,6.33863639831543,0.020366983488202095,32.28017807006836
9832.0,3.20493483543396,6.060471534729004,0.020910361781716347,32.280189514160156
9833.5,3.3283450603485107,6.613358020782471,0.01997215300798416,32.28016662597656
9835.0,3.3762288093566895,7.632632255554199,0.018306082114577293,32.28014373779297
9836.5,3.4264841079711914,8.718034744262695,0.017317626625299454,32.29560470581055
9838.0,3.49372935295105,9.056873321533203,0.0165899395942688,32.29560089111328
9839.5,3.516515016555786,8.978879928588867,0.01620808243751526,32.295597076416016
9841.0,3.49958872795105,9.195178985595703,0.01601453498005867,32.28010940551758
9842.5,3.479409694671631,9.289960861206055,0.015372257679700851,32.28010177612305
9844.0,3.5023534297943115,9.355087280273438,0.015378832817077637,32.26460647583008
9845.5,3.5946404933929443,11.491695404052734,0.015987876802682877,32.26461410522461
9847.0,3.696284770965576,15.805990219116211,0.01798979751765728,32.24915313720703
9848.5,3.565582036972046,15.55031967163086,0.02369028516113758,32.2337646484375
9850.0,3.246091604232788,9.533838272094727,0.031214741989970207,32.24948501586914
9851.5,3.076770305633545,5.16868257522583,0.0422300323843956,32.311866760253906
9853.0,3.1126294136047363,5.044278144836426,0.04498722031712532,32.31195068359375
9854.5,3.171126127243042,6.901864051818848,0.02927863784134388,32.31137466430664
9856.0,3.2251298427581787,9.127920150756836,0.01883503422141075,32.2801628112793
9857.5,3.341984272003174,10.302063941955566,0.016427448019385338,32.233619689941406
9859.0,3.4034299850463867,11.046192169189453,0.01604989357292652,32.233612060546875
9860.5,3.344010829925537,10.803365707397461,0.01588643155992031,32.24911880493164
9862.0,3.272440195083618,9.314992904663086,0.015889005735516548,32.249114990234375
9863.5,3.3050448894500732,8.700227737426758,0.01563003845512867,32.249114990234375
9865.0,3.4516208171844482,9.965914726257324,0.016004391014575958,32.249114990234375
9866.5,3.5089964866638184,10.58607292175293,0.01688579097390175,32.2491340637207
9868.0,3.5168118476867676,10.204216003417969,0.017266711220145226,32.2336311340332
9869.5,4.038166522979736,19.084726333618164,0.019313249737024307,32.23366928100586
9871.0,4.724922180175781,37.6099739074707,0.025846408680081367,32.23381805419922
9872.5,4.245489597320557,31.725948333740234,0.04086165130138397,32.23434829711914
9874.0,3.115445613861084,6.02496337890625,0.06356766819953918,32.235511779785156
9875.5,3.0930469036102295,3.686248779296875,0.09476254880428314,32.237979888916016
9877.0,3.754816770553589,6.715313911437988,0.08170539885759354,32.236873626708984
9878.5,3.7792580127716064,14.404756546020508,0.04328805208206177,32.23443603515625
9880.0,3.4846534729003906,15.454659461975098,0.02378365956246853,32.23375701904297
9881.5,3.4634573459625244,11.945178031921387,0.0188834797590971,32.23365783691406
9883.0,3.5535049438476562,11.539024353027344,0.017681967467069626,32.23363494873047
9884.5,3.5758111476898193,12.002874374389648,0.01785489171743393,32.233638763427734
9886.0,3.5288145542144775,10.86260986328125,0.0185844786465168,32.23365020751953
9887.5,3.3223013877868652,8.250396728515625,0.019677646458148956,32.233673095703125
9889.0,3.0806450843811035,6.4122161865234375,0.020558783784508705,32.23369216918945
9890.5,3.188302516937256,6.874898910522461,0.020540794357657433,32.23368835449219
9892.0,3.6479361057281494,12.291288375854492,0.019928060472011566,32.23367691040039
9893.5,3.873929738998413,20.517227172851562,0.022772079333662987,32.23373794555664
9895.0,3.4499213695526123,18.42104721069336,0.02978796325623989,32.23393249511719
9896.5,2.8866875171661377,7.101810932159424,0.041488684713840485,32.234336853027344
9898.0,2.9390666484832764,4.463629722595215,0.04986492544412613,32.23476028442383
9899.5,3.2908082008361816,6.192263126373291,0.04671517759561539,32.23457717895508
9901.0,3.3325376510620117,8.976885795593262,0.03216482698917389,32.2340087890625
9902.5,3.266648769378662,9.61032485961914,0.023465828970074654,32.23374938964844
9904.0,3.3763856887817383,10.085479736328125,0.020427512004971504,32.23368453979492
9905.5,3.5658349990844727,11.729253768920898,0.019149739295244217,32.233665466308594
9907.0,3.683253765106201,13.170295715332031,0.01857246458530426,32.23365020751953
9908.5,3.6014697551727295,12.003448486328125,0.01914660446345806,32.2336540222168
9910.0,3.4925639629364014,10.062002182006836,0.019256671890616417,32.233665466308594
9911.5,3.925377130508423,17.437454223632812,0.01983402855694294,32.23367691040039
9913.0,4.62013578414917,33.94141387939453,0.025401189923286438,32.23380661010742
9914.5,4.457854270935059,35.04821014404297,0.039605557918548584,32.2342643737793
9916.0,3.139087200164795,12.833839416503906,0.059736575931310654,32.235328674316406
9917.5,1.9423496723175049,2.3275058269500732,0.08034209161996841,32.23685073852539
9919.0,2.1636040210723877,2.7549681663513184,0.08418071269989014,32.23711395263672
9920.5,3.568441867828369,11.40284538269043,0.057202182710170746,32.235206604003906
9922.0,3.9778964519500732,21.393321990966797,0.03210196644067764,32.23396301269531
9923.5,3.4998841285705566,14.099615097045898,0.022071057930588722,32.23371887207031
9925.0,3.4629199504852295,10.425454139709473,0.019658256322145462,32.23366928100586
9926.5,3.75014591217041,13.0534086227417,0.01922433078289032,32.23366165161133
9928.0,3.7461700439453125,13.944817543029785,0.019198879599571228,32.23365783691406
9929.5,3.6147427558898926,12.274398803710938,0.019086042419075966,32.23365783691406
9931.0,3.622366189956665,11.826116561889648,0.018970105797052383,32.23365783691406
9932.5,3.695678472518921,12.459955215454102,0.01931450515985489,32.23365783691406
9934.0,3.763392210006714,12.874343872070312,0.019791312515735626,32.233665466308594
9935.5,3.764540910720825,12.726716995239258,0.02013150416314602,32.23366928100586
9937.0,3.7276368141174316,12.589580535888672,0.020528461784124374,32.24917984008789
9938.5,3.885369062423706,15.892288208007812,0.02116590365767479,32.24919128417969
9940.0,4.230715751647949,24.28594207763672,0.024654775857925415,32.249267578125
9941.5,4.416308403015137,27.990150451660156,0.03527304157614708,32.249542236328125
9943.0,4.1302642822265625,19.989593505859375,0.048786528408527374,32.250118255615234
9944.5,3.2087347507476807,9.700848579406738,0.0626981258392334,32.2507438659668
9946.0,2.3227956295013428,6.322443008422852,0.06866254657506943,32.25129318237305
9947.5,1.4566997289657593,2.888801097869873,0.07813131809234619,32.25185012817383
9949.0,1.432542324066162,2.3526430130004883,0.08732949197292328,32.252628326416016
9950.5,2.5829968452453613,6.534485816955566,0.08978815376758575,32.25297927856445
9952.0,4.166355609893799,14.109001159667969,0.07919467985630035,32.25215148925781
9953.5,4.658710956573486,23.76177215576172,0.052505578845739365,32.25041198730469
9955.0,4.666848182678223,37.72651672363281,0.041531264781951904,32.2498664855957
9956.5,4.077791690826416,32.52635955810547,0.046767644584178925,32.25005340576172
9958.0,3.07236385345459,13.744711875915527,0.058897022157907486,32.250701904296875
9959.5,2.3420910835266113,3.8219408988952637,0.0707976296544075,32.2514533996582
9961.0,2.4500062465667725,3.468036651611328,0.07405613362789154,32.25170135498047
9962.5,3.04134464263916,3.944206953048706,0.07402603328227997,32.25162124633789
9964.0,3.286119222640991,3.9477391242980957,0.07029230147600174,32.251441955566406
9965.5,3.413649559020996,5.513031005859375,0.07441964745521545,32.25176239013672
9967.0,3.721855640411377,10.741266250610352,0.06187014281749725,32.250858306884766
9968.5,4.020915985107422,18.20170783996582,0.042045604437589645,32.249874114990234
9970.0,4.137441635131836,23.330726623535156,0.028746288269758224,32.2493896484375
9971.5,3.973998785018921,21.172645568847656,0.0284869521856308,32.24937438964844
9973.0,3.6504456996917725,12.767793655395508,0.03376332297921181,32.24955368041992
9974.5,3.46101975440979,6.107911109924316,0.040283314883708954,32.249778747558594
9976.0,3.8575947284698486,6.5456743240356445,0.04265272617340088,32.2498664855957
9977.5,5.083047389984131,8.591763496398926,0.0396454893052578,32.2497444152832
9979.0,6.753237247467041,11.7823486328125,0.033874545246362686,32.249481201171875
9980.5,8.225167274475098,13.038431167602539,0.03151501715183258,32.24939727783203
9982.0,8.721458435058594,13.73154354095459,0.031901102513074875,32.249393463134766
9983.5,7.5790534019470215,12.941049575805664,0.03012961335480213,32.24935531616211
9985.0,5.954070091247559,12.356629371643066,0.02660517208278179,32.24928665161133
9986.5,4.907270908355713,12.693131446838379,0.023686327040195465,32.249237060546875
9988.0,4.327200889587402,13.047340393066406,0.022346092388033867,32.24921417236328
9989.5,3.940394639968872,12.530034065246582,0.02178456261754036,32.249210357666016
9991.0,3.753469467163086,12.300190925598145,0.021568672731518745,32.249210357666016
9992.5,3.7595324516296387,12.003318786621094,0.021652309224009514,32.249210357666016
9994.0,3.7778120040893555,11.221952438354492,0.02189599722623825,32.24921417236328
9995.5,3.8075032234191895,10.512557983398438,0.022334642708301544,32.26471710205078
9997.0,3.9942359924316406,12.81404972076416,0.022420115768909454,32.26471710205078
9998.5,4.099251747131348,17.804969787597656,0.023430921137332916,32.28023910522461
10000.0,3.7300946712493896,15.56129264831543,0.02625994011759758,32.28031539916992
10001.5,2.895982027053833,5.494956016540527,0.0322873592376709,32.28049850463867
10003.0,2.3275043964385986,3.003643035888672,0.03910020738840103,32.280738830566406
10004.5,2.5019967555999756,3.1911401748657227,0.03942910209298134,32.28076171875
10006.0,3.0076117515563965,6.219534397125244,0.03446967154741287,32.28055953979492
10007.5,3.5332882404327393,12.928218841552734,0.02922152169048786,32.2803955078125
10009.0,4.225825309753418,21.46463966369629,0.027896013110876083,32.249359130859375
10010.5,5.266269683837891,41.688232421875,0.03324897214770317,32.24953079223633
10012.0,5.768413543701172,62.11370849609375,0.04846123233437538,32.25017166137695
10013.5,3.823607921600342,36.348724365234375,0.07292616367340088,32.251705169677734
10015.0,1.2883104085922241,1.971258282661438,0.09710127860307693,32.25374984741211
10016.5,1.0360825061798096,1.076972246170044,0.1231483444571495,32.25639343261719
10018.0,2.8241677284240723,8.31674575805664,0.10982490330934525,32.25507354736328
10019.5,4.142343521118164,28.696964263916016,0.07521233707666397,32.25178527832031
10021.0,3.8201096057891846,23.788591384887695,0.043451279401779175,32.24991226196289
10022.5,3.9053549766540527,19.059528350830078,0.034824930131435394,32.24959945678711
10024.0,4.291116237640381,24.39381980895996,0.03700190782546997,32.249664306640625
10025.5,3.4976820945739746,14.978263854980469,0.04399399086833,32.24995422363281
10027.0,2.277099847793579,3.2095372676849365,0.054508812725543976,32.250518798828125
10028.5,2.026373863220215,2.512390613555908,0.06292954832315445,32.25099563598633
10030.0,2.5344836711883545,5.032347679138184,0.059326011687517166,32.25081253051758
10031.5,3.137251377105713,8.550431251525879,0.04439317435026169,32.24994659423828
10033.0,3.437533140182495,10.398636817932129,0.03088844195008278,32.24945068359375
10034.5,3.5840914249420166,12.030255317687988,0.02688303403556347,32.24932861328125
10036.0,3.691909074783325,13.762596130371094,0.02587445266544819,32.249298095703125
10037.5,3.5917165279388428,11.730142593383789,0.025932572782039642,32.249305725097656
10039.0,3.4382593631744385,9.9336576461792,0.026640724390745163,32.24931716918945
10040.5,3.4913971424102783,11.770240783691406,0.027331775054335594,32.24934005737305
10042.0,3.6867027282714844,14.90835952758789,0.02817346900701523,32.24937057495117
10043.5,3.5830302238464355,11.430497169494629,0.030444201081991196,32.249427795410156
10045.0,2.970952272415161,4.465001583099365,0.03508908674120903,32.24958419799805
10046.5,2.4488046169281006,2.928877353668213,0.040910620242357254,32.24980926513672
10048.0,2.6165552139282227,3.2367382049560547,0.04138605296611786,32.24982452392578
10049.5,3.198385238647461,5.645455837249756,0.03456874191761017,32.24955749511719
10051.0,3.6272401809692383,11.185932159423828,0.02779655158519745,32.24934387207031
10052.5,3.7108702659606934,12.823488235473633,0.02529061771929264,32.2492790222168
10054.0,3.585780620574951,11.6478271484375,0.02476130984723568,32.249267578125
10055.5,3.590031385421753,11.317242622375488,0.024764608591794968,32.249267578125
10057.0,3.7944438457489014,15.020965576171875,0.0254207793623209,32.24928665161133
10058.5,3.9120161533355713,20.141077041625977,0.02837609127163887,32.24937057495117
10060.0,3.7752201557159424,20.05353546142578,0.03470983728766441,32.24957275390625
10061.5,3.336188316345215,11.38232707977295,0.044908057898283005,32.2499885559082
10063.0,2.8726658821105957,5.557720184326172,0.05434908717870712,32.25049591064453
10064.5,2.847475290298462,5.0113677978515625,0.05787517502903938,32.2507209777832
10066.0,3.1266262531280518,7.631311416625977,0.05286223813891411,32.25039291381836
10067.5,3.272357225418091,8.889188766479492,0.0404440276324749,32.24979019165039
10069.0,3.266256809234619,8.648566246032715,0.03622109442949295,32.24962615966797
10070.5,3.210538625717163,6.410674095153809,0.03854670748114586,32.24971389770508
10072.0,2.923919439315796,4.232284069061279,0.04186400771141052,32.24984359741211
10073.5,2.4196090698242188,3.1297998428344727,0.04441974684596062,32.24996566772461
10075.0,2.330374240875244,3.255481719970703,0.04436445236206055,32.24995422363281
10076.5,2.9152841567993164,5.780397415161133,0.039026301354169846,32.249732971191406
10078.0,3.6541202068328857,12.917363166809082,0.03314637765288353,32.24951171875
10079.5,4.415660381317139,27.441932678222656,0.0333094522356987,32.249534606933594
10081.0,4.777228832244873,39.54943084716797,0.04190048575401306,32.24986267089844
10082.5,3.9348671436309814,27.52927017211914,0.05635571852326393,32.250606536865234
10084.0,2.4704623222351074,4.488431930541992,0.07480166852474213,32.251808166503906
10085.5,1.8724663257598877,2.7335360050201416,0.0942816287279129,32.253570556640625
10087.0,2.5053904056549072,4.314766883850098,0.10073370486497879,32.25397872924805
10088.5,3.7989046573638916,14.72046947479248,0.07333170622587204,32.25164794921875
10090.0,4.050120830535889,20.624820709228516,0.042368847876787186,32.249813079833984
10091.5,3.485194444656372,12.213678359985352,0.03257733955979347,32.249473571777344
10093.0,3.273489475250244,9.985801696777344,0.030100051313638687,32.2494010925293
10094.5,3.4326958656311035,11.941431999206543,0.029383370652794838,32.2493896484375
10096.0,3.495724678039551,11.702695846557617,0.029421815648674965,32.249385833740234
10097.5,3.3845584392547607,9.59589958190918,0.029917152598500252,32.24940872192383
10099.0,3.3461878299713135,8.777365684509277,0.031376913189888,32.24945068359375
10100.5,3.7542457580566406,13.791865348815918,0.033586326986551285,32.24953079223633
10102.0,4.24968957901001,23.465715408325195,0.03836031258106232,32.24970626831055
10103.5,3.9598631858825684,20.163970947265625,0.046142108738422394,32.25003433227539
10105.0,3.1252708435058594,6.974172592163086,0.05497235432267189,32.250484466552734
10106.5,2.7595527172088623,4.370668888092041,0.06578527390956879,32.25117111206055
10108.0,3.0171844959259033,6.347145080566406,0.07075510919094086,32.251502990722656
10109.5,3.3318991661071777,11.234989166259766,0.054864007979631424,32.250511169433594
10111.0,3.456869125366211,11.805368423461914,0.03712659701704979,32.249656677246094
10112.5,3.631035089492798,11.571805000305176,0.031989067792892456,32.24946212768555
10114.0,3.8316245079040527,13.461095809936523,0.030635913833975792,32.24942398071289
10115.5,3.8324122428894043,13.866874694824219,0.030559025704860687,32.249412536621094
10117.0,3.6889145374298096,12.028118133544922,0.03049153834581375,32.249412536621094
10118.5,3.554795742034912,10.254337310791016,0.0314558669924736,32.249446868896484
10120.0,3.8960535526275635,16.191020965576172,0.033737119287252426,32.249507904052734
10121.5,4.912820339202881,38.523292541503906,0.039558522403240204,32.249725341796875
10123.0,5.047821521759033,46.53684997558594,0.05486775562167168,32.25046157836914
10124.5,3.180581569671631,10.466812133789062,0.07646048814058304,32.2519416809082
10126.0,1.7549870014190674,1.8405389785766602,0.1045929417014122,32.25439453125
10127.5,1.8326454162597656,2.6177239418029785,0.12995664775371552,32.257320404052734
10129.0,2.4599456787109375,9.694478034973145,0.11502868682146072,32.25581359863281
10130.5,2.8728177547454834,15.59013843536377,0.07391026616096497,32.251739501953125
10132.0,3.1694984436035156,12.753707885742188,0.04500151053071022,32.24995422363281
10133.5,3.295861005783081,8.198516845703125,0.04063853994011879,32.249752044677734
10135.0,3.246829032897949,7.589879035949707,0.04109765216708183,32.2497673034668
10136.5,3.100621461868286,6.221602916717529,0.041705694049596786,32.24979019165039
10138.0,3.166203498840332,6.712114334106445,0.04025626182556152,32.24974060058594
10139.5,3.397801399230957,8.776865005493164,0.03788982331752777,32.2496452331543
10141.0,3.716364860534668,12.661925315856934,0.03722166270017624,32.24961471557617
10142.5,3.9124062061309814,14.657367706298828,0.03779799863696098,32.249637603759766
10144.0,3.771085023880005,12.238941192626953,0.038423601537942886,32.249691009521484
10145.5,3.452669620513916,8.082361221313477,0.04183972254395485,32.24980926513672
10147.0,3.216400384902954,5.832798957824707,0.0454460084438324,32.249969482421875
10148.5,3.0942819118499756,6.373675346374512,0.04715242236852646,32.25007629394531
10150.0,3.1295371055603027,11.181085586547852,0.04820515587925911,32.25014877319336
10151.5,3.340717315673828,16.279098510742188,0.05387238785624504,32.25044250488281
10153.0,3.387956142425537,12.216890335083008,0.062246181070804596,32.25084686279297
10154.5,3.1813464164733887,6.22731876373291,0.07189537584781647,32.25153732299805
10156.0,2.8478457927703857,5.23877477645874,0.0870715007185936,32.25275802612305
10157.5,2.8729350566864014,6.865792274475098,0.08436106145381927,32.25243377685547
10159.0,3.099001407623291,10.807971954345703,0.07015157490968704,32.2513427734375
10160.5,2.9498980045318604,6.600970268249512,0.06567978858947754,32.251060485839844
10162.0,2.6675631999969482,3.753849983215332,0.06448759138584137,32.25094223022461
10163.5,2.881889820098877,5.0408782958984375,0.06116301938891411,32.25074005126953
10165.0,3.2128257751464844,10.723581314086914,0.056041885167360306,32.250457763671875
10166.5,3.1230452060699463,11.065595626831055,0.05617712065577507,32.25044631958008
10168.0,3.327868700027466,15.572830200195312,0.058353740721940994,32.250667572021484
10169.5,4.48775053024292,36.8854866027832,0.06465290486812592,32.251060485839844
10171.0,4.881070137023926,44.836509704589844,0.07883668690919876,32.25208282470703
10172.5,3.0601494312286377,7.382774829864502,0.10480213910341263,32.25457763671875
10174.0,1.7323579788208008,2.0777816772460938,0.13852523267269135,32.25845718383789
10175.5,1.3296480178833008,1.5636780261993408,0.15782906115055084,32.261192321777344
10177.0,2.448763847351074,12.49085807800293,0.1453457921743393,32.24394226074219
10178.5,3.7075366973876953,26.80581283569336,0.09995491057634354,32.23843765258789
10180.0,4.222135543823242,29.285675048828125,0.06347624212503433,32.23543167114258
10181.5,3.5743350982666016,11.580683708190918,0.056139588356018066,32.23500442504883
10183.0,2.580850124359131,3.5946972370147705,0.06255945563316345,32.23539733886719
10184.5,2.3624930381774902,3.3753771781921387,0.07176438719034195,32.236019134521484
10186.0,3.197476387023926,11.0792875289917,0.07187100499868393,32.23606491088867
10187.5,4.1694464683532715,27.553855895996094,0.06700845807790756,32.23569107055664
10189.0,4.0178680419921875,22.84619903564453,0.07298144698143005,32.23601531982422
10190.5,2.785691738128662,5.928683280944824,0.0865740180015564,32.23711395263672
10192.0,1.6702942848205566,2.230776786804199,0.10144182294607162,32.23867416381836
10193.5,1.255105972290039,2.5920944213867188,0.11782542616128922,32.24052429199219
10195.0,2.2026724815368652,7.706052780151367,0.11070028692483902,32.239524841308594
10196.5,3.541411876678467,15.642900466918945,0.07834526896476746,32.236366271972656
10198.0,3.906315803527832,16.764789581298828,0.05774698778986931,32.23496627807617
10199.5,3.7529897689819336,18.28516387939453,0.05424772575497627,32.234798431396484
10201.0,4.068963527679443,24.557632446289062,0.059610456228256226,32.23505783081055
10334.5,2.3611083030700684,5.512123107910156,0.09330902248620987,32.23777770996094
10336.0,3.0601911544799805,7.408807277679443,0.09173578023910522,32.237545013427734
10337.5,4.6563801765441895,27.29605484008789,0.09590410441160202,32.23815155029297
10339.0,6.3442583084106445,65.13955688476562,0.11527418345212936,32.2403678894043
10340.5,6.754573345184326,81.63427734375,0.14686913788318634,32.382118225097656
10342.0,2.7106189727783203,33.62101364135742,6.089440822601318,43.56419372558594
10343.5,0.0,0.0,9.32737922668457,52.0
10345.0,0.0,0.0,9.32737922668457,52.0
10346.5,0.0,0.0,9.32737922668457,52.0
10348.0,0.0,0.0,9.32737922668457,52.0
10349.5,0.0,0.0,9.32737922668457,52.0
10351.0,0.0,0.0,9.32737922668457,52.0
