WAVE,FLUX_1RE,FLUX_FoV,ERROR_1RE,ERROR_FoV
3622.0,0.2693862020969391,3.9272541999816895,0.028929453343153,23.474628448486328
3623.5,0.19329223036766052,2.826079845428467,0.027843264862895012,23.47458839416504
3625.0,0.05317332595586777,2.783200979232788,0.026570426300168037,23.474523544311523
3626.5,0.22748763859272003,2.4404120445251465,0.027883488684892654,23.474502563476562
3628.0,0.14758768677711487,2.5889267921447754,0.027231302112340927,23.474483489990234
3629.5,0.2919643521308899,3.0423669815063477,0.028094680979847908,23.47449493408203
3631.0,0.06722979992628098,2.6804094314575195,0.0273391492664814,23.474567413330078
3632.5,0.18944764137268066,2.6593711376190186,0.028746159747242928,23.474620819091797
3634.0,0.15640990436077118,3.281733989715576,0.028559427708387375,23.474609375
3778.0,0.18966981768608093,2.3163070678710938,0.01351224910467863,23.57989501953125
3779.5,0.22623881697654724,2.1190943717956543,0.01335010677576065,23.601072311401367
3781.0,0.17169372737407684,2.1861419677734375,0.012808400206267834,23.601062774658203
3782.5,0.16873395442962646,1.545912742614746,0.01272985152900219,23.601055145263672
3784.0,0.15581384301185608,2.1105546951293945,0.01244729571044445,23.60104751586914
3785.5,0.1543588936328888,1.6816647052764893,0.012801481410861015,23.601055145263672
3787.0,0.2262444794178009,2.2869999408721924,0.012767795473337173,23.601051330566406
3788.5,0.26327043771743774,2.545057535171509,0.012606751173734665,23.601030349731445
3790.0,0.25390708446502686,2.318265914916992,0.012713992036879063,23.601037979125977
3791.5,0.2266029715538025,1.8380717039108276,0.013051058165729046,23.601055145263672
3793.0,0.2994993329048157,2.8626914024353027,0.013443036004900932,23.60106658935547
3794.5,0.30907711386680603,3.112058639526367,0.013408548198640347,23.601055145263672
3796.0,0.2964467406272888,2.286561965942383,0.013122032396495342,23.601043701171875
3797.5,0.23476752638816833,2.6278324127197266,0.012499402277171612,23.601036071777344
3799.0,0.2380022257566452,2.7262847423553467,0.01212882250547409,23.601024627685547
3800.5,0.17577019333839417,1.7670953273773193,0.011691235937178135,23.60102081298828
3802.0,0.1635964810848236,2.1291213035583496,0.011822751723229885,23.622203826904297
3803.5,0.20667989552021027,1.752166748046875,0.011983050033450127,23.622196197509766
3805.0,0.2466837763786316,1.906999111175537,0.011882527731359005,23.622188568115234
3806.5,0.17299114167690277,1.8544585704803467,0.011364527978003025,23.62218475341797
3808.0,0.22245720028877258,2.371901035308838,0.011436963453888893,23.62218475341797
3809.5,0.22172431647777557,2.2792553901672363,0.011516047641634941,23.62218475341797
3811.0,0.24474439024925232,2.503021001815796,0.011485320515930653,23.62217903137207
3812.5,0.25715070962905884,2.326467514038086,0.011628678999841213,23.62217903137207
3814.0,0.30573850870132446,3.179610252380371,0.012265890836715698,23.622196197509766
3815.5,0.28321975469589233,2.126032829284668,0.012456441298127174,23.64335823059082
3817.0,0.19057518243789673,2.505376100540161,0.011681981384754181,23.643354415893555
3818.5,0.15273869037628174,1.4536075592041016,0.01129160076379776,23.643346786499023
3850.0,0.17941689491271973,2.5063087940216064,0.010351547971367836,23.622159957885742
3851.5,0.22485800087451935,1.8711777925491333,0.010586169548332691,23.622159957885742
3853.0,0.2476244866847992,1.7213516235351562,0.010548019781708717,23.62215232849121
3854.5,0.25899869203567505,2.253779888153076,0.010262615978717804,23.622146606445312
3856.0,0.23456931114196777,1.867121696472168,0.010233204811811447,23.622150421142578
3857.5,0.23566055297851562,1.5542306900024414,0.010094309225678444,23.62214469909668
3859.0,0.22202414274215698,1.602830410003662,0.009806280955672264,23.62213706970215
3860.5,0.24269376695156097,2.447115898132324,0.009677297435700893,23.622133255004883
3862.0,0.20377427339553833,1.993441104888916,0.009730319492518902,23.622140884399414
3863.5,0.17967958748340607,1.399587631225586,0.00980432704091072,23.622142791748047
3865.0,0.15378601849079132,1.4520056247711182,0.00940948911011219,23.62213706970215
3866.5,0.22832521796226501,1.8156182765960693,0.00959608145058155,23.622133255004883
3868.0,0.1858144849538803,2.7110395431518555,0.009505354799330235,23.62213706970215
3869.5,0.1876680999994278,1.416560173034668,0.009386169724166393,23.62213134765625
3871.0,0.27000313997268677,2.295475721359253,0.009393992833793163,23.62212371826172
3872.5,0.2429068684577942,2.0877113342285156,0.009160125628113747,23.62212371826172
3874.0,0.25364139676094055,2.370751142501831,0.009478948079049587,23.622129440307617
3875.5,0.24866414070129395,2.273831605911255,0.009720931760966778,23.643293380737305
3877.0,0.27486932277679443,2.377289295196533,0.009794709272682667,23.643291473388672
3878.5,0.3189352750778198,2.845367193222046,0.009792915545403957,23.64328384399414
3880.0,0.3420126438140869,2.3923816680908203,0.009850399568676949,23.664417266845703
3881.5,0.29022717475891113,2.330688953399658,0.00947647076100111,23.66441535949707
3883.0,0.2662965655326843,2.522644281387329,0.009212109260261059,23.664413452148438
3884.5,0.2972496449947357,2.2447071075439453,0.009536377154290676,23.66441535949707
3919.0,0.2196887582540512,1.871118187904358,0.009359191171824932,23.643281936645508
3920.5,0.24557214975357056,2.298330307006836,0.009175485000014305,23.64327621459961
3922.0,0.18536078929901123,1.8517978191375732,0.008644528687000275,23.643268585205078
3923.5,0.19258888065814972,2.1632463932037354,0.008475277572870255,23.64326286315918
3925.0,0.17026661336421967,1.6329091787338257,0.00841249618679285,23.64326286315918
3926.5,0.17155741155147552,1.4900968074798584,0.008245542645454407,23.643260955810547
3928.0,0.16585251688957214,1.618459939956665,0.008070950396358967,23.64325523376465
3929.5,0.17992958426475525,1.670760154724121,0.007968602702021599,23.64325523376465
3931.0,0.15758511424064636,2.0306200981140137,0.00781144667416811,23.64325523376465
3932.5,0.15081879496574402,1.4980919361114502,0.007778896018862724,23.64325523376465
3934.0,0.1584942638874054,1.4709088802337646,0.007703258655965328,23.64325523376465
3935.5,0.1847558319568634,1.3600291013717651,0.007747350260615349,23.643251419067383
3937.0,0.17381301522254944,1.77583646774292,0.007712733931839466,23.643251419067383
3938.5,0.1805083006620407,1.501079797744751,0.007926019839942455,23.622098922729492
3940.0,0.17933028936386108,1.6800994873046875,0.008317632600665092,23.622108459472656
3941.5,0.21845847368240356,1.576594591140747,0.009018403477966785,23.600942611694336
3943.0,0.24014976620674133,2.2426929473876953,0.009110595099627972,23.600948333740234
3944.5,0.269526869058609,1.7800650596618652,0.00921670999377966,23.6009464263916
3946.0,0.18715530633926392,2.127368211746216,0.008843370713293552,23.622121810913086
3947.5,0.27486175298690796,2.164663314819336,0.0091244550421834,23.62211799621582
3949.0,0.2565155625343323,1.9521739482879639,0.009042404592037201,23.622119903564453
3950.5,0.2578388452529907,2.789952516555786,0.008804733864963055,23.622116088867188
3952.0,0.26918256282806396,2.3214948177337646,0.008836207911372185,23.60093879699707
3953.5,0.2454812228679657,2.202845335006714,0.008730853907763958,23.600936889648438
3955.0,0.2668761610984802,3.233440399169922,0.00863773375749588,23.600934982299805
3956.5,0.258833110332489,2.2248823642730713,0.008606307208538055,23.60093116760254
3958.0,0.21975991129875183,2.141800880432129,0.008556077256798744,23.600933074951172
3959.5,0.2690066695213318,2.396677255630493,0.008504628203809261,23.600927352905273
3961.0,0.23835289478302002,1.855355978012085,0.008505242876708508,23.600929260253906
3962.5,0.2830623984336853,2.180802345275879,0.00875022355467081,23.60093116760254
3964.0,0.23702633380889893,2.0921859741210938,0.008395466022193432,23.60092544555664
3965.5,0.2900206446647644,2.5208263397216797,0.008349462412297726,23.600921630859375
3967.0,0.2591644823551178,2.1780736446380615,0.008325041271746159,23.600919723510742
3968.5,0.29384732246398926,2.422882080078125,0.008275137282907963,23.62209129333496
3970.0,0.26593872904777527,2.490046977996826,0.008051272481679916,23.62209129333496
3971.5,0.2834419012069702,2.3200652599334717,0.008269504643976688,23.622095108032227
3973.0,0.24108418822288513,2.061856269836426,0.008434649556875229,23.622098922729492
3974.5,0.2867993712425232,2.1424694061279297,0.008873846381902695,23.64326286315918
3976.0,0.2718275785446167,2.5175204277038574,0.009039418771862984,23.64327049255371
3977.5,0.26710858941078186,2.4068562984466553,0.009191301651299,23.643274307250977
3979.0,0.2456808239221573,2.588235855102539,0.009075045585632324,23.643274307250977
3980.5,0.257135808467865,2.5185999870300293,0.009043837897479534,23.643274307250977
3982.0,0.25817370414733887,2.1524572372436523,0.009226104244589806,23.64327621459961
3983.5,0.29697421193122864,2.4688310623168945,0.009235166013240814,23.643274307250977
3985.0,0.2674655020236969,2.68405818939209,0.009184501133859158,23.643274307250977
3986.5,0.248661607503891,2.11541485786438,0.008915087208151817,23.64327049255371
3988.0,0.2717496156692505,2.8127150535583496,0.008746631443500519,23.664403915405273
3989.5,0.2795833349227905,1.8429609537124634,0.009139330126345158,23.66440773010254
3991.0,0.2894133925437927,1.8054735660552979,0.009095624089241028,23.664403915405273
3992.5,0.254913866519928,2.489166259765625,0.008745555765926838,23.66440200805664
3994.0,0.24367693066596985,1.9298086166381836,0.008765080012381077,23.66440200805664
3995.5,0.20049190521240234,1.943589210510254,0.008471923880279064,23.664400100708008
3997.0,0.28274381160736084,2.4573235511779785,0.008727092295885086,23.664398193359375
3998.5,0.25734543800354004,2.0078089237213135,0.008790772408246994,23.66440200805664
4000.0,0.2714320719242096,2.1335649490356445,0.008961575105786324,23.66440773010254
4001.5,0.25293487310409546,2.124725818634033,0.008901110850274563,23.66440773010254
4003.0,0.25269120931625366,2.668978214263916,0.008656351827085018,23.664403915405273
4004.5,0.2484951615333557,2.3296117782592773,0.008625158108770847,23.66440200805664
4006.0,0.2671089768409729,1.9559087753295898,0.008698765188455582,23.664400100708008
4007.5,0.26756003499031067,2.6327898502349854,0.008944477885961533,23.66440773010254
4009.0,0.2673240303993225,2.2024216651916504,0.009356463328003883,23.66441535949707
4010.5,0.24658352136611938,1.5255582332611084,0.009479785338044167,23.664417266845703
4012.0,0.33319056034088135,2.7268106937408447,0.009543491527438164,23.68553352355957
4013.5,0.29140543937683105,2.5706892013549805,0.009403340518474579,23.685537338256836
4015.0,0.3554576635360718,2.779531478881836,0.009482611902058125,23.68553352355957
4016.5,0.2882401943206787,2.2636733055114746,0.00905095599591732,23.706626892089844
4018.0,0.3602370023727417,2.914080858230591,0.009074516594409943,23.70662498474121
4019.5,0.2798827886581421,2.2920403480529785,0.008937145583331585,23.706626892089844
4021.0,0.3130161762237549,2.1233787536621094,0.00915293488651514,23.685529708862305
4022.5,0.2267777919769287,2.1456282138824463,0.00887284055352211,23.685529708862305
4024.0,0.2559259533882141,2.549471855163574,0.009023163467645645,23.68552589416504
4025.5,0.21506989002227783,1.8989226818084717,0.008697571232914925,23.685522079467773
4027.0,0.2092534452676773,1.737146258354187,0.008478641510009766,23.685516357421875
4028.5,0.2533631920814514,1.971288800239563,0.008619942702353,23.685516357421875
4030.0,0.19192485511302948,1.2736163139343262,0.008414282463490963,23.685516357421875
4031.5,0.18189120292663574,1.405634880065918,0.008082195185124874,23.685510635375977
4033.0,0.16990500688552856,1.682220458984375,0.007770168595016003,23.685510635375977
4034.5,0.1245330348610878,1.1350898742675781,0.007489008363336325,23.685508728027344
4036.0,0.07374458760023117,1.3467686176300049,0.007258833851665258,23.685508728027344
4037.5,0.1597203016281128,1.5978542566299438,0.007994127459824085,23.685510635375977
4039.0,0.14103859663009644,1.5032031536102295,0.007966917008161545,23.68551254272461
4040.5,0.21842435002326965,1.7056264877319336,0.008157938718795776,23.685514450073242
4042.0,0.22132815420627594,2.343079090118408,0.008331650868058205,23.685518264770508
4043.5,0.18640495836734772,1.3890035152435303,0.008598128333687782,23.68552589416504
4045.0,0.2821882367134094,2.9475502967834473,0.009117491543293,23.68553352355957
4046.5,0.25980144739151,2.6900205612182617,0.009959821589291096,23.685558319091797
4048.0,0.1633794754743576,0.7477177381515503,0.010719883255660534,23.685579299926758
4049.5,0.3079379200935364,3.174480438232422,0.00998721644282341,23.685556411743164
4051.0,0.30949223041534424,3.4299063682556152,0.008922936394810677,23.685529708862305
4052.5,0.2757250666618347,2.1615872383117676,0.00864332914352417,23.68552017211914
4054.0,0.30254438519477844,2.671571731567383,0.008447468280792236,23.68551254272461
4055.5,0.29588180780410767,2.1300745010375977,0.008462020196020603,23.685516357421875
4057.0,0.30360060930252075,2.817254066467285,0.008384392596781254,23.706613540649414
4058.5,0.2865045666694641,2.721561908721924,0.008074062876403332,23.70660972595215
4060.0,0.27824801206588745,2.4039227962493896,0.008365573361515999,23.706615447998047
4061.5,0.28026115894317627,2.3957679271698,0.008565575815737247,23.706619262695312
4063.0,0.28579020500183105,2.4068427085876465,0.008576351217925549,23.70661735534668
4064.5,0.24517491459846497,2.0332257747650146,0.008684723637998104,23.706621170043945
4066.0,0.18972012400627136,1.4943065643310547,0.008756181225180626,23.70662498474121
4067.5,0.20315983891487122,1.5625706911087036,0.00844382680952549,23.706623077392578
4069.0,0.16348254680633545,1.7472174167633057,0.008162515237927437,23.706619262695312
4070.5,0.12371350824832916,1.3970855474472046,0.007992692291736603,23.706619262695312
4072.0,0.17106425762176514,1.7525783777236938,0.008032236248254776,23.706619262695312
4073.5,0.13489532470703125,1.4782536029815674,0.007740146480500698,23.70661163330078
4075.0,0.21993069350719452,2.2829506397247314,0.00787007249891758,23.70661163330078
4076.5,0.16346332430839539,1.4372540712356567,0.008213149383664131,23.706621170043945
4078.0,0.19195163249969482,1.5067343711853027,0.008573377504944801,23.70662498474121
4079.5,0.26612815260887146,2.5303850173950195,0.008575201034545898,23.706621170043945
4081.0,0.2660435438156128,2.201740264892578,0.008525529876351357,23.706621170043945
4082.5,0.2985575795173645,2.1990599632263184,0.008670683018863201,23.706619262695312
4084.0,0.3586137592792511,2.467038631439209,0.008767394348978996,23.706613540649414
4085.5,0.34054630994796753,2.7327051162719727,0.008574644103646278,23.706615447998047
4087.0,0.31108221411705017,2.1452763080596924,0.008575031533837318,23.70661735534668
4088.5,0.29676109552383423,2.4770898818969727,0.008631614968180656,23.70661735534668
4090.0,0.3600218594074249,3.2092137336730957,0.008701009675860405,23.70661163330078
4091.5,0.38848525285720825,2.9787826538085938,0.008795971050858498,23.727691650390625
4093.0,0.32696181535720825,2.5838022232055664,0.008575983345508575,23.727689743041992
4094.5,0.3572673201560974,2.463460922241211,0.0086618447676301,23.727689743041992
4096.0,0.35745078325271606,3.1334991455078125,0.008313076570630074,23.706607818603516
4097.5,0.33315929770469666,2.5157933235168457,0.008223498240113258,23.706605911254883
4099.0,0.31357914209365845,3.1397652626037598,0.00809808075428009,23.706607818603516
4100.5,0.3551293909549713,2.948575019836426,0.00825623981654644,23.706607818603516
4102.0,0.3614453673362732,2.895655870437622,0.008210381492972374,23.706607818603516
4103.5,0.3734237253665924,2.82450008392334,0.008131674490869045,23.706600189208984
4105.0,0.3960391879081726,2.927060604095459,0.008105834946036339,23.706602096557617
4106.5,0.38052183389663696,3.1494507789611816,0.00807461328804493,23.706602096557617
4108.0,0.36917704343795776,2.8210220336914062,0.008163387887179852,23.70660400390625
4109.5,0.3422815799713135,2.7951300144195557,0.008111361414194107,23.706605911254883
4111.0,0.29657676815986633,2.487492561340332,0.007943789474666119,23.70660400390625
4112.5,0.3732738494873047,2.9963951110839844,0.008057055063545704,23.685503005981445
4114.0,0.4114089608192444,3.1769323348999023,0.008169443346560001,23.685501098632812
4115.5,0.4195825159549713,3.405259609222412,0.008223048411309719,23.685503005981445
4117.0,0.3505623936653137,2.515854597091675,0.008118238300085068,23.685503005981445
4118.5,0.3580249547958374,3.1447830200195312,0.007927410304546356,23.685501098632812
4120.0,0.3443591594696045,3.0250658988952637,0.007834178395569324,23.685497283935547
4121.5,0.36650627851486206,2.9929146766662598,0.007984024472534657,23.685501098632812
4123.0,0.38577771186828613,3.1348953247070312,0.008091412484645844,23.685503005981445
4124.5,0.36986348032951355,2.9113101959228516,0.00825726892799139,23.685504913330078
4126.0,0.4293370842933655,3.3158881664276123,0.008472285233438015,23.706607818603516
4127.5,0.38130664825439453,3.253142833709717,0.008299281820654869,23.706607818603516
4129.0,0.4110117256641388,3.246622085571289,0.008340454660356045,23.706605911254883
4130.5,0.3511788845062256,2.7593941688537598,0.008048513904213905,23.70660400390625
4132.0,0.407457560300827,3.0447545051574707,0.008243018761277199,23.706602096557617
4133.5,0.4175693392753601,3.14534854888916,0.008330573327839375,23.70660400390625
4135.0,0.35384631156921387,3.093528985977173,0.008180337026715279,23.706605911254883
4136.5,0.3471009135246277,2.654148578643799,0.008236836642026901,23.706607818603516
4138.0,0.3149564862251282,2.7592945098876953,0.008192197419703007,23.706607818603516
4139.5,0.3708282709121704,2.6728057861328125,0.00817145872861147,23.706605911254883
4141.0,0.37175655364990234,3.079043388366699,0.008153393864631653,23.70660400390625
4142.5,0.3822634518146515,3.253591775894165,0.00799485482275486,23.706600189208984
4144.0,0.35391274094581604,3.5319464206695557,0.007820677012205124,23.70659828186035
4145.5,0.4028477370738983,3.531235694885254,0.008117961697280407,23.706600189208984
4147.0,0.36478421092033386,3.0660171508789062,0.008004799485206604,23.706602096557617
4148.5,0.3513830900192261,2.9630231857299805,0.007864962331950665,23.706600189208984
4150.0,0.31237369775772095,3.2319626808166504,0.007590621244162321,23.70659828186035
4151.5,0.33123135566711426,2.976212501525879,0.007515030913054943,23.727678298950195
4153.0,0.3882213830947876,3.077364683151245,0.007860117591917515,23.727680206298828
4154.5,0.3679038882255554,3.384140968322754,0.007961549796164036,23.727685928344727
4156.0,0.3672899007797241,3.4139609336853027,0.00831132847815752,23.727689743041992
4157.5,0.4160793721675873,2.6547317504882812,0.008454475551843643,23.727689743041992
4159.0,0.3477514684200287,2.6056101322174072,0.008177801966667175,23.70660400390625
4160.5,0.36333125829696655,3.206481456756592,0.008140366524457932,23.706605911254883
4162.0,0.34667688608169556,2.917868137359619,0.008250555954873562,23.706607818603516
4163.5,0.3521847128868103,3.1489195823669434,0.008285235613584518,23.706607818603516
4165.0,0.37242409586906433,3.008296489715576,0.008571239188313484,23.706613540649414
4166.5,0.36924654245376587,2.464977979660034,0.008611289784312248,23.70661735534668
4168.0,0.3235827088356018,3.449894666671753,0.008414371870458126,23.70661735534668
4169.5,0.28876036405563354,2.3788797855377197,0.008369818329811096,23.70661735534668
4171.0,0.35813161730766296,3.0816402435302734,0.008473004214465618,23.706613540649414
4172.5,0.3524039089679718,2.97212553024292,0.008365651592612267,23.706613540649414
4174.0,0.37930119037628174,3.2941904067993164,0.008356907404959202,23.70661163330078
4175.5,0.41476908326148987,3.4485301971435547,0.008249607868492603,23.706607818603516
4177.0,0.38922119140625,3.05490779876709,0.008128833025693893,23.70660400390625
4178.5,0.36130398511886597,2.83221697807312,0.008132175542414188,23.70660400390625
4180.0,0.36369699239730835,2.553943634033203,0.008075977675616741,23.706607818603516
4181.5,0.33742401003837585,3.0304479598999023,0.007848738692700863,23.727684020996094
4183.0,0.33845752477645874,2.467966079711914,0.007699764333665371,23.727680206298828
4184.5,0.32898449897766113,2.584933042526245,0.00767007889226079,23.727678298950195
4186.0,0.3189018964767456,2.6715900897979736,0.0076272981241345406,23.727678298950195
4187.5,0.39845341444015503,2.9760549068450928,0.007801204454153776,23.727678298950195
4189.0,0.4029259979724884,3.6315488815307617,0.007722729351371527,23.72767448425293
4190.5,0.35444629192352295,3.132524013519287,0.007631843443959951,23.727676391601562
4192.0,0.3767379820346832,3.071876049041748,0.007687385659664869,23.727680206298828
4193.5,0.32454025745391846,2.7426047325134277,0.007567169610410929,23.727676391601562
4195.0,0.40673375129699707,3.18017578125,0.007882639765739441,23.727678298950195
4196.5,0.3476557731628418,2.72694730758667,0.007598844822496176,23.72767448425293
4198.0,0.3715766668319702,3.224458694458008,0.0075926389545202255,23.727672576904297
4199.5,0.37621188163757324,2.8679332733154297,0.007547921501100063,23.727670669555664
4201.0,0.3524094820022583,2.8765339851379395,0.0074173882603645325,23.727670669555664
4202.5,0.3114689290523529,2.1043286323547363,0.007197036407887936,23.727670669555664
4204.0,0.33305275440216064,2.7358174324035645,0.007183027919381857,23.72766876220703
4205.5,0.31358838081359863,2.2667059898376465,0.007173499092459679,23.727670669555664
4207.0,0.32775747776031494,2.478900909423828,0.007229922339320183,23.727670669555664
4208.5,0.3138571083545685,2.2651915550231934,0.0074035050347447395,23.72767448425293
4210.0,0.2938917875289917,2.2720024585723877,0.0073218741454184055,23.72767448425293
4211.5,0.33468806743621826,2.8799855709075928,0.0073325117118656635,23.72767448425293
4213.0,0.3493325114250183,2.821444511413574,0.007314964663237333,23.727672576904297
4214.5,0.37198248505592346,2.862861394882202,0.007400308270007372,23.727672576904297
4216.0,0.3467065989971161,2.810818672180176,0.007248938549309969,23.727670669555664
4217.5,0.3496074676513672,2.761121988296509,0.007401390932500362,23.72767448425293
4219.0,0.3322664499282837,2.652390956878662,0.0072427368722856045,23.727670669555664
4220.5,0.36735785007476807,2.996530055999756,0.007196905557066202,23.748729705810547
4222.0,0.37662938237190247,3.01992130279541,0.0072692930698394775,23.748729705810547
4223.5,0.387094110250473,2.6783459186553955,0.007304945960640907,23.748729705810547
4225.0,0.34675872325897217,3.417293071746826,0.0071516032330691814,23.74873161315918
4226.5,0.35410332679748535,2.9504377841949463,0.00711957598105073,23.748729705810547
4228.0,0.32808995246887207,2.6850054264068604,0.0068986546248197556,23.748727798461914
4229.5,0.3486368656158447,3.260935068130493,0.006970745977014303,23.769771575927734
4231.0,0.331970751285553,2.938579559326172,0.007069247309118509,23.769771575927734
4232.5,0.3198709785938263,2.921192169189453,0.0070594181306660175,23.769775390625
4234.0,0.38427644968032837,3.43479585647583,0.007195266429334879,23.769775390625
4235.5,0.35111331939697266,2.706204891204834,0.00718556996434927,23.769775390625
4237.0,0.3672389090061188,2.588285446166992,0.007201231550425291,23.769775390625
4238.5,0.3439927101135254,3.101790189743042,0.007109041325747967,23.769775390625
4240.0,0.37501591444015503,2.9257102012634277,0.007083420176059008,23.769775390625
4241.5,0.36043640971183777,2.8723130226135254,0.007048444356769323,23.769773483276367
4243.0,0.3908739686012268,2.5035510063171387,0.007187853567302227,23.769771575927734
4244.5,0.363217830657959,3.2115001678466797,0.007074823137372732,23.769775390625
4246.0,0.3672361373901367,3.270939588546753,0.007176179438829422,23.769777297973633
4247.5,0.3557879328727722,2.6497609615325928,0.007604777347296476,23.76978302001953
4249.0,0.3399122357368469,2.5602641105651855,0.007562799844890833,23.76978302001953
4250.5,0.33652377128601074,2.685487985610962,0.007270547095686197,23.769779205322266
4252.0,0.30240076780319214,2.3900604248046875,0.007120870519429445,23.769777297973633
4253.5,0.3854348063468933,3.012357234954834,0.007467891089618206,23.769779205322266
4255.0,0.4168335199356079,3.4125661849975586,0.007503071334213018,23.769779205322266
4256.5,0.3940652012825012,3.01155948638916,0.007447333540767431,23.769777297973633
4258.0,0.3874073624610901,3.4880969524383545,0.007407637778669596,23.769779205322266
4259.5,0.372484028339386,2.814345359802246,0.007404191419482231,23.769779205322266
4261.0,0.3737514615058899,2.8502726554870605,0.007321590557694435,23.769775390625
4262.5,0.3117083013057709,2.7053632736206055,0.0070659928023815155,23.769775390625
4264.0,0.35772377252578735,2.4807052612304688,0.00723017705604434,23.769775390625
4265.5,0.4008082151412964,3.0201518535614014,0.0075444430112838745,23.769777297973633
4267.0,0.4126695394515991,3.0981125831604004,0.007743320427834988,23.769779205322266
4268.5,0.43177780508995056,3.072326898574829,0.0077852364629507065,23.769779205322266
4270.0,0.4258924722671509,3.2900965213775635,0.007755580358207226,23.769779205322266
4271.5,0.43254730105400085,3.4925050735473633,0.007655607536435127,23.769779205322266
4273.0,0.3990580439567566,3.1622095108032227,0.007511266972869635,23.769775390625
4274.5,0.40085023641586304,3.2344911098480225,0.007427355740219355,23.769775390625
4276.0,0.4001099765300751,3.096797466278076,0.0074593685567379,23.769777297973633
4277.5,0.3885129690170288,2.775085926055908,0.007531461771577597,23.769779205322266
4279.0,0.3797524571418762,2.659639835357666,0.007562331389635801,23.769779205322266
4280.5,0.391401469707489,3.014873504638672,0.00740482984110713,23.790802001953125
4282.0,0.3302971124649048,2.9078168869018555,0.007114678155630827,23.790800094604492
4283.5,0.3578302264213562,3.0290966033935547,0.007167423143982887,23.790800094604492
4285.0,0.3864480257034302,3.3891849517822266,0.0071999747306108475,23.790800094604492
4286.5,0.3716186583042145,3.172262668609619,0.0071640959940850735,23.790800094604492
4288.0,0.3513064384460449,2.4092555046081543,0.0070375362411141396,23.79079818725586
4289.5,0.4015866816043854,2.7605907917022705,0.007105430122464895,23.790796279907227
4291.0,0.402100533246994,2.897792339324951,0.007013474591076374,23.790796279907227
4292.5,0.3740348219871521,3.035020351409912,0.007091648876667023,23.790800094604492
4294.0,0.41504260897636414,2.9876089096069336,0.0072356886230409145,23.790800094604492
4295.5,0.40390995144844055,2.8479695320129395,0.007224413566291332,23.790800094604492
4297.0,0.36350512504577637,3.4239516258239746,0.00706725986674428,23.790800094604492
4298.5,0.36882808804512024,3.1036877632141113,0.007062684744596481,23.79079818725586
4300.0,0.4210814833641052,3.386878252029419,0.007188496179878712,23.811805725097656
4301.5,0.4204248785972595,2.9556498527526855,0.007094016298651695,23.811803817749023
4303.0,0.4059094190597534,3.5170950889587402,0.006898730527609587,23.81180191040039
4304.5,0.37419867515563965,3.186460494995117,0.006911100819706917,23.81180191040039
4306.0,0.38458847999572754,3.408202648162842,0.0069540985859930515,23.811805725097656
4307.5,0.34974390268325806,2.96698260307312,0.006948895286768675,23.811805725097656
4309.0,0.3723922371864319,2.946654796600342,0.007129442412406206,23.81180763244629
4310.5,0.34385251998901367,2.832956314086914,0.0070777698419988155,23.811809539794922
4312.0,0.35934823751449585,2.9324092864990234,0.006964555010199547,23.811805725097656
4313.5,0.3743974268436432,3.5751333236694336,0.007234594784677029,23.811811447143555
4315.0,0.38803982734680176,2.9684524536132812,0.007569418288767338,23.81181526184082
4316.5,0.4094955027103424,3.358985424041748,0.007648557424545288,23.811817169189453
4318.0,0.38464757800102234,2.7104556560516357,0.007543663959950209,23.81181526184082
4319.5,0.39932483434677124,3.387063980102539,0.007509058807045221,23.811813354492188
4321.0,0.3983294367790222,3.260118007659912,0.0075232479721307755,23.811813354492188
4322.5,0.3935665786266327,3.0366992950439453,0.007448369637131691,23.811811447143555
4324.0,0.37267929315567017,3.933962106704712,0.007160565350204706,23.811809539794922
4325.5,0.399444043636322,3.3894147872924805,0.00715172803029418,23.811805725097656
4327.0,0.39744704961776733,3.039360523223877,0.0073254723101854324,23.81180763244629
4328.5,0.41493332386016846,3.2158918380737305,0.007351351901888847,23.81180763244629
4330.0,0.42154353857040405,3.666088581085205,0.007257853634655476,23.811805725097656
4331.5,0.389927476644516,3.112419605255127,0.007249455899000168,23.811805725097656
4333.0,0.40309804677963257,3.16554594039917,0.007197750732302666,23.811805725097656
4334.5,0.360785573720932,2.572298049926758,0.007136618718504906,23.811805725097656
4336.0,0.3036249279975891,2.5415635108947754,0.006958638783544302,23.811805725097656
4337.5,0.3238905370235443,2.657252311706543,0.006996311247348785,23.81180763244629
4339.0,0.38944944739341736,3.515698194503784,0.0071065085940063,23.811805725097656
4340.5,0.4255950450897217,3.1817259788513184,0.0072739762254059315,23.811805725097656
4342.0,0.41742298007011414,3.225921154022217,0.007248220965266228,23.81180763244629
4343.5,0.4101787805557251,3.2370617389678955,0.007297403644770384,23.81180763244629
4345.0,0.41112300753593445,3.0571348667144775,0.007332051172852516,23.81180763244629
4346.5,0.38914617896080017,3.4033613204956055,0.00723099522292614,23.811809539794922
4348.0,0.39126062393188477,3.3052570819854736,0.007436277810484171,23.811811447143555
4349.5,0.41813987493515015,3.2220611572265625,0.007552942261099815,23.811811447143555
4351.0,0.34943416714668274,2.7021138668060303,0.007349133025854826,23.811811447143555
4352.5,0.4082666039466858,3.624645233154297,0.007297181989997625,23.81180763244629
4354.0,0.4535955786705017,3.4906463623046875,0.007360420189797878,23.811805725097656
4355.5,0.4403342604637146,3.4425816535949707,0.007462771609425545,23.811809539794922
4357.0,0.48310309648513794,6.332312107086182,0.008286836557090282,23.81182861328125
4358.5,0.3598531186580658,2.410377025604248,0.010171604342758656,23.811874389648438
4360.0,0.2871255874633789,1.6937557458877563,0.01083653699606657,23.81189727783203
4361.5,0.39481520652770996,4.3382568359375,0.009149198420345783,23.811851501464844
4363.0,0.4108729958534241,4.654938697814941,0.007929429411888123,23.81182289123535
4364.5,0.41182374954223633,3.438717842102051,0.007454865612089634,23.811811447143555
4366.0,0.3985725939273834,3.202770709991455,0.007241503335535526,23.790800094604492
4367.5,0.39622604846954346,3.4623217582702637,0.007205188740044832,23.790800094604492
4369.0,0.36244630813598633,3.0547327995300293,0.007339884527027607,23.790803909301758
4370.5,0.3795536756515503,3.0226430892944336,0.007207445800304413,23.790802001953125
4372.0,0.4129551649093628,3.8718056678771973,0.007074133027344942,23.79079818725586
4373.5,0.395081490278244,3.1619861125946045,0.007072750013321638,23.79079818725586
4375.0,0.4220964014530182,3.203883647918701,0.0072702947072684765,23.790800094604492
4376.5,0.42156338691711426,3.3760290145874023,0.007313246373087168,23.790803909301758
4378.0,0.3373073935508728,3.169236183166504,0.0070516676642000675,23.790803909301758
4379.5,0.3697296977043152,2.772681713104248,0.007077432237565517,23.81180763244629
4381.0,0.42569300532341003,3.4902563095092773,0.007158772088587284,23.811805725097656
4382.5,0.3326680362224579,2.1915862560272217,0.006840166635811329,23.811803817749023
4384.0,0.3453878164291382,2.8066201210021973,0.0067218695767223835,23.81180191040039
4385.5,0.32179492712020874,2.8900532722473145,0.006618262734264135,23.81180191040039
4387.0,0.3753094971179962,2.479372978210449,0.006825498770922422,23.81180191040039
4388.5,0.39043986797332764,3.2025163173675537,0.00689106248319149,23.81180191040039
4390.0,0.38409072160720825,3.4729607105255127,0.006878242827951908,23.81180191040039
4391.5,0.38145530223846436,2.976673126220703,0.006859798450022936,23.81180191040039
4393.0,0.3789501190185547,2.995781898498535,0.006943559739738703,23.832792282104492
4394.5,0.41786429286003113,3.2678403854370117,0.00707955751568079,23.832794189453125
4396.0,0.35746079683303833,3.0362136363983154,0.006911566015332937,23.832792282104492
4397.5,0.3660300672054291,2.8608932495117188,0.006880478002130985,23.832792282104492
4399.0,0.37594470381736755,3.1661789417266846,0.0069398097693920135,23.832792282104492
4400.5,0.3726315498352051,3.0596628189086914,0.006970914546400309,23.832796096801758
4402.0,0.30908918380737305,2.496757984161377,0.0069469572044909,23.832796096801758
4403.5,0.3682780861854553,2.9634811878204346,0.007206047419458628,23.832799911499023
4405.0,0.4043430685997009,3.0019049644470215,0.007348224520683289,23.832799911499023
4406.5,0.3806658387184143,2.732424259185791,0.007420494221150875,23.853771209716797
4408.0,0.3718529939651489,2.8528237342834473,0.007499579340219498,23.853771209716797
4409.5,0.3190516531467438,2.3247714042663574,0.007338494993746281,23.853771209716797
4411.0,0.2819395661354065,2.280567169189453,0.007143464405089617,23.853771209716797
4412.5,0.3068404197692871,2.8945722579956055,0.007250709924846888,23.853771209716797
4414.0,0.2836597263813019,2.2184109687805176,0.007249780930578709,23.853771209716797
4415.5,0.3016023635864258,3.0989975929260254,0.007148429751396179,23.853771209716797
4417.0,0.32031452655792236,2.450040817260742,0.007357124704867601,23.853771209716797
4418.5,0.34819507598876953,2.256836175918579,0.007317190989851952,23.87472152709961
4420.0,0.32395583391189575,2.9085521697998047,0.007166724186390638,23.87472152709961
4421.5,0.2801273763179779,1.869546890258789,0.007208269089460373,23.874723434448242
4423.0,0.2870134711265564,2.5978970527648926,0.007112633902579546,23.874723434448242
4424.5,0.3266780376434326,2.785443067550659,0.007119526620954275,23.874719619750977
4426.0,0.39497360587120056,3.112532615661621,0.007356122601777315,23.87472152709961
4427.5,0.3647339344024658,2.89383602142334,0.0073423669673502445,23.87472152709961
4429.0,0.399692177772522,3.4957871437072754,0.007379806600511074,23.87472152709961
4430.5,0.4633728861808777,3.8855745792388916,0.007384142372757196,23.874719619750977
4432.0,0.380073606967926,3.5174691677093506,0.0071741873398423195,23.874719619750977
4433.5,0.4107775390148163,3.13006329536438,0.007322273217141628,23.874719619750977
4435.0,0.40209993720054626,2.859945297241211,0.007170907221734524,23.87471580505371
4436.5,0.34996533393859863,2.646760940551758,0.006880542263388634,23.874713897705078
4438.0,0.3469542860984802,2.632258892059326,0.007044311612844467,23.853763580322266
4439.5,0.3445916175842285,2.528350353240967,0.007169651798903942,23.85376739501953
4441.0,0.3454116880893707,2.3932032585144043,0.00714373541995883,23.85376739501953
4442.5,0.3954692482948303,3.36724591255188,0.007139883004128933,23.853763580322266
4444.0,0.38847506046295166,3.587076187133789,0.007068056613206863,23.853763580322266
4445.5,0.40605008602142334,3.1846041679382324,0.0071709961630403996,23.853763580322266
4447.0,0.40673935413360596,3.2438087463378906,0.007288085296750069,23.85376739501953
4448.5,0.39263758063316345,2.871077537536621,0.007183660753071308,23.8537654876709
4450.0,0.37934720516204834,2.7922005653381348,0.007022153120487928,23.853761672973633
4451.5,0.405730277299881,2.8938279151916504,0.007135176099836826,23.853763580322266
4453.0,0.42730990052223206,2.946838855743408,0.007163582369685173,23.853763580322266
4454.5,0.4232821464538574,3.4750125408172607,0.007033881265670061,23.853761672973633
4456.0,0.4277942180633545,3.0295519828796387,0.007009195163846016,23.853759765625
4457.5,0.38986942172050476,3.0797677040100098,0.006861657835543156,23.853759765625
4459.0,0.3599516749382019,2.660935878753662,0.006724499631673098,23.853759765625
4460.5,0.402850866317749,3.323280096054077,0.006880131550133228,23.853759765625
4462.0,0.38202542066574097,2.945469856262207,0.006778322160243988,23.853759765625
4463.5,0.39996224641799927,2.8520355224609375,0.006889992859214544,23.853759765625
4465.0,0.3908815383911133,2.6728763580322266,0.006851222366094589,23.853759765625
4466.5,0.3844667077064514,2.825366973876953,0.006864544469863176,23.853759765625
4468.0,0.39912623167037964,3.6651124954223633,0.006882220506668091,23.853761672973633
4469.5,0.41093170642852783,3.1380631923675537,0.006927984766662121,23.853759765625
4471.0,0.4182843267917633,3.6024045944213867,0.006849366240203381,23.853759765625
4472.5,0.44070011377334595,3.729111433029175,0.006938094738870859,23.853759765625
4474.0,0.46256715059280396,3.6434736251831055,0.0070975287817418575,23.853759765625
4475.5,0.46229737997055054,3.489166021347046,0.0072052571922540665,23.853761672973633
4477.0,0.4395594894886017,3.409471035003662,0.007127015385776758,23.853761672973633
4478.5,0.450717568397522,3.7601816654205322,0.007064077537506819,23.853759765625
4480.0,0.4627740979194641,3.3232460021972656,0.0070146615616977215,23.853759765625
4481.5,0.43264737725257874,3.720816135406494,0.006823022849857807,23.853759765625
4483.0,0.4235687851905823,3.5413546562194824,0.006851150654256344,23.853759765625
4484.5,0.4401022791862488,3.312304735183716,0.0069770896807312965,23.853759765625
4486.0,0.39977338910102844,3.2902116775512695,0.006910246796905994,23.853761672973633
4487.5,0.38591039180755615,3.2858333587646484,0.006797578651458025,23.853759765625
4489.0,0.40630415081977844,3.491743564605713,0.006774448789656162,23.853759765625
4490.5,0.41036951541900635,3.089203119277954,0.006725397426635027,23.853755950927734
4492.0,0.43734210729599,3.1821141242980957,0.006891600787639618,23.853757858276367
4493.5,0.42789414525032043,3.490748167037964,0.006914938800036907,23.853759765625
4495.0,0.42901551723480225,3.505817413330078,0.006972525734454393,23.853759765625
4496.5,0.3647657632827759,2.652954578399658,0.0067658815532922745,23.853759765625
4498.0,0.37692534923553467,3.3779709339141846,0.006653153337538242,23.853759765625
4499.5,0.3553892970085144,2.758680820465088,0.006707493681460619,23.853759765625
4501.0,0.3863217234611511,3.376980781555176,0.006765048485249281,23.853759765625
4502.5,0.4216845631599426,3.094134569168091,0.006904552690684795,23.853759765625
4504.0,0.4071162939071655,3.517554759979248,0.006778359413146973,23.853759765625
4505.5,0.44328251481056213,3.2156782150268555,0.006966638844460249,23.853759765625
4507.0,0.4145677983760834,3.633157253265381,0.00687092961743474,23.83279037475586
4508.5,0.4295380711555481,2.9129090309143066,0.006946893874555826,23.83279037475586
4510.0,0.4269339442253113,3.847104549407959,0.006915652193129063,23.83279037475586
4511.5,0.433217316865921,3.452158212661743,0.006873320322483778,23.83279037475586
4513.0,0.42166781425476074,3.248581886291504,0.006806441582739353,23.832788467407227
4514.5,0.38320809602737427,3.007894277572632,0.006680451799184084,23.853759765625
4516.0,0.447803795337677,3.181826114654541,0.0068224649876356125,23.853757858276367
4517.5,0.39917996525764465,2.973421096801758,0.006712804548442364,23.853755950927734
4519.0,0.3989454507827759,2.8978114128112793,0.006632809527218342,23.853755950927734
4520.5,0.392539918422699,2.950932025909424,0.006659066770225763,23.853755950927734
4522.0,0.44313496351242065,3.392462968826294,0.0067839245311915874,23.853759765625
4523.5,0.4246230125427246,3.494406223297119,0.0068908571265637875,23.853759765625
4525.0,0.43899524211883545,3.494654893875122,0.006863635499030352,23.853759765625
4526.5,0.4658634066581726,3.695234775543213,0.0069037629291415215,23.853759765625
4528.0,0.4437186121940613,3.370635509490967,0.006853724364191294,23.853759765625
4529.5,0.40695855021476746,3.461071729660034,0.006788987200707197,23.853759765625
4531.0,0.41397303342819214,2.9725708961486816,0.006823668256402016,23.853759765625
4532.5,0.42176494002342224,3.235185384750366,0.006962992716580629,23.853759765625
4534.0,0.46102502942085266,3.500662326812744,0.0072099268436431885,23.853761672973633
4535.5,0.49257582426071167,3.840039014816284,0.007193354424089193,23.853763580322266
4537.0,0.487005352973938,3.8115622997283936,0.007187435869127512,23.853763580322266
4538.5,0.4589674472808838,3.4767470359802246,0.007106606848537922,23.853761672973633
4540.0,0.4133622646331787,3.576420783996582,0.006973255425691605,23.853763580322266
4541.5,0.42989039421081543,3.8683996200561523,0.006925297435373068,23.853761672973633
4543.0,0.4458219110965729,3.821648597717285,0.006938247475773096,23.853761672973633
4544.5,0.4353150725364685,3.2593677043914795,0.007060113362967968,23.853763580322266
4546.0,0.45410212874412537,3.2897820472717285,0.007121507078409195,23.853763580322266
4547.5,0.4339454472064972,3.4553589820861816,0.007014417089521885,23.853761672973633
4549.0,0.4171466529369354,2.9168758392333984,0.006937023717910051,23.853761672973633
4550.5,0.4041776955127716,3.1697394847869873,0.0067956955172121525,23.853759765625
4552.0,0.4176895022392273,3.715221881866455,0.00682454789057374,23.853759765625
4553.5,0.47920387983322144,3.4370217323303223,0.0070485929027199745,23.853759765625
4555.0,0.5263607501983643,3.8488245010375977,0.007102903909981251,23.853761672973633
4556.5,0.4374622702598572,3.401906967163086,0.006771286018192768,23.853757858276367
4558.0,0.4489235281944275,3.749894618988037,0.006865286733955145,23.853757858276367
4559.5,0.4562447667121887,3.4345879554748535,0.006894468329846859,23.853759765625
4561.0,0.4616377353668213,3.4499711990356445,0.006917266175150871,23.874711990356445
4562.5,0.4787766635417938,3.6938247680664062,0.006916199345141649,23.853759765625
4564.0,0.4595291018486023,3.212949752807617,0.006857795640826225,23.853757858276367
4565.5,0.4873429238796234,3.538609027862549,0.006895236670970917,23.853755950927734
4567.0,0.45356425642967224,3.3264565467834473,0.006797486916184425,23.853755950927734
4568.5,0.4762302041053772,3.750382900238037,0.006844763178378344,23.853755950927734
4570.0,0.4069603681564331,3.2304189205169678,0.0066642737947404385,23.853755950927734
4571.5,0.42912957072257996,3.210444450378418,0.006719812750816345,23.853755950927734
4573.0,0.41552627086639404,3.474853038787842,0.006631511263549328,23.853755950927734
4574.5,0.4404284358024597,3.4089913368225098,0.006657624151557684,23.853755950927734
4576.0,0.41256821155548096,3.355245590209961,0.006618930958211422,23.853755950927734
4577.5,0.4222676455974579,3.2850863933563232,0.006680140737444162,23.853755950927734
4579.0,0.4296557307243347,3.3018970489501953,0.006729325279593468,23.853757858276367
4580.5,0.46185940504074097,3.4654324054718018,0.006847384385764599,23.853759765625
4582.0,0.4235697388648987,3.165325164794922,0.0067740269005298615,23.853759765625
4583.5,0.45434021949768066,3.4566383361816406,0.006856499705463648,23.853759765625
4585.0,0.4377136826515198,3.45827579498291,0.006746005732566118,23.853759765625
4586.5,0.44579511880874634,3.7122955322265625,0.006742483004927635,23.853757858276367
4588.0,0.45002469420433044,3.6303815841674805,0.006767341401427984,23.853757858276367
4589.5,0.4868903160095215,3.54353928565979,0.006887174677103758,23.853757858276367
4591.0,0.48984599113464355,3.96051025390625,0.006813619751483202,23.853757858276367
4592.5,0.495291531085968,3.8680832386016846,0.006853877101093531,23.853755950927734
4594.0,0.5189529657363892,4.081623554229736,0.006951040122658014,23.853757858276367
4595.5,0.4755159914493561,3.322455883026123,0.006781790871173143,23.853755950927734
4597.0,0.471513569355011,4.025066375732422,0.006625351030379534,23.832786560058594
4598.5,0.4428369998931885,3.287140369415283,0.006623744033277035,23.832786560058594
4600.0,0.4544472098350525,3.470461845397949,0.006664713378995657,23.832786560058594
4601.5,0.48561692237854004,3.5531702041625977,0.006707550026476383,23.832786560058594
4603.0,0.5397347211837769,4.4604668617248535,0.006834470201283693,23.83278465270996
4604.5,0.500633180141449,3.961179256439209,0.006746592000126839,23.832786560058594
4606.0,0.48741477727890015,3.6419296264648438,0.006770741194486618,23.83278465270996
4607.5,0.5013307929039001,3.451514959335327,0.006799617782235146,23.83278465270996
4609.0,0.477145254611969,3.493063449859619,0.006787060759961605,23.832786560058594
4610.5,0.4922184944152832,3.530146360397339,0.006875714287161827,23.832786560058594
4612.0,0.44912081956863403,3.793452262878418,0.006723192986100912,23.832786560058594
4613.5,0.4539373517036438,4.024869441986084,0.006587218027561903,23.832786560058594
4615.0,0.4864443242549896,3.9643568992614746,0.006565852556377649,23.83278465270996
4616.5,0.5073072910308838,3.656099319458008,0.006697032600641251,23.83278465270996
4618.0,0.49059683084487915,3.9115400314331055,0.0066597419790923595,23.83278465270996
4619.5,0.4930562376976013,3.934300661087036,0.006664028391242027,23.83278465270996
4621.0,0.5607792139053345,4.446939468383789,0.006797564681619406,23.83278465270996
4622.5,0.5389621257781982,3.9911272525787354,0.00682564964517951,23.83278465270996
4624.0,0.5344293713569641,3.9065616130828857,0.006823348347097635,23.83278465270996
4625.5,0.5260982513427734,3.911351203918457,0.0067762047983706,23.83278465270996
4627.0,0.5046999454498291,3.9716553688049316,0.006741102319210768,23.83278465270996
4628.5,0.5017014741897583,3.666147232055664,0.006703004240989685,23.83278465270996
4630.0,0.5069054365158081,3.991539716720581,0.006602901965379715,23.83278465270996
4631.5,0.48851436376571655,3.5826969146728516,0.006613553501665592,23.83278465270996
4633.0,0.5507355332374573,4.175649166107178,0.006787460297346115,23.83278465270996
4634.5,0.5139927864074707,3.8503968715667725,0.006733743939548731,23.83278465270996
4636.0,0.48078861832618713,3.875185012817383,0.006582191213965416,23.83278465270996
4637.5,0.48639172315597534,4.006072521209717,0.006567766424268484,23.83278465270996
4639.0,0.52437824010849,3.7051079273223877,0.00661512091755867,23.832782745361328
4640.5,0.5038797855377197,3.5330021381378174,0.006620438303798437,23.83278465270996
4642.0,0.49618420004844666,3.7747702598571777,0.006597260478883982,23.83278465270996
4643.5,0.46257948875427246,3.619678497314453,0.006515030283480883,23.83278465270996
4645.0,0.46432942152023315,3.510248899459839,0.006490541622042656,23.832782745361328
4646.5,0.4667292535305023,3.502185821533203,0.006477661430835724,23.832782745361328
4648.0,0.45582184195518494,3.1445162296295166,0.006371141877025366,23.832780838012695
4649.5,0.4732760787010193,3.6693224906921387,0.006492640357464552,23.832780838012695
4651.0,0.4573517143726349,3.66660213470459,0.0065241847187280655,23.83278465270996
4652.5,0.4359413981437683,3.274610996246338,0.006412480492144823,23.83278465270996
4654.0,0.4490201473236084,3.3880231380462646,0.006490279454737902,23.83278465270996
4655.5,0.4879341721534729,3.9722402095794678,0.006542591843754053,23.83278465270996
4657.0,0.53191077709198,3.921752452850342,0.006745940074324608,23.83278465270996
4658.5,0.4630889296531677,3.564246654510498,0.006660511717200279,23.832786560058594
4660.0,0.5286062359809875,3.567735195159912,0.00690497737377882,23.853755950927734
4661.5,0.4829791486263275,3.778733015060425,0.006798454560339451,23.853757858276367
4663.0,0.4757347106933594,3.4511847496032715,0.006753228139132261,23.853757858276367
4664.5,0.4854409098625183,3.765594959259033,0.006721025798469782,23.853755950927734
4666.0,0.4655764102935791,3.5111680030822754,0.006606603041291237,23.853755950927734
4667.5,0.4612884223461151,3.7197346687316895,0.006600579246878624,23.853755950927734
4669.0,0.4836702346801758,3.84641695022583,0.006632760167121887,23.853755950927734
4670.5,0.4714875817298889,3.8136937618255615,0.0066572376526892185,23.853757858276367
4672.0,0.49142175912857056,3.5639841556549072,0.006827407982200384,23.853759765625
4673.5,0.47001582384109497,3.7793185710906982,0.006711244583129883,23.853759765625
4675.0,0.48677605390548706,3.612137794494629,0.006754450965672731,23.853757858276367
4676.5,0.5104621648788452,3.6553280353546143,0.0068625230342149734,23.853759765625
4678.0,0.5480753183364868,4.0580363273620605,0.006878433283418417,23.853757858276367
4679.5,0.5195949673652649,3.9360880851745605,0.006775364745408297,23.853755950927734
4681.0,0.5421172976493835,3.8114514350891113,0.006790473125874996,23.853755950927734
4682.5,0.5251060128211975,3.891641139984131,0.006777896545827389,23.853755950927734
4684.0,0.46527424454689026,3.294066905975342,0.006665126886218786,23.853755950927734
4685.5,0.5108177065849304,3.795422077178955,0.006697163451462984,23.853755950927734
4687.0,0.49371403455734253,4.042686939239502,0.006653612479567528,23.853755950927734
4688.5,0.503608226776123,4.022701740264893,0.006595471408218145,23.853755950927734
4690.0,0.47935816645622253,3.6811509132385254,0.006562050897628069,23.853755950927734
4691.5,0.5164768695831299,3.772341251373291,0.006636399310082197,23.853755950927734
4693.0,0.4920470118522644,4.160837173461914,0.006628613919019699,23.853755950927734
4694.5,0.5044258832931519,3.812438488006592,0.006582488771528006,23.8537540435791
4696.0,0.45469993352890015,3.851668119430542,0.0064782751724123955,23.8537540435791
4697.5,0.5037727355957031,3.5978219509124756,0.0065977140329778194,23.8537540435791
4699.0,0.47964727878570557,3.696467399597168,0.006484301295131445,23.8537540435791
4700.5,0.47886377573013306,3.7251362800598145,0.006383527535945177,23.85375213623047
4702.0,0.45567476749420166,3.671797752380371,0.006359048653393984,23.85375213623047
4703.5,0.5028374791145325,3.503518581390381,0.006459192838519812,23.85375213623047
4705.0,0.4714185297489166,4.019929885864258,0.006358487065881491,23.85375213623047
4706.5,0.49186357855796814,4.240394592285156,0.0064887371845543385,23.8537540435791
4708.0,0.5065054893493652,3.865821361541748,0.0065590087324380875,23.8537540435791
4709.5,0.5057101249694824,3.8262948989868164,0.00657768314704299,23.8537540435791
4711.0,0.515421986579895,3.5601401329040527,0.006648865528404713,23.853755950927734
4712.5,0.49650466442108154,3.6768510341644287,0.006624374072998762,23.8537540435791
4714.0,0.47712796926498413,3.62868595123291,0.006618949584662914,23.8537540435791
4715.5,0.5063103437423706,3.7288222312927246,0.006683501414954662,23.874706268310547
4717.0,0.49410954117774963,3.8767788410186768,0.006679115351289511,23.87470817565918
4718.5,0.4965035319328308,3.661698341369629,0.0066759404726326466,23.87470817565918
4720.0,0.5142842531204224,3.6200342178344727,0.006720252800732851,23.87470817565918
4721.5,0.5169603228569031,3.652547836303711,0.006685123313218355,23.895639419555664
4723.0,0.49757254123687744,4.060338973999023,0.006591858342289925,23.895639419555664
4724.5,0.5112584829330444,3.7106852531433105,0.0066313049755990505,23.895639419555664
4726.0,0.5143323540687561,4.15080451965332,0.006664399057626724,23.895639419555664
4727.5,0.5190132856369019,4.241973876953125,0.006649005226790905,23.895639419555664
4729.0,0.536166787147522,4.128594398498535,0.006618887651711702,23.895639419555664
4730.5,0.5189017057418823,3.5855581760406494,0.006721259094774723,23.895639419555664
4732.0,0.5233787298202515,3.7138314247131348,0.006676933262497187,23.895639419555664
4733.5,0.5084688663482666,4.110268592834473,0.006592064630240202,23.895639419555664
4735.0,0.5415008068084717,4.242474555969238,0.0067052594386041164,23.895641326904297
4736.5,0.5579038858413696,4.105882167816162,0.006735736038535833,23.895639419555664
4738.0,0.5379070043563843,4.123226642608643,0.006665348075330257,23.895639419555664
4739.5,0.5114295482635498,3.641360282897949,0.006681164726614952,23.895641326904297
4741.0,0.5057227611541748,4.28460693359375,0.006652439013123512,23.895639419555664
4742.5,0.5274112224578857,3.974987030029297,0.006673380732536316,23.895639419555664
4744.0,0.5401355624198914,4.045063018798828,0.0067333802580833435,23.895641326904297
4745.5,0.5088639855384827,3.795774459838867,0.006655087228864431,23.895641326904297
4747.0,0.511411190032959,4.1232099533081055,0.00657877791672945,23.87470817565918
4748.5,0.537527322769165,4.300048828125,0.006540452595800161,23.874706268310547
4750.0,0.5576515793800354,4.25648307800293,0.0065888818353414536,23.89563751220703
4751.5,0.5500980615615845,4.19398307800293,0.006567677482962608,23.89563751220703
4753.0,0.5317537784576416,4.128241539001465,0.006516396999359131,23.89563751220703
4754.5,0.5002137422561646,3.789034366607666,0.0064708455465734005,23.89563751220703
4756.0,0.5435682535171509,4.116866588592529,0.006467060651630163,23.937448501586914
4757.5,0.4846113324165344,3.7160425186157227,0.006311645265668631,23.937448501586914
4759.0,0.5012912750244141,3.9111766815185547,0.006318824831396341,23.937448501586914
4760.5,0.507064163684845,3.961839437484741,0.006351692136377096,23.937448501586914
4762.0,0.5206413269042969,3.733536720275879,0.0064302184619009495,23.93744659423828
4763.5,0.5112988948822021,3.9528346061706543,0.006316324695944786,23.937448501586914
4765.0,0.5010827779769897,3.5723562240600586,0.00626788754016161,23.93744659423828
4766.5,0.4861178696155548,3.48087739944458,0.006221911404281855,23.93744659423828
4768.0,0.43767133355140686,3.3868818283081055,0.006139172241091728,23.93744659423828
4769.5,0.4903189539909363,3.758388042449951,0.006207665428519249,23.93744659423828
4771.0,0.5380944013595581,3.908393383026123,0.0063982862047851086,23.93744659423828
4772.5,0.5114367008209229,3.8995444774627686,0.006340535823255777,23.937448501586914
4774.0,0.5240306854248047,3.9226155281066895,0.006348249968141317,23.93744659423828
4775.5,0.472739577293396,3.550981044769287,0.006216945592314005,23.93744659423828
4777.0,0.5183286070823669,3.9959020614624023,0.006365884095430374,23.937448501586914
4778.5,0.5361329317092896,3.9522202014923096,0.006458874326199293,23.937448501586914
4780.0,0.5399810075759888,4.283164978027344,0.006445697974413633,23.937448501586914
4781.5,0.5585977435112,4.190786361694336,0.006487987469881773,23.937448501586914
4783.0,0.5165411233901978,4.261981964111328,0.0063467868603765965,23.937448501586914
4784.5,0.5013800859451294,3.733095645904541,0.006243362557142973,23.958324432373047
4786.0,0.45917975902557373,3.7297980785369873,0.006135421339422464,23.958324432373047
4787.5,0.48236924409866333,3.7146835327148438,0.006179989781230688,24.000028610229492
4789.0,0.47252967953681946,3.5715110301971436,0.006156541407108307,24.02085304260254
4790.5,0.4852924942970276,3.681708335876465,0.006211346015334129,24.02085304260254
4792.0,0.4909955859184265,3.725839614868164,0.006276547908782959,24.000028610229492
4793.5,0.5376409888267517,3.913534641265869,0.006432974711060524,24.000028610229492
4795.0,0.5191285610198975,4.077774524688721,0.006344675552099943,24.02085304260254
4796.5,0.5107496976852417,3.8672235012054443,0.006319873966276646,24.02085304260254
4798.0,0.5259160995483398,4.05435848236084,0.006363610737025738,23.979185104370117
4799.5,0.4885002076625824,3.572556734085083,0.006264820694923401,24.000028610229492
4801.0,0.49699488282203674,3.8031253814697266,0.006267645861953497,24.000028610229492
4802.5,0.5040351152420044,3.7162394523620605,0.006252842955291271,24.02085304260254
4804.0,0.5072002410888672,4.111316680908203,0.006340695079416037,24.02085304260254
4805.5,0.5235146284103394,3.8741958141326904,0.006354484707117081,24.02085304260254
4807.0,0.5268413424491882,4.007556915283203,0.006398697849363089,24.02085304260254
4808.5,0.5429635047912598,4.342735290527344,0.006401357240974903,24.02085304260254
4810.0,0.5435910224914551,4.10927677154541,0.0063880253583192825,24.041658401489258
4811.5,0.4939495325088501,3.9232547283172607,0.006267009302973747,24.041658401489258
4813.0,0.5132018327713013,3.895766496658325,0.006283927708864212,24.041658401489258
4814.5,0.515359103679657,3.944706439971924,0.00634755240753293,24.041658401489258
4816.0,0.4890677332878113,4.1213555335998535,0.006350949872285128,24.04166030883789
4817.5,0.511847972869873,4.02033805847168,0.006443408317863941,24.04166030883789
4819.0,0.5215879678726196,3.747537851333618,0.006601216737180948,24.04166030883789
4820.5,0.526764988899231,4.168346881866455,0.006613198667764664,24.062448501586914
4822.0,0.49926871061325073,4.034268379211426,0.006536256521940231,24.062450408935547
4823.5,0.4734886586666107,3.460718870162964,0.00649246945977211,24.062448501586914
4825.0,0.4848870038986206,4.105684280395508,0.006431921850889921,24.062448501586914
4826.5,0.497217059135437,3.6302313804626465,0.006551046390086412,24.103975296020508
4828.0,0.4913760721683502,4.215620994567871,0.006494277156889439,24.10397720336914
4829.5,0.5126385688781738,3.975882053375244,0.006620525382459164,24.10397720336914
4831.0,0.5094870328903198,3.9770030975341797,0.006539943628013134,24.06245231628418
4832.5,0.5290375351905823,4.2383623123168945,0.006559189409017563,24.062448501586914
4834.0,0.4913831353187561,3.6556997299194336,0.0065527805127203465,24.041662216186523
4835.5,0.5231798887252808,3.813936948776245,0.00664313742890954,24.041662216186523
4837.0,0.49488237500190735,3.8149352073669434,0.006476163398474455,24.04166030883789
4838.5,0.5202552080154419,4.1463704109191895,0.0065768067725002766,24.04166030883789
4840.0,0.5363101959228516,3.5829875469207764,0.006732185836881399,24.04166030883789
4841.5,0.5519832968711853,3.8959531784057617,0.006735092494636774,24.041662216186523
4843.0,0.5116112232208252,4.11864709854126,0.006527141202241182,24.041662216186523
4844.5,0.5324922204017639,4.196784019470215,0.006558269262313843,24.04166030883789
4846.0,0.5434212684631348,4.494643211364746,0.006561124697327614,24.020854949951172
4847.5,0.5351389646530151,3.9465749263763428,0.00657214829698205,24.020854949951172
4849.0,0.5342504978179932,3.714303970336914,0.006590828765183687,24.020854949951172
4850.5,0.513370156288147,4.020864963531494,0.006446547340601683,24.02085304260254
4910.5,0.5120339393615723,3.607897996902466,0.006127362605184317,23.979183197021484
4912.0,0.521370530128479,4.070930480957031,0.0061142416670918465,23.979183197021484
4913.5,0.5192868709564209,4.053179740905762,0.006101276259869337,23.979183197021484
4915.0,0.5332010388374329,3.8926286697387695,0.00612851744517684,23.979183197021484
4916.5,0.5407947301864624,4.187972068786621,0.006193964742124081,23.979185104370117
4918.0,0.5573351383209229,4.196193695068359,0.006246532779186964,23.979183197021484
4919.5,0.5770009756088257,4.118877410888672,0.006206241436302662,23.958322525024414
4921.0,0.5692527294158936,4.1820807456970215,0.006121024489402771,23.95832061767578
4922.5,0.5592679381370544,4.060648441314697,0.006104553118348122,23.958322525024414
4924.0,0.5483683943748474,3.897937297821045,0.006156896706670523,23.958322525024414
4925.5,0.5466070175170898,4.2251410484313965,0.006144007667899132,23.958322525024414
4927.0,0.5402828454971313,4.21059513092041,0.0061361948028206825,23.958322525024414
4928.5,0.5396612286567688,3.933784008026123,0.006121969316154718,23.958322525024414
4930.0,0.5550345182418823,4.1515092849731445,0.006205734796822071,23.958322525024414
4931.5,0.5123249292373657,4.087458610534668,0.006054682657122612,23.958322525024414
4933.0,0.5284379720687866,4.263195037841797,0.00606140261515975,23.958322525024414
4934.5,0.54792320728302,4.238872528076172,0.006121152080595493,23.958322525024414
4936.0,0.560194730758667,4.553202152252197,0.006157413590699434,23.958322525024414
4937.5,0.5268126726150513,4.163984298706055,0.006096460856497288,23.958322525024414
4939.0,0.5323507785797119,4.12384557723999,0.006082207430154085,23.958322525024414
4940.5,0.544547438621521,4.143094539642334,0.006114749703556299,23.958322525024414
4942.0,0.5245362520217896,4.330244064331055,0.006074888631701469,23.958322525024414
4943.5,0.5409951210021973,4.068571090698242,0.006198687478899956,23.958324432373047
4945.0,0.5725945234298706,4.219259262084961,0.0062316590920090675,23.958322525024414
4946.5,0.530932605266571,4.1805548667907715,0.00609095674008131,23.958322525024414
4948.0,0.520283579826355,4.288008689880371,0.006045786198228598,23.958322525024414
4949.5,0.4895026385784149,3.7144436836242676,0.0059834434650838375,23.958322525024414
4951.0,0.51695716381073,3.9660797119140625,0.006044585723429918,23.958322525024414
4952.5,0.5309219360351562,3.977515697479248,0.006123856175690889,23.958322525024414
4954.0,0.551526665687561,4.03328800201416,0.006163207348436117,23.958324432373047
4955.5,0.5139095187187195,3.9132728576660156,0.006114501506090164,23.958324432373047
4957.0,0.5394130945205688,4.0640153884887695,0.006089058239012957,23.958322525024414
4958.5,0.5119332671165466,3.887439250946045,0.005948388483375311,23.958322525024414
4960.0,0.520108699798584,4.008773326873779,0.005977190565317869,23.958322525024414
4961.5,0.5545020699501038,4.192558288574219,0.006095916032791138,23.958322525024414
4963.0,0.522383451461792,3.6480319499969482,0.006067138630896807,23.958322525024414
4964.5,0.5234630703926086,3.875650644302368,0.00607879925519228,23.958322525024414
4966.0,0.49933433532714844,3.7202534675598145,0.006084444001317024,23.958322525024414
4967.5,0.5232662558555603,3.7703890800476074,0.00615781731903553,23.958324432373047
4969.0,0.5136716365814209,3.7812318801879883,0.0061819907277822495,23.958324432373047
4970.5,0.5210263133049011,3.761706829071045,0.006186892744153738,23.958324432373047
4972.0,0.5370160937309265,3.8920981884002686,0.006252363324165344,23.958324432373047
4973.5,0.5331956744194031,4.1366682052612305,0.006278326269239187,23.958324432373047
4975.0,0.5055750608444214,4.0195770263671875,0.006224249955266714,23.95832633972168
4976.5,0.5269261002540588,3.9601616859436035,0.0063214050605893135,23.958328247070312
4978.0,0.4942466914653778,4.034425735473633,0.006283281370997429,23.958328247070312
4979.5,0.49933767318725586,3.9345827102661133,0.006349905394017696,23.958328247070312
4981.0,0.45990806818008423,3.606748104095459,0.006335369311273098,23.979188919067383
4982.5,0.4712284207344055,3.8902530670166016,0.006373681593686342,23.979190826416016
4984.0,0.5074886083602905,3.7473955154418945,0.006470071617513895,23.979190826416016
4985.5,0.5594896078109741,4.087043762207031,0.006614428944885731,23.979190826416016
4987.0,0.7510458827018738,4.876254081726074,0.007085819263011217,23.979190826416016
4988.5,0.7776057720184326,4.775232315063477,0.007119729649275541,23.979188919067383
4990.0,0.6293787956237793,3.883762836456299,0.006733307149261236,23.979188919067383
4991.5,0.5308254957199097,3.497307062149048,0.006396591197699308,23.97918701171875
4993.0,0.4786222577095032,3.8578248023986816,0.006212618201971054,23.97918701171875
4994.5,0.496163934469223,3.61830997467041,0.0061979410238564014,23.979185104370117
4996.0,0.4582570791244507,3.681945323944092,0.0060768756084144115,23.979185104370117
4997.5,0.45944130420684814,3.64382266998291,0.0059602162800729275,24.000028610229492
4999.0,0.461793452501297,3.3061962127685547,0.005977988243103027,24.000024795532227
5000.5,0.48388469219207764,3.588212728500366,0.00597846694290638,24.000024795532227
5002.0,0.5085451602935791,3.7008159160614014,0.00602146377786994,24.000024795532227
5003.5,0.4664102792739868,3.7416930198669434,0.005933386739343405,24.000024795532227
5005.0,0.5175400972366333,4.108422756195068,0.006035435013473034,24.00002670288086
5006.5,0.528069257736206,3.9706878662109375,0.006055785343050957,24.000024795532227
5008.0,0.5529581904411316,3.967674732208252,0.0061495001427829266,23.979183197021484
5009.5,0.512251615524292,3.825483798980713,0.006017862819135189,23.979183197021484
5011.0,0.4859734773635864,3.4720425605773926,0.005926125217229128,23.97918128967285
5012.5,0.4676901698112488,3.5185909271240234,0.005835682153701782,23.979183197021484
5014.0,0.482880175113678,3.9225594997406006,0.005847534164786339,23.958322525024414
5015.5,0.48347777128219604,3.5432682037353516,0.005832045804709196,23.95832061767578
5017.0,0.4653189182281494,3.267014980316162,0.005836678668856621,23.95832061767578
5018.5,0.4784364402294159,3.379711627960205,0.005877841264009476,23.958322525024414
5020.0,0.48177069425582886,3.8634719848632812,0.005837949458509684,23.958322525024414
5021.5,0.5438423752784729,3.99626088142395,0.006091323681175709,23.958322525024414
5023.0,0.5629868507385254,4.108402252197266,0.006075086537748575,23.958322525024414
5024.5,0.5596483945846558,4.016238689422607,0.0060703023336827755,23.958322525024414
5026.0,0.5258041620254517,3.838907241821289,0.0060080126859247684,23.95832061767578
5027.5,0.5319087505340576,3.8103082180023193,0.005983888171613216,23.95832061767578
5029.0,0.540270209312439,4.0061187744140625,0.006033700425177813,23.95832061767578
5030.5,0.5409968495368958,4.2183637619018555,0.0059998538345098495,23.958322525024414
5032.0,0.5397293567657471,3.820018768310547,0.006037318613380194,23.958322525024414
5033.5,0.5403780341148376,3.9908032417297363,0.006070389412343502,23.958322525024414
5035.0,0.558820366859436,4.153743267059326,0.0060874829068779945,23.95832061767578
5036.5,0.521440863609314,3.999019145965576,0.00591139355674386,23.95832061767578
5038.0,0.5064001083374023,3.8652396202087402,0.005837198346853256,23.95832061767578
5039.5,0.4816071391105652,3.631033420562744,0.0057970755733549595,23.95832061767578
5041.0,0.5531706809997559,4.028805255889893,0.005918738432228565,23.95832061767578
5042.5,0.5483185648918152,4.140689849853516,0.005906631704419851,23.95832061767578
5044.0,0.5325769186019897,4.054897308349609,0.005871118977665901,23.95832061767578
5045.5,0.5076755285263062,3.7859115600585938,0.005877899471670389,23.95832061767578
5047.0,0.4624284505844116,3.702106475830078,0.005786675959825516,23.958322525024414
5048.5,0.47667253017425537,3.6086978912353516,0.005789338611066341,23.95832061767578
5050.0,0.46493297815322876,3.6836304664611816,0.005732620134949684,23.95832061767578
5051.5,0.49338287115097046,3.7207045555114746,0.0057782675139606,23.95832061767578
5053.0,0.5002435445785522,3.971463203430176,0.005827183369547129,23.95832061767578
5054.5,0.5284682512283325,3.965075969696045,0.005881037097424269,23.95832061767578
5056.0,0.5735691785812378,4.155133247375488,0.006153569091111422,23.95832061767578
5057.5,0.5767434239387512,4.181979656219482,0.0061783757992088795,23.95832061767578
5059.0,0.5710899829864502,4.125094413757324,0.006214836612343788,23.958322525024414
5060.5,0.5440199375152588,3.9772086143493652,0.006069068796932697,23.95832061767578
5062.0,0.5224974155426025,4.066843509674072,0.00590852415189147,23.95832061767578
5063.5,0.5170630812644958,3.8182077407836914,0.00587608153000474,23.95832061767578
5065.0,0.49384939670562744,3.847625494003296,0.005817929748445749,23.93744468688965
5066.5,0.5135501623153687,3.9062418937683105,0.005884252022951841,23.93744468688965
5068.0,0.475898414850235,3.350553512573242,0.005785879213362932,23.937440872192383
5069.5,0.5404590368270874,3.890554904937744,0.006013569887727499,23.93744468688965
5071.0,0.573230504989624,4.120943069458008,0.006115129683166742,23.93744468688965
5072.5,0.5298885107040405,3.8714723587036133,0.006026893388479948,23.93744468688965
5074.0,0.5611546635627747,4.034505844116211,0.005964939948171377,23.937442779541016
5075.5,0.5558314323425293,4.033568382263184,0.005949951242655516,23.937440872192383
5077.0,0.5366225242614746,3.8334052562713623,0.005912027787417173,23.937440872192383
5078.5,0.5540796518325806,4.141753196716309,0.005962001625448465,23.916545867919922
5080.0,0.5887719392776489,4.405731678009033,0.00594516983255744,23.91654396057129
5081.5,0.5490115284919739,4.079721450805664,0.006007755640894175,23.916545867919922
5083.0,0.534003734588623,3.802334785461426,0.005987565033137798,23.916547775268555
5084.5,0.49216318130493164,3.780390977859497,0.00608705822378397,23.916549682617188
5086.0,0.5058438181877136,3.8731765747070312,0.00612447177991271,23.916549682617188
5087.5,0.5324217081069946,3.938612222671509,0.006238836329430342,23.916549682617188
5089.0,0.5693761110305786,4.2824788093566895,0.006309985648840666,23.916549682617188
5090.5,0.5859097242355347,4.27252197265625,0.006183010526001453,23.916547775268555
5092.0,0.5867488384246826,4.290071487426758,0.006162324920296669,23.916547775268555
5093.5,0.5400645732879639,3.9204583168029785,0.006011567544192076,23.916545867919922
5095.0,0.5384159088134766,3.995363473892212,0.00596967339515686,23.916545867919922
5096.5,0.5158957242965698,3.8370184898376465,0.005888200365006924,23.91654396057129
5098.0,0.5189241766929626,3.82473087310791,0.0058936686255037785,23.916545867919922
5099.5,0.5434198975563049,3.9154043197631836,0.005981161259114742,23.916545867919922
5101.0,0.5434437990188599,3.9517250061035156,0.006053804885596037,23.916545867919922
5102.5,0.5357486009597778,3.872023820877075,0.005968027748167515,23.93744468688965
5104.0,0.5243907570838928,3.8351759910583496,0.005895196460187435,23.937440872192383
5105.5,0.5500481128692627,4.227052688598633,0.0058889202773571014,23.937440872192383
5107.0,0.5508324503898621,4.157848834991455,0.005937612149864435,23.937440872192383
5108.5,0.529831051826477,3.7958693504333496,0.005818173289299011,23.937440872192383
5110.0,0.49643057584762573,3.6680386066436768,0.005698301829397678,23.937440872192383
5111.5,0.46454763412475586,3.717289447784424,0.005666523706167936,23.937440872192383
5113.0,0.4721701145172119,3.5040621757507324,0.005688811652362347,23.937440872192383
5114.5,0.4883987605571747,3.5718994140625,0.005763114430010319,23.937440872192383
5116.0,0.5299241542816162,3.9427928924560547,0.005884405691176653,23.937440872192383
5117.5,0.5553726553916931,4.135030269622803,0.005947822704911232,23.937440872192383
5119.0,0.5555723309516907,3.9932022094726562,0.005955134984105825,23.937442779541016
5120.5,0.5230438709259033,3.885847806930542,0.005871415603905916,23.937440872192383
5122.0,0.5369325876235962,3.6533122062683105,0.0058556511066854,23.937440872192383
5123.5,0.5207523703575134,3.8411049842834473,0.005761187057942152,23.937440872192383
5125.0,0.5090312957763672,4.002700328826904,0.005747772287577391,23.937440872192383
5126.5,0.544499933719635,3.982131242752075,0.005811968352645636,23.937440872192383
5128.0,0.5371383428573608,3.946561098098755,0.005786685738712549,23.937440872192383
5129.5,0.5149897336959839,3.8018903732299805,0.005760189611464739,23.937440872192383
5131.0,0.5206910967826843,3.849971294403076,0.00577203743159771,23.937440872192383
5132.5,0.5239250063896179,3.7615485191345215,0.005838561337441206,23.937440872192383
5134.0,0.5162171125411987,4.074226379394531,0.005844295024871826,23.937442779541016
5135.5,0.579508900642395,4.158055305480957,0.006077795289456844,23.937442779541016
5137.0,0.6531928181648254,4.66145133972168,0.006259378511458635,23.937442779541016
5138.5,0.6622362732887268,4.55404806137085,0.006276980508118868,23.937442779541016
5140.0,0.5903370380401611,4.162984848022461,0.006063023582100868,23.937442779541016
5141.5,0.5499261617660522,3.8421759605407715,0.00596992764621973,23.937442779541016
5143.0,0.5012741088867188,3.7096376419067383,0.00585109693929553,23.937442779541016
5144.5,0.4641430377960205,3.3502020835876465,0.005752501077950001,23.937442779541016
5146.0,0.47045835852622986,4.05171537399292,0.0057212277315557,23.937442779541016
5147.5,0.48918893933296204,3.541520118713379,0.005826819688081741,23.937442779541016
5149.0,0.4918926954269409,3.7618956565856934,0.005849799606949091,23.937442779541016
5150.5,0.5261807441711426,3.8805906772613525,0.005960675422102213,23.937442779541016
5152.0,0.5075075626373291,3.84114408493042,0.005937737878412008,23.93744468688965
5153.5,0.5492387413978577,4.144107818603516,0.0060586812905967236,23.93744468688965
5155.0,0.5031604170799255,3.685408115386963,0.006007026880979538,23.93744468688965
5156.5,0.550957441329956,3.808502197265625,0.006104042753577232,23.93744468688965
5158.0,0.5459624528884888,3.5902764797210693,0.006056938786059618,23.93744468688965
5159.5,0.5131601691246033,3.8356845378875732,0.005880776327103376,23.937442779541016
5161.0,0.5313494205474854,4.023336410522461,0.005863888654857874,23.937442779541016
5162.5,0.5519503355026245,3.984598159790039,0.005936268251389265,23.937440872192383
5164.0,0.5594841241836548,4.173603057861328,0.00594172440469265,23.937442779541016
5165.5,0.5205609798431396,3.9631881713867188,0.005803642328828573,23.937440872192383
5167.0,0.5036918520927429,3.6216750144958496,0.0057114227674901485,23.937440872192383
5168.5,0.5168113112449646,3.765578269958496,0.0056899734772741795,23.937440872192383
5170.0,0.5016586780548096,3.7876744270324707,0.005635353270918131,23.937440872192383
5171.5,0.4587475657463074,3.2574734687805176,0.005543149076402187,23.937440872192383
5173.0,0.4720502495765686,3.4785218238830566,0.005514301359653473,23.93743896484375
5174.5,0.5243756771087646,3.6621694564819336,0.005701273214071989,23.937440872192383
5176.0,0.5621979236602783,3.971839427947998,0.005853832699358463,23.937440872192383
5177.5,0.5572614669799805,4.290849208831787,0.005900384858250618,23.937440872192383
5179.0,0.5450669527053833,4.019130706787109,0.005839535966515541,23.937440872192383
5180.5,0.5189268589019775,3.9260997772216797,0.005787903442978859,23.937440872192383
5182.0,0.5156574249267578,3.6347625255584717,0.005716734100133181,23.937440872192383
5183.5,0.5150519609451294,3.848041296005249,0.005621328949928284,23.93743896484375
5185.0,0.5331681370735168,3.799985408782959,0.005662466865032911,23.93743896484375
5186.5,0.5200588703155518,3.8764359951019287,0.005624908022582531,23.93743896484375
5188.0,0.5475687980651855,3.8119382858276367,0.005833756644278765,23.937440872192383
5189.5,0.5594343543052673,3.956580400466919,0.005928950849920511,23.937440872192383
5191.0,0.5545740127563477,4.008799076080322,0.005903089419007301,23.937440872192383
5192.5,0.5568218231201172,4.101673603057861,0.005890856496989727,23.937440872192383
5194.0,0.5966917276382446,4.247762203216553,0.005886330269277096,23.937440872192383
5195.5,0.5451412200927734,4.001017093658447,0.005834111012518406,23.937440872192383
5197.0,0.543792188167572,4.035300254821777,0.005868117790669203,23.937440872192383
5198.5,0.5375121235847473,3.655402660369873,0.0060547408647835255,23.937442779541016
5200.0,0.5207952857017517,3.467715263366699,0.006156201008707285,23.93744659423828
5201.5,0.5355116128921509,3.776169538497925,0.006128083914518356,23.93744468688965
5203.0,0.5294598340988159,3.847200632095337,0.006024875212460756,23.93744468688965
5204.5,0.548847496509552,3.903895854949951,0.005954578518867493,23.937440872192383
5206.0,0.550019383430481,3.7271101474761963,0.005903228186070919,23.91654396057129
5207.5,0.5503479242324829,3.9385509490966797,0.005810117814689875,23.91654396057129
5209.0,0.5575768947601318,3.969822406768799,0.005845607724040747,23.91654396057129
5210.5,0.5271053314208984,3.823535919189453,0.005799760576337576,23.91654396057129
5212.0,0.5246962308883667,3.550978660583496,0.005834880284965038,23.91654396057129
5213.5,0.497805118560791,3.3280348777770996,0.005746129434555769,23.91654396057129
5215.0,0.4978322982788086,3.808321475982666,0.005744847469031811,23.91654396057129
5216.5,0.5343753099441528,3.8998570442199707,0.0058023096062242985,23.91654396057129
5218.0,0.5398796796798706,4.2317795753479,0.005816713906824589,23.91654396057129
5219.5,0.5497516393661499,4.090470314025879,0.005918983370065689,23.91654396057129
5221.0,0.5747456550598145,4.313874244689941,0.006016895174980164,23.916545867919922
5222.5,0.5491782426834106,3.9892990589141846,0.006023126654326916,23.916545867919922
5224.0,0.5782337188720703,4.104733943939209,0.006117587443441153,23.916547775268555
5225.5,0.5595947504043579,3.9210057258605957,0.006078976672142744,23.916545867919922
5227.0,0.5597238540649414,4.163117408752441,0.006004445720463991,23.916545867919922
5228.5,0.5274859666824341,3.7054505348205566,0.0057932850904762745,23.91654396057129
5230.0,0.5283101201057434,4.085969924926758,0.005723229143768549,23.91654396057129
5231.5,0.5182880759239197,3.7862329483032227,0.005728077609091997,23.91654396057129
5233.0,0.5123195052146912,3.831775426864624,0.005777448881417513,23.91654396057129
5234.5,0.5207805633544922,3.956494092941284,0.005729558877646923,23.91654396057129
5236.0,0.5371955633163452,3.774409770965576,0.005778944119811058,23.91654396057129
5237.5,0.5276843309402466,3.8956668376922607,0.005758114159107208,23.91654396057129
5239.0,0.4961777329444885,4.015401363372803,0.005747346673160791,23.91654396057129
5240.5,0.5064030289649963,3.8268942832946777,0.005839972756803036,23.916545867919922
5242.0,0.518659770488739,3.916604518890381,0.0057959468103945255,23.91654396057129
5243.5,0.519331693649292,3.903259754180908,0.005733898375183344,23.91654396057129
5245.0,0.5547555685043335,4.0286970138549805,0.005826317239552736,23.91654396057129
5246.5,0.5653334259986877,4.078965187072754,0.005842965561896563,23.91654396057129
5248.0,0.5486990213394165,4.12103271484375,0.005819916725158691,23.91654396057129
5249.5,0.5658392906188965,4.026788711547852,0.005902524571865797,23.91654396057129
5251.0,0.569051206111908,3.9623377323150635,0.005905172321945429,23.91654396057129
5252.5,0.5696127414703369,3.9836068153381348,0.005892407614737749,23.91654396057129
5254.0,0.5496808290481567,3.9633007049560547,0.0057779354974627495,23.91654396057129
5255.5,0.5240273475646973,4.000835418701172,0.0057885595597326756,23.91654396057129
5257.0,0.5319597721099854,3.82828688621521,0.005894179921597242,23.916545867919922
5258.5,0.5159151554107666,3.7110280990600586,0.005890533793717623,23.916545867919922
5260.0,0.5113658905029297,3.6080799102783203,0.005790070630609989,23.91654396057129
5261.5,0.5486437082290649,4.015078544616699,0.005793991964310408,23.91654396057129
5263.0,0.5352300405502319,3.7038497924804688,0.005693826824426651,23.91654396057129
5264.5,0.526802659034729,3.810882568359375,0.005619186442345381,23.916542053222656
5266.0,0.5514445304870605,3.973128318786621,0.0056864237412810326,23.916542053222656
5267.5,0.5561375617980957,3.7947425842285156,0.005701813846826553,23.916542053222656
5269.0,0.5472235083580017,3.9515442848205566,0.005695014260709286,23.916542053222656
5270.5,0.5342838764190674,3.908168315887451,0.005650135688483715,23.916542053222656
5272.0,0.5190607309341431,3.529054641723633,0.005622961558401585,23.916542053222656
5273.5,0.5111727714538574,3.6886115074157715,0.005659173242747784,23.916542053222656
5275.0,0.5375856161117554,3.898303747177124,0.005728128831833601,23.91654396057129
5276.5,0.525471031665802,3.845612049102783,0.005793582182377577,23.91654396057129
5278.0,0.5318894982337952,3.6331920623779297,0.005820958875119686,23.91654396057129
5279.5,0.5297608375549316,3.7935686111450195,0.0057657030411064625,23.91654396057129
5281.0,0.4853511154651642,3.471797466278076,0.005635726731270552,23.91654396057129
5282.5,0.5117498636245728,3.8292253017425537,0.005659232847392559,23.91654396057129
5284.0,0.5310589671134949,3.9491987228393555,0.005751429125666618,23.91654396057129
5285.5,0.5103074908256531,3.780986785888672,0.005652517080307007,23.91654396057129
5287.0,0.5187340974807739,3.648980140686035,0.005724298767745495,23.91654396057129
5288.5,0.549042284488678,3.9720139503479004,0.005920019932091236,23.91654396057129
5290.0,0.5200936794281006,3.7904064655303955,0.005978334695100784,23.91654396057129
5291.5,0.5561692118644714,3.996419906616211,0.006062744650989771,23.91654396057129
5293.0,0.5650101900100708,4.278244495391846,0.006049041170626879,23.91654396057129
5294.5,0.5620150566101074,4.091529846191406,0.006089386530220509,23.91654396057129
5296.0,0.5347779989242554,4.010314464569092,0.006062610074877739,23.91654396057129
5297.5,0.5407679677009583,4.028933525085449,0.005810655653476715,23.91654396057129
5299.0,0.5017809867858887,3.5592594146728516,0.005677111446857452,23.91654396057129
5300.5,0.44724172353744507,3.393512487411499,0.005595990922302008,23.91654396057129
5302.0,0.43289563059806824,3.2751331329345703,0.0055494410917162895,23.91654396057129
5303.5,0.4592302739620209,3.117910623550415,0.005609415005892515,23.91654396057129
5305.0,0.47715410590171814,3.1683874130249023,0.005639928858727217,23.91654396057129
5306.5,0.4215913414955139,2.968745231628418,0.005520274862647057,23.91654396057129
5308.0,0.42214053869247437,3.420283317565918,0.005476659629493952,23.91654396057129
5309.5,0.45773494243621826,3.339372158050537,0.00562948826700449,23.91654396057129
5311.0,0.5028963088989258,3.748809814453125,0.00573695870116353,23.91654396057129
5312.5,0.5667552947998047,3.756855010986328,0.0059577701613307,23.91654396057129
5314.0,0.5104156732559204,4.031364440917969,0.00582090113312006,23.916545867919922
5315.5,0.5039544701576233,3.6617014408111572,0.00578549038618803,23.916545867919922
5317.0,0.46815693378448486,3.354875087738037,0.0056387027725577354,23.91654396057129
5318.5,0.44456160068511963,3.2114245891571045,0.00557841407135129,23.91654396057129
5320.0,0.4294932186603546,3.220071315765381,0.005549579858779907,23.91654396057129
5321.5,0.4876532554626465,3.6449365615844727,0.005684820469468832,23.91654396057129
5323.0,0.5163530111312866,4.197779655456543,0.005735785234719515,23.91654396057129
5324.5,0.523322582244873,3.7887258529663086,0.005814572796225548,23.91654396057129
5326.0,0.5227074027061462,3.912118911743164,0.005768556147813797,23.91654396057129
5327.5,0.5198984742164612,3.771923542022705,0.005786795634776354,23.91654396057129
5329.0,0.5217626094818115,3.5813405513763428,0.005720897112041712,23.91654396057129
5330.5,0.5049887895584106,3.762723445892334,0.005711325444281101,23.91654396057129
5332.0,0.5258586406707764,4.0123395919799805,0.005855424329638481,23.916545867919922
5333.5,0.5727795958518982,3.978264808654785,0.005998280830681324,23.916545867919922
5335.0,0.5800323486328125,4.070651054382324,0.0059386612847447395,23.91654396057129
5336.5,0.5553395748138428,4.048386096954346,0.005872889421880245,23.91654396057129
5338.0,0.5399237871170044,3.8163399696350098,0.005868108477443457,23.916545867919922
5339.5,0.5440376400947571,3.6890158653259277,0.005854316987097263,23.91654396057129
5341.0,0.49862906336784363,3.507308006286621,0.005718819331377745,23.91654396057129
5342.5,0.4934939742088318,3.5127201080322266,0.005703460890799761,23.91654396057129
5344.0,0.4907698631286621,3.5728909969329834,0.005730541422963142,23.91654396057129
5345.5,0.5163379907608032,4.035919189453125,0.0057798512279987335,23.91654396057129
5347.0,0.5391826629638672,3.860534191131592,0.005828496068716049,23.91654396057129
5348.5,0.5707563161849976,4.159452438354492,0.0059078834019601345,23.916545867919922
5350.0,0.5433740019798279,4.066053867340088,0.005895276088267565,23.8956298828125
5351.5,0.5170685052871704,3.6628735065460205,0.005859272088855505,23.8956298828125
5353.0,0.5341531038284302,4.118997097015381,0.0059071010909974575,23.8956298828125
5354.5,0.5591385364532471,4.146474838256836,0.005859307944774628,23.8956298828125
5356.0,0.5636324882507324,3.9027819633483887,0.005975131411105394,23.8956298828125
5357.5,0.577597439289093,4.097521781921387,0.006023288704454899,23.8956298828125
5359.0,0.5456606149673462,3.8218135833740234,0.005943951662629843,23.8956298828125
5360.5,0.5280512571334839,3.695005416870117,0.005871090572327375,23.8956298828125
5362.0,0.48513227701187134,3.6238012313842773,0.005707758013159037,23.895627975463867
5363.5,0.5150635242462158,3.6471445560455322,0.005695734638720751,23.895627975463867
5365.0,0.5101929306983948,4.058152198791504,0.005615372210741043,23.895627975463867
5366.5,0.569896936416626,3.939228057861328,0.005813462194055319,23.895627975463867
5368.0,0.5575351715087891,4.157093048095703,0.005799120757728815,23.8956298828125
5369.5,0.5476806163787842,4.070850849151611,0.00581869063898921,23.8956298828125
5371.0,0.5617870092391968,3.6820573806762695,0.005855140276253223,23.8956298828125
5372.5,0.5548799633979797,3.98183274269104,0.005826557986438274,23.8956298828125
5374.0,0.5703971982002258,4.205763339996338,0.005875200964510441,23.8956298828125
5375.5,0.5963504314422607,4.089795112609863,0.0059981029480695724,23.8956298828125
5377.0,0.5514547824859619,4.266874313354492,0.005914625711739063,23.8956298828125
5378.5,0.5623951554298401,4.287856101989746,0.005918766371905804,23.8956298828125
5380.0,0.6050599813461304,4.289365291595459,0.006039767991751432,23.8956298828125
5381.5,0.5700029134750366,4.167746543884277,0.005912545137107372,23.8956298828125
5383.0,0.5476697683334351,4.264465808868408,0.00585346482694149,23.8956298828125
5384.5,0.5747936964035034,3.901998281478882,0.005899036768823862,23.8956298828125
5386.0,0.561362624168396,3.8735599517822266,0.005909110885113478,23.8956298828125
5387.5,0.546165943145752,3.8445558547973633,0.005844600964337587,23.8956298828125
5389.0,0.5785637497901917,4.17671012878418,0.0058683487586677074,23.8956298828125
5390.5,0.5857954025268555,4.1396074295043945,0.005938509479165077,23.8956298828125
5392.0,0.6003467440605164,4.100597381591797,0.005992239806801081,23.8956298828125
5393.5,0.5914766788482666,4.188243389129639,0.0059991031885147095,23.8956298828125
5395.0,0.5627159476280212,3.9914042949676514,0.005903883371502161,23.874696731567383
5396.5,0.5800656080245972,4.138284206390381,0.005888595711439848,23.874696731567383
5398.0,0.5306614637374878,4.116479873657227,0.005716873332858086,23.874696731567383
5399.5,0.5109193325042725,3.7411985397338867,0.005652121268212795,23.87469482421875
5401.0,0.5077255368232727,3.8350048065185547,0.005672373343259096,23.874696731567383
5402.5,0.48633748292922974,3.314587116241455,0.005620748270303011,23.87469482421875
5404.0,0.505490779876709,3.351469039916992,0.005667843855917454,23.87469482421875
5405.5,0.4664783775806427,3.2977848052978516,0.005535402335226536,23.87469482421875
5407.0,0.5106066465377808,3.686363697052002,0.005645614117383957,23.87469482421875
5408.5,0.5116022825241089,3.497987747192383,0.005691227503120899,23.874696731567383
5410.0,0.5178276300430298,3.678560733795166,0.005739571526646614,23.87469482421875
5411.5,0.5260900259017944,3.683600902557373,0.005728325806558132,23.87469482421875
5413.0,0.5545734763145447,4.252941131591797,0.005868930835276842,23.874696731567383
5414.5,0.5657626986503601,4.312978744506836,0.005903481971472502,23.874696731567383
5416.0,0.5765803456306458,4.125107765197754,0.00598629517480731,23.874696731567383
5417.5,0.6021585464477539,4.193979263305664,0.006055006291717291,23.874696731567383
5419.0,0.5458534955978394,4.0664825439453125,0.0058946493081748486,23.874696731567383
5420.5,0.5549429059028625,3.907966375350952,0.00593405868858099,23.874696731567383
5422.0,0.5494730472564697,4.369889259338379,0.005923558957874775,23.874696731567383
5423.5,0.5805767774581909,4.355311393737793,0.0059676929377019405,23.874696731567383
5425.0,0.6029374003410339,4.535017013549805,0.006043699104338884,23.874696731567383
5426.5,0.6248262524604797,4.573619842529297,0.006082694046199322,23.874698638916016
5428.0,0.6428053975105286,4.591536045074463,0.00611473573371768,23.874696731567383
5429.5,0.625306248664856,4.367623329162598,0.00609582057222724,23.874696731567383
5431.0,0.5983777046203613,4.05721378326416,0.005983337294310331,23.874696731567383
5432.5,0.5831930637359619,4.294233322143555,0.006032115314155817,23.874696731567383
5434.0,0.5575852990150452,4.230952262878418,0.0060608102940022945,23.874696731567383
5435.5,0.5422931909561157,3.547983169555664,0.006104069761931896,23.874696731567383
5437.0,0.5540273189544678,4.098094940185547,0.006197372451424599,23.874696731567383
5438.5,0.5739128589630127,4.267749786376953,0.006216727662831545,23.874698638916016
5440.0,0.604552149772644,4.366393089294434,0.006288961041718721,23.874698638916016
5441.5,0.5744825601577759,4.180653095245361,0.006118807941675186,23.874698638916016
5443.0,0.618975818157196,4.423961639404297,0.0062026395462453365,23.874698638916016
5444.5,0.6372782588005066,4.55510139465332,0.006259320303797722,23.874698638916016
5446.0,0.6283011436462402,4.442168235778809,0.006159690674394369,23.874698638916016
5447.5,0.6009182929992676,4.198021411895752,0.006111912429332733,23.874698638916016
5449.0,0.6290966272354126,4.6388139724731445,0.0061476933769881725,23.874698638916016
5450.5,0.605924129486084,4.570239067077637,0.006062877364456654,23.874698638916016
5452.0,0.584322988986969,4.36513614654541,0.006042838096618652,23.874698638916016
5453.5,0.6003415584564209,4.443843841552734,0.006083059124648571,23.874698638916016
5455.0,0.5900577306747437,4.198521614074707,0.006012617610394955,23.874696731567383
5456.5,0.6086626052856445,4.3475022315979,0.006075771991163492,23.874696731567383
5458.0,0.6152004599571228,4.549637317657471,0.006197469308972359,23.874698638916016
5459.5,0.6600503921508789,5.389032363891602,0.006615395657718182,23.874706268310547
5461.0,0.5897908210754395,4.315869331359863,0.007382140029221773,23.874719619750977
5462.5,0.4996820092201233,2.6161108016967773,0.008096318691968918,23.87473487854004
5464.0,0.5057249665260315,3.8624470233917236,0.007907948456704617,23.87472915649414
5465.5,0.5461881160736084,4.7896928787231445,0.006527651101350784,23.874706268310547
5467.0,0.5066044330596924,3.409484386444092,0.005981349851936102,23.874698638916016
5468.5,0.5507226586341858,4.006515979766846,0.006007273681461811,23.874698638916016
5470.0,0.5600626468658447,4.117210388183594,0.006014181300997734,23.874698638916016
5471.5,0.5569542646408081,4.3781328201293945,0.005997557193040848,23.874698638916016
5473.0,0.5814153552055359,4.293923854827881,0.006010417360812426,23.874698638916016
5474.5,0.6011899709701538,4.451539039611816,0.006091812159866095,23.874698638916016
5476.0,0.6073904037475586,4.247762680053711,0.0060633220709860325,23.874696731567383
5477.5,0.5845613479614258,4.026002883911133,0.006005294155329466,23.874696731567383
5479.0,0.5662837028503418,3.9812893867492676,0.005961717572063208,23.853744506835938
5480.5,0.5861787796020508,4.344092845916748,0.005998565815389156,23.85374641418457
5482.0,0.581488847732544,4.032825469970703,0.006064916495233774,23.85374641418457
5483.5,0.5880674123764038,4.299592018127441,0.006126020569354296,23.85374641418457
5485.0,0.5729000568389893,4.247000694274902,0.006161957513540983,23.853748321533203
5486.5,0.5730189681053162,4.3641252517700195,0.006118956487625837,23.853748321533203
5488.0,0.5707962512969971,4.621306896209717,0.0060128020122647285,23.85374641418457
5489.5,0.5988660454750061,4.331962585449219,0.006057110149413347,23.85374641418457
5491.0,0.6105209589004517,4.700223922729492,0.006064849440008402,23.85374641418457
5492.5,0.6349376440048218,4.664003372192383,0.006140343379229307,23.853744506835938
5494.0,0.6535933017730713,4.347384452819824,0.0061902268789708614,23.83277702331543
5495.5,0.6165556311607361,4.497710704803467,0.006125893909484148,23.83277702331543
5497.0,0.6205321550369263,4.630229473114014,0.006093974225223064,23.83277702331543
5498.5,0.6191917061805725,4.435399055480957,0.006237445864826441,23.83277702331543
5500.0,0.6001908779144287,4.4076361656188965,0.006332915276288986,23.83277702331543
5501.5,0.5996559858322144,4.328714370727539,0.006357269361615181,23.83277702331543
5503.0,0.598401665687561,4.019134044647217,0.006299515254795551,23.83277702331543
5504.5,0.5621756315231323,4.260964393615723,0.006221504881978035,23.83277702331543
5506.0,0.5691201686859131,3.898437976837158,0.0061612483114004135,23.832775115966797
5507.5,0.5759767293930054,3.9165782928466797,0.00601508654654026,23.83277702331543
5509.0,0.6023092865943909,4.2199273109436035,0.006054308731108904,23.83277702331543
5510.5,0.5666999220848083,4.153619289398193,0.006001942325383425,23.83277702331543
5512.0,0.5422080159187317,4.108773231506348,0.005899321753531694,23.83277702331543
5513.5,0.557373583316803,4.316337585449219,0.00600766995921731,23.83277702331543
5515.0,0.6216992735862732,4.474261283874512,0.0062274388037621975,23.83277702331543
5516.5,0.635932445526123,4.558298110961914,0.006266267504543066,23.832778930664062
5518.0,0.6235378980636597,4.296275615692139,0.00621165381744504,23.83277702331543
5519.5,0.6010245084762573,4.456567764282227,0.006121205631643534,23.83277702331543
5521.0,0.6035336256027222,4.346661567687988,0.006183814723044634,23.83277702331543
5522.5,0.6210450530052185,4.146309852600098,0.006254869047552347,23.83277702331543
5524.0,0.6139436960220337,4.296553611755371,0.006151234731078148,23.83277702331543
5525.5,0.5916919112205505,4.376972198486328,0.006075175013393164,23.83277702331543
5527.0,0.5721784234046936,3.9713449478149414,0.006023414898663759,23.83277702331543
5528.5,0.6128130555152893,4.485793113708496,0.006131854373961687,23.83277702331543
5530.0,0.5972632765769958,4.065668106079102,0.006025996524840593,23.83277702331543
5531.5,0.5931332111358643,4.046298027038574,0.006040909327566624,23.832775115966797
5533.0,0.6038789749145508,4.25175666809082,0.006055945996195078,23.83277702331543
5534.5,0.5833314061164856,4.3329548835754395,0.006005460396409035,23.83277702331543
5536.0,0.5489320755004883,3.714198589324951,0.0059391651302576065,23.83277702331543
5537.5,0.546120285987854,3.8273465633392334,0.005922595504671335,23.83277702331543
5539.0,0.5886940360069275,4.0579047203063965,0.00601930171251297,23.83277702331543
5540.5,0.5746588706970215,4.085062026977539,0.0060477606020867825,23.83277702331543
5542.0,0.6121361255645752,4.294691562652588,0.006163724698126316,23.83277702331543
5543.5,0.5718474388122559,4.286231517791748,0.006133899092674255,23.832778930664062
5545.0,0.5433325171470642,4.101095199584961,0.006127940025180578,23.832778930664062
5546.5,0.5295156240463257,3.9293651580810547,0.006066201254725456,23.832778930664062
5548.0,0.5642093420028687,4.034052848815918,0.00609616469591856,23.832778930664062
5549.5,0.5591732263565063,3.921236991882324,0.006038644816726446,23.83277702331543
5551.0,0.5692125558853149,4.169751167297363,0.006061088293790817,23.832778930664062
5552.5,0.5874711275100708,4.265623569488525,0.00612197071313858,23.83277702331543
5554.0,0.6144590377807617,4.293320178985596,0.006174825131893158,23.83277702331543
5555.5,0.6360852718353271,4.551817893981934,0.00619520666077733,23.83277702331543
5557.0,0.5954234004020691,4.41873836517334,0.006116136908531189,23.83277702331543
5558.5,0.6371459364891052,4.314209461212158,0.006219768431037664,23.83277702331543
5560.0,0.651178240776062,4.838964939117432,0.006247539538890123,23.83277702331543
5561.5,0.604042112827301,4.223249435424805,0.006112237926572561,23.83277702331543
5563.0,0.604454755783081,4.327592849731445,0.006201067008078098,23.832778930664062
5564.5,0.6207152009010315,4.4987616539001465,0.006294922903180122,23.832778930664062
5566.0,0.5734471082687378,4.031887531280518,0.006297206040471792,23.832780838012695
5567.5,0.5893261432647705,4.043478012084961,0.006220969371497631,23.811790466308594
5569.0,0.6258097887039185,4.321258544921875,0.0061651733703911304,23.81178855895996
5570.5,0.59537672996521,4.393632888793945,0.006193350534886122,23.811790466308594
5572.0,0.5852357149124146,4.651911735534668,0.006192828994244337,23.811790466308594
5573.5,0.5448705554008484,3.861306667327881,0.006621662527322769,23.83278465270996
5575.0,0.743324339389801,14.799638748168945,0.014532096683979034,24.454147338867188
5576.5,3.713535785675049,70.82808685302734,1.7324405908584595,25.535076141357422
5578.0,0.0,0.14732621610164642,0.05365428701043129,24.292627334594727
5579.5,0.0,0.0,0.06429053843021393,24.315244674682617
5581.0,2.5345687866210938,60.302879333496094,0.0699441060423851,24.45648956298828
5582.5,2.3872368335723877,42.43431091308594,0.019692659378051758,24.0626277923584
5584.0,0.752608060836792,6.298490047454834,0.007229417096823454,23.811798095703125
5585.5,0.6332448720932007,4.60931396484375,0.00635211868211627,23.811790466308594
5587.0,0.6287660598754883,4.532793045043945,0.006204433739185333,23.811790466308594
5588.5,0.5692154169082642,4.128515243530273,0.006086526904255152,23.81178855895996
5590.0,0.5833185315132141,4.344684600830078,0.006224153097718954,23.811790466308594
5591.5,0.598762035369873,4.40496301651001,0.006279315333813429,23.811790466308594
5593.0,0.6329970359802246,4.413941383361816,0.006309591233730316,23.811790466308594
5594.5,0.6026114821434021,4.244218349456787,0.006148642860352993,23.81178855895996
5872.0,0.6861918568611145,4.870377063751221,0.007736216764897108,23.790803909301758
5873.5,0.6537396311759949,4.9196014404296875,0.007633837405592203,23.790802001953125
5875.0,0.6431077718734741,4.865175724029541,0.007578714285045862,23.790802001953125
5876.5,0.6556305885314941,4.662176132202148,0.0075916144996881485,23.790800094604492
5878.0,0.6316846609115601,4.502387523651123,0.007475614547729492,23.790800094604492
5879.5,0.6435273289680481,4.482033729553223,0.0074039422906935215,23.79079818725586
5881.0,0.6421840190887451,4.516879558563232,0.007434438448399305,23.79079818725586
5882.5,0.6478867530822754,4.660608291625977,0.007435542531311512,23.811803817749023
5884.0,0.6704800724983215,4.659748077392578,0.007454541977494955,23.811803817749023
5885.5,0.6286709308624268,4.676499366760254,0.00742320716381073,23.811805725097656
5887.0,0.6906257271766663,6.726694583892822,0.007806123234331608,23.811811447143555
5888.5,0.9544401168823242,13.514238357543945,0.01059676893055439,23.811872482299805
5890.0,0.6626098155975342,5.617673873901367,0.014119475148618221,23.81197738647461
5891.5,0.007334527093917131,0.007745177950710058,0.01878870464861393,23.812170028686523
5893.0,0.5534129738807678,3.2446370124816895,0.015622437931597233,23.812044143676758
5894.5,1.1705015897750854,19.08962059020996,0.013154059648513794,23.81195068359375
5896.0,0.7386955618858337,6.08563232421875,0.012537018395960331,23.81192970275879
5897.5,0.2181103676557541,0.43647557497024536,0.014897942543029785,23.812009811401367
5899.0,0.5453647971153259,4.3696675300598145,0.01250183954834938,23.811925888061523
5900.5,0.7520370483398438,8.135330200195312,0.009187377989292145,23.81184196472168
5902.0,0.6346595287322998,4.66162109375,0.007291523274034262,23.811805725097656
5903.5,0.682519793510437,4.72353458404541,0.007395492866635323,23.811805725097656
5905.0,0.6857542395591736,4.657544136047363,0.007515220902860165,23.811805725097656
5906.5,0.6734176874160767,4.810202598571777,0.007596837822347879,23.81180763244629
5908.0,0.6742795705795288,4.620542526245117,0.007637480273842812,23.811809539794922
5909.5,0.6648797988891602,4.830636024475098,0.007470018696039915,23.81180763244629
5911.0,0.6367527842521667,4.884423732757568,0.00736122066155076,23.811805725097656
5912.5,0.6727583408355713,5.157467842102051,0.007387328427284956,23.811805725097656
5914.0,0.6549436450004578,5.202204704284668,0.00741623155772686,23.81180763244629
5915.5,0.6449424028396606,4.763065814971924,0.007655610330402851,23.81181526184082
5917.0,0.6580332517623901,4.319219589233398,0.008043880574405193,23.811819076538086
5918.5,0.6573473215103149,4.979498863220215,0.007804517168551683,23.81181526184082
5920.0,0.6610649824142456,4.762103080749512,0.007534324191510677,23.811811447143555
5921.5,0.6382373571395874,4.796766757965088,0.007413545623421669,23.811811447143555
5923.0,0.6709389686584473,4.883004188537598,0.007525174878537655,23.811811447143555
5924.5,0.6626288890838623,4.622005462646484,0.007605926599353552,23.811811447143555
5926.0,0.6524087190628052,4.400554180145264,0.007737517822533846,23.811813354492188
5927.5,0.6457759737968445,4.983799457550049,0.007623639889061451,23.811813354492188
5929.0,0.6102166175842285,4.4120330810546875,0.007445805240422487,23.811811447143555
5930.5,0.6392714977264404,4.924560546875,0.007446892559528351,23.832799911499023
5932.0,0.6214339733123779,5.038866996765137,0.007540111429989338,23.832801818847656
5933.5,0.5940704941749573,4.097873210906982,0.007816151715815067,23.832807540893555
5935.0,0.6272658109664917,4.307325839996338,0.008042760193347931,23.83281135559082
5936.5,0.625700831413269,4.411830902099609,0.007758826017379761,23.83280372619629
5938.0,0.6624213457107544,4.530634880065918,0.007562572602182627,23.832799911499023
5939.5,0.6353744268417358,4.76822566986084,0.007448712829500437,23.832799911499023
5941.0,0.6024949550628662,4.355445861816406,0.007372784893959761,23.832799911499023
5942.5,0.6418502926826477,4.605227470397949,0.0075300936587154865,23.832799911499023
5944.0,0.6544005870819092,4.624543190002441,0.007559840567409992,23.832799911499023
5945.5,0.6270434260368347,4.610879898071289,0.007625420577824116,23.832801818847656
5947.0,0.610572338104248,4.242906093597412,0.007565533742308617,23.83280372619629
5948.5,0.6405664086341858,4.597716808319092,0.007623571902513504,23.832801818847656
5950.0,0.6729300618171692,5.029898166656494,0.007532866671681404,23.832799911499023
5951.5,0.6503481864929199,5.011051177978516,0.007527442649006844,23.832799911499023
5953.0,0.6412919759750366,4.914020538330078,0.007644999772310257,23.832801818847656
5954.5,0.6215049624443054,4.090386390686035,0.007802290841937065,23.832805633544922
5956.0,0.6321274042129517,3.8853883743286133,0.007959113456308842,23.832807540893555
5957.5,0.6616440415382385,4.918787002563477,0.007653722073882818,23.832801818847656
5959.0,0.6241899728775024,4.863554000854492,0.007358439266681671,23.832796096801758
5960.5,0.673830509185791,5.061894416809082,0.007426765281707048,23.832796096801758
5962.0,0.6672762632369995,5.130809783935547,0.0074036079458892345,23.811809539794922
5963.5,0.6687682867050171,4.929140090942383,0.007462148554623127,23.811809539794922
5965.0,0.6649460792541504,4.875154495239258,0.007366456091403961,23.81180763244629
5966.5,0.6479363441467285,4.42391300201416,0.007389256730675697,23.81180763244629
5968.0,0.6734510064125061,4.9415764808654785,0.00736573850736022,23.81180763244629
5969.5,0.6885409951210022,4.76437520980835,0.007450754288583994,23.81180763244629
5971.0,0.6821202039718628,4.611156463623047,0.007514273747801781,23.811811447143555
5972.5,0.6668039560317993,4.6997880935668945,0.007505269255489111,23.811811447143555
5974.0,0.637798547744751,4.822680473327637,0.007352997548878193,23.811809539794922
5975.5,0.6675577163696289,5.292763710021973,0.00734591344371438,23.81180763244629
5977.0,0.696046769618988,4.944693565368652,0.007530285976827145,23.790803909301758
5978.5,0.6615962982177734,4.499095916748047,0.007589105051010847,23.79080581665039
5980.0,0.6544435024261475,4.7823615074157715,0.007595756556838751,23.790803909301758
5981.5,0.6779547333717346,4.706117153167725,0.007429131306707859,23.790800094604492
5983.0,0.6714262962341309,4.669610500335693,0.0073509239591658115,23.790800094604492
5984.5,0.6580294370651245,4.860670566558838,0.007288612890988588,23.790800094604492
5986.0,0.6809393167495728,4.561351299285889,0.007329797372221947,23.790800094604492
5987.5,0.6722288131713867,4.750903606414795,0.007310430519282818,23.790800094604492
5989.0,0.6870172023773193,5.126875877380371,0.007295454386621714,23.790800094604492
5990.5,0.6420882344245911,4.3837480545043945,0.007217383943498135,23.79079818725586
5992.0,0.63544762134552,4.440528869628906,0.007146797142922878,23.79079818725586
5993.5,0.683063268661499,5.01311731338501,0.007265849970281124,23.79079818725586
5995.0,0.6882760524749756,4.773455619812012,0.0072681182064116,23.79079818725586
5996.5,0.6472030878067017,4.535947322845459,0.007177304942160845,23.790796279907227
5998.0,0.6487369537353516,4.787364959716797,0.007201132830232382,23.79079818725586
5999.5,0.6498308777809143,4.364017963409424,0.007213958073407412,23.79079818725586
6001.0,0.6281653046607971,4.270411014556885,0.007182997185736895,23.79079818725586
6002.5,0.6617677807807922,4.880440711975098,0.007162212859839201,23.79079818725586
6004.0,0.6433691382408142,4.490041255950928,0.0072167860344052315,23.79079818725586
6005.5,0.6302734017372131,4.459555625915527,0.00723585020750761,23.790800094604492
6007.0,0.6565053462982178,4.978521347045898,0.007192312739789486,23.790800094604492
6008.5,0.6491832733154297,4.646305084228516,0.007084826473146677,23.790796279907227
6010.0,0.6131609678268433,4.556008338928223,0.006992124021053314,23.790796279907227
6011.5,0.6213672161102295,4.399430751800537,0.00693771056830883,23.790796279907227
6013.0,0.5950640439987183,4.564934730529785,0.006927391979843378,23.790796279907227
6014.5,0.6488970518112183,4.641402244567871,0.00707393791526556,23.790796279907227
6016.0,0.6685745716094971,4.727412223815918,0.007250398863106966,23.790794372558594
6017.5,0.6528445482254028,4.487100601196289,0.00720168137922883,23.790794372558594
6019.0,0.6585841178894043,4.784214019775391,0.007201157044619322,23.790794372558594
6020.5,0.6263869404792786,4.604066371917725,0.007116722408682108,23.790794372558594
6022.0,0.6112815737724304,4.403838157653809,0.007074772380292416,23.790794372558594
6023.5,0.6521059274673462,4.823026657104492,0.007327184081077576,23.790794372558594
6025.0,0.6615336537361145,4.586740493774414,0.007402097340673208,23.790794372558594
6026.5,0.6603031158447266,4.8527021408081055,0.007659761235117912,23.790794372558594
6028.0,0.69820237159729,5.322263717651367,0.007738794200122356,23.790796279907227
6029.5,0.6703283786773682,4.56378173828125,0.007340995594859123,23.790794372558594
6031.0,0.6585016250610352,4.461551666259766,0.007228477392345667,23.79079246520996
6032.5,0.6778198480606079,5.030607223510742,0.00704956566914916,23.790794372558594
6034.0,0.6686527132987976,4.924559593200684,0.007006609812378883,23.790794372558594
6035.5,0.6270575523376465,4.549948215484619,0.006933304015547037,23.790794372558594
6037.0,0.6043887138366699,4.760280132293701,0.006876559462398291,23.790796279907227
6038.5,0.6289527416229248,4.761501789093018,0.006868927739560604,23.79079246520996
6040.0,0.6498192548751831,4.252506256103516,0.006850863806903362,23.79079246520996
6041.5,0.5369196534156799,4.163338661193848,0.0066030374728143215,23.79079246520996
6043.0,0.4662712812423706,3.8572936058044434,0.006398445926606655,23.79079246520996
6044.5,0.5200576186180115,3.8470451831817627,0.006605388596653938,23.79079246520996
6046.0,0.5189805030822754,3.825469493865967,0.006644689477980137,23.79079246520996
6047.5,0.5312008857727051,3.9598093032836914,0.006798178423196077,23.79079246520996
6049.0,0.5145483016967773,3.724199056625366,0.006865521427243948,23.790790557861328
6050.5,0.552340567111969,3.9103341102600098,0.0069032167084515095,23.79079246520996
6052.0,0.5930179953575134,4.177896022796631,0.007043841760605574,23.790790557861328
6053.5,0.6368516683578491,4.469882965087891,0.006843746639788151,23.811798095703125
6055.0,0.608492374420166,4.754705429077148,0.00668447045609355,23.811798095703125
6056.5,0.6499001383781433,4.46427059173584,0.006783055141568184,23.811798095703125
6058.0,0.6471703052520752,4.7551164627075195,0.006774321664124727,23.811798095703125
6059.5,0.6285274028778076,4.445278167724609,0.006735466420650482,23.811798095703125
6061.0,0.6455353498458862,4.358409881591797,0.006749287247657776,23.811798095703125
6062.5,0.6374640464782715,4.641631603240967,0.006772398017346859,23.811798095703125
6064.0,0.6579813957214355,4.5227766036987305,0.006812431383877993,23.811798095703125
6065.5,0.6785534024238586,5.062678813934326,0.006831111386418343,23.811800003051758
6067.0,0.6612488627433777,4.7053937911987305,0.00675647659227252,23.811798095703125
6068.5,0.6172970533370972,4.449942588806152,0.006704643368721008,23.811798095703125
6070.0,0.6126613616943359,4.579197883605957,0.006671892944723368,23.811800003051758
6071.5,0.6340880393981934,4.590619087219238,0.006729844491928816,23.811798095703125
6073.0,0.6293145418167114,4.438246726989746,0.00673628831282258,23.811798095703125
6074.5,0.624981164932251,3.8677592277526855,0.006796138361096382,23.811800003051758
6076.0,0.6007198691368103,3.6933979988098145,0.006761834025382996,23.79079246520996
6077.5,0.6160123348236084,4.394178867340088,0.006642742082476616,23.79079246520996
6079.0,0.6347328424453735,4.440825939178467,0.006685266736894846,23.79079246520996
6080.5,0.6432182192802429,4.5112762451171875,0.006668522488325834,23.79079246520996
6082.0,0.6542351245880127,4.5658416748046875,0.006727447733283043,23.79079246520996
6083.5,0.6578492522239685,4.586659908294678,0.006682176608592272,23.790790557861328
6085.0,0.6338440179824829,4.724437713623047,0.006617954932153225,23.790790557861328
6086.5,0.629973828792572,4.405096054077148,0.006579007022082806,23.790788650512695
6088.0,0.600143313407898,4.533319473266602,0.006511626299470663,23.790788650512695
6089.5,0.6264690160751343,4.461766719818115,0.006602844223380089,23.790790557861328
6091.0,0.6403972506523132,4.478470802307129,0.0066598630510270596,23.790788650512695
6092.5,0.6426764726638794,4.806423187255859,0.006620482075959444,23.790790557861328
6094.0,0.6466540098190308,4.416777610778809,0.006632825825363398,23.790788650512695
6095.5,0.6456286907196045,4.675568580627441,0.0066407304257154465,23.790790557861328
6097.0,0.6439946889877319,4.652649879455566,0.006683175917714834,23.790790557861328
6098.5,0.6427419185638428,4.406247138977051,0.006700660567730665,23.790790557861328
6100.0,0.6783286333084106,4.681942939758301,0.006789600942283869,23.790790557861328
6101.5,0.6468514204025269,4.524107933044434,0.006700107827782631,23.790790557861328
6103.0,0.6453192234039307,4.696596622467041,0.006697140168398619,23.790790557861328
6104.5,0.6671007871627808,4.597224235534668,0.006762388162314892,23.790790557861328
6106.0,0.6360499858856201,4.56693172454834,0.00672078225761652,23.790790557861328
6107.5,0.6258314847946167,4.455485820770264,0.00665650237351656,23.790790557861328
6109.0,0.6455683708190918,4.4446845054626465,0.0068222233094275,23.790790557861328
6110.5,0.6379275918006897,4.297223091125488,0.006798827555030584,23.79079246520996
6112.0,0.6542457342147827,4.536548614501953,0.006811320781707764,23.79079246520996
6113.5,0.6873168349266052,4.662049293518066,0.0069482596591115,23.79079246520996
6133.0,0.6501022577285767,4.499870300292969,0.006495770998299122,23.790788650512695
6134.5,0.6258174180984497,4.397382736206055,0.006420148070901632,23.790788650512695
6136.0,0.6004425287246704,4.322595596313477,0.006385928485542536,23.790788650512695
6137.5,0.6274431943893433,4.272605895996094,0.006481701508164406,23.790788650512695
6139.0,0.6157034635543823,4.297946453094482,0.006485509220510721,23.790788650512695
6140.5,0.636116087436676,4.562445163726807,0.006536989007145166,23.790788650512695
6142.0,0.6522172689437866,4.545316696166992,0.006598101928830147,23.790788650512695
6143.5,0.6521462202072144,4.726170539855957,0.006569125223904848,23.790788650512695
6145.0,0.6762347221374512,4.749634742736816,0.006642285734415054,23.790788650512695
6146.5,0.6776382923126221,4.624739170074463,0.006647103000432253,23.790790557861328
6148.0,0.68711256980896,5.014122486114502,0.006635531783103943,23.790790557861328
6149.5,0.6868788599967957,4.873264312744141,0.0065865302458405495,23.790788650512695
6151.0,0.6651178598403931,4.23241662979126,0.006607947405427694,23.790788650512695
6152.5,0.6506105661392212,4.17765474319458,0.006607689894735813,23.790788650512695
6154.0,0.6607537269592285,5.120334625244141,0.0066917771473526955,23.790790557861328
6155.5,0.658095121383667,5.095168113708496,0.006744578015059233,23.79079246520996
6157.0,0.6303515434265137,4.5198822021484375,0.006670742761343718,23.79079246520996
6158.5,0.6444979906082153,4.564028263092041,0.006609178613871336,23.790790557861328
6160.0,0.611242949962616,4.1757893562316895,0.006525612901896238,23.790790557861328
6161.5,0.6264955997467041,4.533240795135498,0.006674234289675951,23.790790557861328
6163.0,0.635881781578064,4.600638389587402,0.006847483571618795,23.79079246520996
6164.5,0.6147520542144775,4.162897109985352,0.006630814168602228,23.790790557861328
6166.0,0.6180769205093384,4.772975921630859,0.006413948722183704,23.790788650512695
6167.5,0.6542177796363831,4.9420166015625,0.006394496653228998,23.790786743164062
6169.0,0.6708825826644897,4.889257431030273,0.006410683039575815,23.790786743164062
6170.5,0.6100817918777466,4.7906341552734375,0.006372601259499788,23.790788650512695
6172.0,0.6146845817565918,4.118300914764404,0.006520681083202362,23.790790557861328
6173.5,0.6256400346755981,4.275501728057861,0.006537303794175386,23.790788650512695
6175.0,0.6817528009414673,4.733224868774414,0.006502235308289528,23.790786743164062
6176.5,0.6665678024291992,4.397916793823242,0.00645983312278986,23.790786743164062
6178.0,0.64337557554245,4.4771342277526855,0.006394918076694012,23.790786743164062
6179.5,0.6424985527992249,4.324967384338379,0.006344533059746027,23.79078483581543
6181.0,0.6285861134529114,4.1811041831970215,0.006258057896047831,23.79078483581543
6182.5,0.621451199054718,4.592901706695557,0.0062196338549256325,23.79078483581543
6184.0,0.6266415119171143,4.801995754241943,0.006253921426832676,23.79078483581543
6185.5,0.6525402069091797,4.541977882385254,0.0063119251281023026,23.790788650512695
6187.0,0.6440988779067993,4.625598430633545,0.006307985633611679,23.769760131835938
6188.5,0.655544102191925,4.51165771484375,0.006296674255281687,23.790788650512695
6190.0,0.6643728613853455,4.834665775299072,0.006313188932836056,23.790788650512695
6191.5,0.6620357036590576,4.9055657386779785,0.006300557404756546,23.790786743164062
6193.0,0.6420773863792419,4.910318374633789,0.006259090732783079,23.790788650512695
6194.5,0.6544984579086304,4.711760997772217,0.006335266400128603,23.79078483581543
6196.0,0.6619613766670227,4.622726917266846,0.006377070676535368,23.769760131835938
6197.5,0.6661075949668884,4.667169094085693,0.006314351689070463,23.769760131835938
6199.0,0.6662479639053345,4.693605422973633,0.006298769731074572,23.769760131835938
6200.5,0.6995415687561035,4.992591381072998,0.006340704392641783,23.769760131835938
6202.0,0.6820940971374512,5.340911388397217,0.006338336039334536,23.769760131835938
6203.5,0.6551766991615295,4.785627365112305,0.006409056019037962,23.76976203918457
6205.0,0.6693405508995056,4.687657356262207,0.006496054586023092,23.76976203918457
6206.5,0.6554579138755798,4.24587869644165,0.006389128044247627,23.769760131835938
6208.0,0.652953028678894,4.299118995666504,0.006261092144995928,23.769760131835938
6209.5,0.6577824354171753,4.677647113800049,0.006296974141150713,23.769760131835938
6211.0,0.6482162475585938,4.423163414001465,0.006369223818182945,23.769760131835938
6212.5,0.6597341895103455,3.997781753540039,0.006456867326050997,23.769760131835938
6214.0,0.665453314781189,4.119293212890625,0.006476785521954298,23.769760131835938
6215.5,0.6516258716583252,4.404067516326904,0.00632878951728344,23.769760131835938
6217.0,0.6747933626174927,4.604290962219238,0.0062585859559476376,23.748714447021484
6218.5,0.6829155683517456,4.611623764038086,0.006238082889467478,23.748714447021484
6220.0,0.6601423621177673,4.834983825683594,0.006233207881450653,23.748714447021484
6221.5,0.6425577402114868,4.575599193572998,0.006256982684135437,23.748714447021484
6223.0,0.6252244710922241,4.402069091796875,0.006389679852873087,23.74871826171875
6224.5,0.6562539339065552,4.806206703186035,0.006378366611897945,23.74871826171875
6226.0,0.6717435121536255,4.78024959564209,0.006330474745482206,23.748716354370117
6227.5,0.6730222105979919,4.754310131072998,0.006221378687769175,23.748714447021484
6229.0,0.6802318096160889,4.687745094299316,0.006210928317159414,23.748714447021484
6230.5,0.6964516639709473,4.715882301330566,0.006230394821614027,23.748714447021484
6232.0,0.6821396350860596,5.116191387176514,0.006230067927390337,23.748714447021484
6233.5,0.6720613837242126,4.908172607421875,0.006329077295958996,23.74871826171875
6235.0,0.6501827239990234,4.886368751525879,0.006666895467787981,23.748722076416016
6236.5,0.6460247039794922,4.480223655700684,0.007067762315273285,23.748729705810547
6238.0,0.6326427459716797,3.8990049362182617,0.0072672246024012566,23.748733520507812
6239.5,0.645580530166626,4.345985412597656,0.0069190384820103645,23.748727798461914
6241.0,0.6306716203689575,4.529613494873047,0.006622186861932278,23.748722076416016
6242.5,0.6199545860290527,4.447228908538818,0.006477250251919031,23.748720169067383
6244.0,0.6490389108657837,4.305356979370117,0.006493167020380497,23.748720169067383
6245.5,0.658638596534729,4.450371742248535,0.0063819861970841885,23.74871826171875
6247.0,0.6158232688903809,4.7625861167907715,0.006148426793515682,23.748716354370117
6248.5,0.6276150345802307,4.532754898071289,0.006122221238911152,23.748714447021484
6250.0,0.6160712242126465,4.188344955444336,0.0060784416273236275,23.748714447021484
6251.5,0.62939453125,4.416914939880371,0.0060539040714502335,23.74871253967285
6253.0,0.6421633362770081,4.180405139923096,0.006061110179871321,23.74871253967285
6254.5,0.6575387716293335,4.380949974060059,0.006059261504560709,23.74871253967285
6256.0,0.6925308704376221,4.7927021980285645,0.006285230163484812,23.748714447021484
6257.5,0.6754605770111084,4.542407989501953,0.006598454900085926,23.748722076416016
6259.0,0.6473501920700073,4.317936897277832,0.006824984680861235,23.748727798461914
6260.5,0.6218730211257935,4.3527936935424805,0.006918756756931543,23.748729705810547
6262.0,0.6415963172912598,4.3849029541015625,0.006691435817629099,23.748727798461914
6263.5,0.6497447490692139,4.496016502380371,0.006378748919814825,23.74871826171875
6265.0,0.6290284991264343,4.627161502838135,0.007367911282926798,23.748720169067383
6266.5,0.6909741759300232,4.865570545196533,0.006715854629874229,23.748720169067383
6268.0,0.6503447890281677,4.665729522705078,0.0066716852597892284,23.748720169067383
6269.5,0.6530199646949768,4.539437294006348,0.006495780311524868,23.74871826171875
6344.5,0.6570922136306763,4.53847599029541,0.005790364928543568,23.748706817626953
6346.0,0.6508696675300598,4.236742973327637,0.005780721548944712,23.748706817626953
6347.5,0.6274821162223816,4.441303253173828,0.0057417661882936954,23.748708724975586
6349.0,0.6337966918945312,4.626127243041992,0.005828540772199631,23.74871063232422
6350.5,0.6181491613388062,4.121480941772461,0.005867339670658112,23.74871063232422
6352.0,0.6066983938217163,4.1651105880737305,0.005818795412778854,23.74871063232422
6353.5,0.6196528077125549,4.446950912475586,0.005710058379918337,23.748706817626953
6355.0,0.6303161382675171,4.393061637878418,0.0056990464217960835,23.748706817626953
6356.5,0.6355676651000977,4.4006757736206055,0.005969391204416752,23.74871253967285
6358.0,0.6268578767776489,4.283000946044922,0.006175960414111614,23.748714447021484
6359.5,0.6362529993057251,4.189663410186768,0.006096917204558849,23.748714447021484
6361.0,0.648106575012207,4.287248611450195,0.0058299945667386055,23.74871063232422
6362.5,0.6283925771713257,4.166632175445557,0.0061978185549378395,23.748714447021484
6364.0,0.6516684889793396,4.8410325050354,0.00749323470517993,23.748741149902344
6365.5,0.6481839418411255,4.945748329162598,0.008529446087777615,23.748762130737305
6367.0,0.6556588411331177,4.766073703765869,0.008054309524595737,23.748750686645508
6368.5,0.6203100681304932,3.7785205841064453,0.006774024106562138,23.74872589111328
6370.0,0.591740608215332,3.7285938262939453,0.0057921623811125755,23.74871063232422
6371.5,0.6291950941085815,4.300632476806641,0.0054860846139490604,23.748706817626953
6373.0,0.63484787940979,4.4588236808776855,0.00549369677901268,23.748706817626953
6374.5,0.6112642884254456,4.2147536277771,0.005415104329586029,23.748706817626953
6376.0,0.6092236042022705,4.162354946136475,0.005442462861537933,23.748706817626953
6377.5,0.5949366688728333,4.3903093338012695,0.005403164308518171,23.748706817626953
6379.0,0.6054575443267822,4.449487686157227,0.005504750646650791,23.748706817626953
6380.5,0.6087460517883301,4.387816429138184,0.005741595756262541,23.748708724975586
6382.0,0.6161191463470459,4.3928070068359375,0.00577640812844038,23.74871063232422
6383.5,0.6227108240127563,4.3172712326049805,0.005713706836104393,23.748706817626953
6385.0,0.5793927311897278,4.252866268157959,0.005787107162177563,23.748706817626953
6386.5,0.5951259136199951,4.160334587097168,0.005878531839698553,23.748708724975586
6388.0,0.5748087167739868,4.381739616394043,0.005947948899120092,23.74871063232422
6389.5,0.5734593868255615,4.023427963256836,0.005817401222884655,23.74871063232422
6391.0,0.5926234722137451,4.004837512969971,0.005600442178547382,23.748706817626953
6392.5,0.6005734205245972,4.351391792297363,0.0055123972706496716,23.748706817626953
6394.0,0.6010612845420837,4.380462646484375,0.005497518926858902,23.74870491027832
6395.5,0.6110426187515259,4.219062805175781,0.005532507784664631,23.74870491027832
6397.0,0.6376320123672485,4.468094348907471,0.005563640035688877,23.74870491027832
6398.5,0.6233558654785156,4.41526985168457,0.005532932933419943,23.74870491027832
6400.0,0.6239631772041321,4.205653190612793,0.005493123549968004,23.74870491027832
6401.5,0.6258369088172913,4.414934158325195,0.00536304572597146,23.74870491027832
6403.0,0.6164883375167847,4.415095806121826,0.005331647116690874,23.74870491027832
6404.5,0.6137276887893677,4.392728805541992,0.005301280878484249,23.74870491027832
6406.0,0.6030176281929016,4.333085060119629,0.005290880333632231,23.74870491027832
6407.5,0.6232982873916626,4.327733993530273,0.005328729283064604,23.74870491027832
6409.0,0.6233003735542297,4.208368301391602,0.005350740626454353,23.76974868774414
6410.5,0.609365701675415,4.351620674133301,0.005304635036736727,23.76974868774414
6412.0,0.6163767576217651,4.060544967651367,0.005314687732607126,23.76974868774414
6413.5,0.6181508302688599,4.107215404510498,0.005377601832151413,23.769750595092773
6415.0,0.6234662532806396,4.291816234588623,0.005415125750005245,23.769752502441406
6416.5,0.6068929433822632,4.0049729347229,0.005372305866330862,23.769752502441406
6418.0,0.5850574970245361,4.1644158363342285,0.005234202370047569,23.76974868774414
6419.5,0.5868632793426514,4.478144645690918,0.005199406761676073,23.76974868774414
6421.0,0.6040785312652588,4.258040904998779,0.00531501742079854,23.769750595092773
6422.5,0.6075242757797241,4.131379127502441,0.005358223337680101,23.769750595092773
6424.0,0.6148450374603271,4.315839767456055,0.005332631058990955,23.76974868774414
6425.5,0.6177046298980713,4.212400436401367,0.005280744284391403,23.76974868774414
6427.0,0.6186263561248779,4.029025077819824,0.00523207476362586,23.76974868774414
6428.5,0.620222806930542,4.519660949707031,0.005261644255369902,23.76974868774414
6430.0,0.6259416937828064,4.60240364074707,0.005249904002994299,23.790773391723633
6431.5,0.6205756664276123,4.419651031494141,0.005259710829705,23.811779022216797
6433.0,0.6329401731491089,4.568607330322266,0.005241420120000839,23.81178092956543
6434.5,0.6336879730224609,4.452853202819824,0.005275564733892679,23.81178092956543
6436.0,0.6432859897613525,4.562638282775879,0.005265603773295879,23.81178092956543
6437.5,0.6412869095802307,4.46013069152832,0.005274720955640078,23.81178092956543
6439.0,0.6217772364616394,4.306671142578125,0.005209075752645731,23.811779022216797
6440.5,0.6355283260345459,4.487963676452637,0.005238533951342106,23.790773391723633
6442.0,0.6461294293403625,4.31734561920166,0.00525757996365428,23.790773391723633
6443.5,0.609880268573761,4.268644332885742,0.00516185536980629,23.790773391723633
6445.0,0.5961909890174866,4.34133243560791,0.005180064123123884,23.790773391723633
6446.5,0.620208203792572,4.179481506347656,0.005179873667657375,23.790773391723633
6448.0,0.6144504547119141,4.404991149902344,0.005207372363656759,23.790773391723633
6449.5,0.6083407998085022,4.408478260040283,0.005158148240298033,23.790773391723633
6451.0,0.6232262253761292,4.383004188537598,0.005227438174188137,23.790773391723633
6452.5,0.6195719838142395,4.582324981689453,0.0052201952785253525,23.790773391723633
6454.0,0.6261677742004395,4.46248197555542,0.00526235019788146,23.790773391723633
6455.5,0.629138171672821,4.3095903396606445,0.005264858715236187,23.790773391723633
6457.0,0.6225385665893555,4.495636940002441,0.005201253574341536,23.790773391723633
6458.5,0.6364946365356445,4.197809219360352,0.0052887448109686375,23.790773391723633
6460.0,0.6583466529846191,4.410248756408691,0.0053558554500341415,23.790773391723633
6461.5,0.6675171852111816,4.467483997344971,0.005333385430276394,23.790773391723633
6463.0,0.669349193572998,4.30468225479126,0.0053224582225084305,23.8327693939209
6464.5,0.6842234134674072,4.477809906005859,0.005495754070580006,23.832773208618164
6466.0,0.6584270596504211,4.237236022949219,0.0056585222482681274,23.832775115966797
6467.5,0.6379371285438538,4.368345260620117,0.005695885978639126,23.83277702331543
6469.0,0.6442114114761353,4.230714797973633,0.005569626111537218,23.83277702331543
6470.5,0.6223921775817871,4.120083808898926,0.0055053504183888435,23.832773208618164
6472.0,0.6636971831321716,4.396463394165039,0.005649985279887915,23.832775115966797
6473.5,0.6515712738037109,4.349963188171387,0.005622194614261389,23.79077911376953
6475.0,0.6473749279975891,4.656315803527832,0.0054229870438575745,23.7907772064209
6476.5,0.635185182094574,4.516392707824707,0.0052484264597296715,23.790773391723633
6478.0,0.6295486688613892,4.513301849365234,0.005226609762758017,23.790773391723633
6479.5,0.6179630756378174,4.476696014404297,0.005214785225689411,23.790773391723633
6481.0,0.5916500687599182,4.356011390686035,0.00514334999024868,23.790773391723633
6482.5,0.6174695491790771,4.343423366546631,0.005142819136381149,23.790773391723633
6484.0,0.6315304040908813,4.3822922706604,0.005126732401549816,23.790773391723633
6485.5,0.6446669697761536,4.538415431976318,0.005126441363245249,23.790773391723633
6487.0,0.6278582811355591,4.582890510559082,0.005087373778223991,23.790773391723633
6488.5,0.6344045996665955,4.331789016723633,0.005079460795968771,23.790773391723633
6490.0,0.6417864561080933,4.647789001464844,0.005079224240034819,23.790773391723633
6491.5,0.6342437267303467,4.842350959777832,0.005081205163151026,23.790773391723633
6493.0,0.6728898882865906,4.635942459106445,0.005132488440722227,23.790773391723633
6494.5,0.6637683510780334,4.589008331298828,0.005148019641637802,23.790773391723633
6496.0,0.650063157081604,4.411922454833984,0.005163580644875765,23.790773391723633
6497.5,0.6561957597732544,4.072433948516846,0.005311910528689623,23.790775299072266
6499.0,0.6389223337173462,4.199213981628418,0.005632410291582346,23.79077911376953
6500.5,0.6331664323806763,4.205245494842529,0.0059202914126217365,23.79078483581543
6502.0,0.6268441677093506,4.1203227043151855,0.005883177276700735,23.790782928466797
6503.5,0.6265206336975098,3.967233180999756,0.005528230220079422,23.7907772064209
6505.0,0.6137325763702393,4.05786657333374,0.0053257448598742485,23.7907772064209
6506.5,0.6580538153648376,4.472314357757568,0.005408873315900564,23.790775299072266
6508.0,0.6661717891693115,4.207198143005371,0.0054269516840577126,23.790775299072266
6509.5,0.6283386945724487,4.0171918869018555,0.00521070696413517,23.790773391723633
6511.0,0.6305289268493652,4.418717861175537,0.005073098931461573,23.790771484375
6512.5,0.6506344676017761,4.3714280128479,0.005091480910778046,23.790771484375
6514.0,0.64920973777771,4.37994909286499,0.005103482399135828,23.790773391723633
6515.5,0.6538861989974976,4.6043701171875,0.0051622409373521805,23.790773391723633
6517.0,0.6553995609283447,4.681297779083252,0.005129768513143063,23.790773391723633
6518.5,0.6594966053962708,4.650852203369141,0.005143705289810896,23.790773391723633
6520.0,0.6771302819252014,4.225797653198242,0.005173382814973593,23.790771484375
6521.5,0.669222354888916,4.599926948547363,0.005207633599638939,23.790773391723633
6523.0,0.6349015831947327,4.538079261779785,0.005245853215456009,23.790773391723633
6524.5,0.6343748569488525,4.297468185424805,0.005343201570212841,23.790775299072266
6526.0,0.6329483985900879,4.466029644012451,0.005272917915135622,23.790775299072266
6527.5,0.6586068272590637,4.584684371948242,0.005277217831462622,23.790773391723633
6529.0,0.6652184724807739,4.655592441558838,0.00524050323292613,23.790773391723633
6530.5,0.642198920249939,4.596887588500977,0.00519203208386898,23.790773391723633
6532.0,0.6482230424880981,4.614080429077148,0.005275688134133816,23.790773391723633
6533.5,0.6709173917770386,4.640836238861084,0.005655711516737938,23.7907772064209
6535.0,0.6701891422271729,4.793225288391113,0.005947096738964319,23.790781021118164
6536.5,0.6704732179641724,4.3813157081604,0.005868390668183565,23.7907772064209
6538.0,0.684707760810852,4.54584264755249,0.005515819415450096,23.790773391723633
6539.5,0.6686975955963135,4.506178855895996,0.005342365708202124,23.790773391723633
6541.0,0.668247640132904,4.428192615509033,0.005359570030122995,23.790773391723633
6542.5,0.6813559532165527,4.635108947753906,0.005407541990280151,23.790773391723633
6544.0,0.6969365477561951,4.873828887939453,0.00550831388682127,23.790775299072266
6545.5,0.6775641441345215,4.482522010803223,0.005609077867120504,23.790775299072266
6547.0,0.6450545787811279,4.296159267425537,0.005517096258699894,23.790775299072266
6548.5,0.6618947982788086,4.535070419311523,0.005377466790378094,23.790773391723633
6550.0,0.6555304527282715,4.1533122062683105,0.005142654292285442,23.790773391723633
6551.5,0.6472394466400146,4.312763214111328,0.005133680999279022,23.790773391723633
6553.0,0.6845545768737793,4.612839221954346,0.005405772477388382,23.790775299072266
6554.5,0.6902592182159424,4.486070156097412,0.005874683149158955,23.790781021118164
6556.0,0.6558871269226074,4.452978134155273,0.0060028801672160625,23.79078483581543
6557.5,0.6680316925048828,4.608860015869141,0.005616662558168173,23.790781021118164
6559.0,0.6717417240142822,4.276542663574219,0.0052873482927680016,23.790773391723633
6560.5,0.6943656206130981,4.63072395324707,0.005310858134180307,23.790773391723633
6562.0,0.6961950659751892,4.968680381774902,0.005569482687860727,23.790775299072266
6563.5,0.6783974766731262,4.196217060089111,0.006064826622605324,23.790782928466797
6565.0,0.6598276495933533,4.25758171081543,0.006331235636025667,23.79078483581543
6566.5,0.6291688084602356,3.8692526817321777,0.005925214383751154,23.790781021118164
6568.0,0.6153272986412048,3.6374311447143555,0.005480063613504171,23.790775299072266
6569.5,0.6413803100585938,4.355040073394775,0.005324235651642084,23.790773391723633
6571.0,0.6662394404411316,4.785294532775879,0.0054366146214306355,23.790775299072266
6572.5,0.67438143491745,4.660879135131836,0.005371459294110537,23.790773391723633
6574.0,0.6661790609359741,4.609689712524414,0.005259155295789242,23.790773391723633
6575.5,0.6705422401428223,4.705297470092773,0.005266361869871616,23.811779022216797
6577.0,0.664783775806427,4.740679740905762,0.00552790192887187,23.811782836914062
6578.5,0.6547031998634338,4.712984085083008,0.005704190116375685,23.811786651611328
6580.0,0.650025486946106,4.676553726196289,0.0056458828039467335,23.811784744262695
6581.5,0.6717498302459717,4.782076835632324,0.005425891373306513,23.811782836914062
6583.0,0.6852279305458069,4.915163040161133,0.005226230248808861,23.811779022216797
6584.5,0.6601417660713196,4.525446891784668,0.005168704316020012,23.811779022216797
6586.0,0.6719797849655151,4.624725818634033,0.005201997235417366,23.811779022216797
6587.5,0.658385694026947,4.583444595336914,0.005179258529096842,23.811779022216797
6589.0,0.6356951594352722,4.293044090270996,0.005211378913372755,23.811779022216797
6590.5,0.6781446933746338,4.447115421295166,0.005302409175783396,23.811779022216797
6592.0,0.6718661785125732,4.564355850219727,0.005306882783770561,23.811779022216797
6593.5,0.6563680171966553,4.6168670654296875,0.005223505198955536,23.811779022216797
6595.0,0.6611552834510803,4.416593551635742,0.005250411108136177,23.811779022216797
6596.5,0.6652326583862305,4.461362838745117,0.005317488685250282,23.811779022216797
6598.0,0.6664193868637085,4.727535247802734,0.005368548445403576,23.811779022216797
6599.5,0.6587458848953247,4.609604835510254,0.0053496938198804855,23.811779022216797
6601.0,0.6426696181297302,4.52442741394043,0.005254363641142845,23.832767486572266
6602.5,0.650179386138916,4.715731143951416,0.0052273771725595,23.832767486572266
6604.0,0.6429812908172607,4.658469200134277,0.005336883012205362,23.8327693939209
6605.5,0.6443859338760376,4.52536678314209,0.005456236191093922,23.8327693939209
6607.0,0.6773125529289246,4.508391380310059,0.0054873027838766575,23.8327693939209
6608.5,0.6725596189498901,4.316655158996582,0.005353107582777739,23.8327693939209
6610.0,0.6846984624862671,4.515886306762695,0.005186011083424091,23.832767486572266
6611.5,0.679754376411438,4.740839958190918,0.005054797045886517,23.832765579223633
6613.0,0.667812705039978,4.798356056213379,0.005015742965042591,23.832765579223633
6614.5,0.6598824262619019,4.665358066558838,0.00499615166336298,23.832767486572266
6616.0,0.6701586246490479,4.539214134216309,0.005004239268600941,23.811777114868164
6617.5,0.6557564735412598,4.391523361206055,0.004971932154148817,23.811777114868164
6619.0,0.6433134078979492,4.635608196258545,0.004962417297065258,23.811777114868164
6620.5,0.6525068879127502,4.75898551940918,0.004971443675458431,23.811777114868164
6622.0,0.6462838649749756,4.449063301086426,0.004981485195457935,23.811777114868164
6623.5,0.6482646465301514,4.408447265625,0.004983811639249325,23.811777114868164
6625.0,0.6733255386352539,4.6289215087890625,0.005086019169539213,23.811777114868164
6626.5,0.6683993935585022,4.5883026123046875,0.0050680749118328094,23.811777114868164
6628.0,0.6477713584899902,4.727475166320801,0.004987223539501429,23.811777114868164
6629.5,0.6625561714172363,4.710663795471191,0.005060807801783085,23.811779022216797
6631.0,0.644490122795105,4.469205856323242,0.005005917511880398,23.811779022216797
6632.5,0.6551100015640259,4.536456108093262,0.00501582957804203,23.811777114868164
6634.0,0.683427631855011,4.712049961090088,0.0050972201861441135,23.811779022216797
6635.5,0.6721994876861572,4.553619384765625,0.005156294908374548,23.811779022216797
6637.0,0.6950920224189758,4.468888282775879,0.005216780584305525,23.811779022216797
6638.5,0.698914647102356,4.518701553344727,0.005116134881973267,23.811779022216797
6640.0,0.6816109418869019,4.705389976501465,0.005079907365143299,23.811777114868164
6641.5,0.6439696550369263,4.668597221374512,0.005000353790819645,23.811777114868164
6643.0,0.6674343347549438,4.650151252746582,0.005017005372792482,23.811777114868164
6644.5,0.6745073795318604,4.888345718383789,0.005032520741224289,23.790769577026367
6646.0,0.6878024935722351,4.866070747375488,0.005049950443208218,23.790769577026367
6647.5,0.6863051056861877,4.390934944152832,0.005022141151130199,23.790769577026367
6649.0,0.658525824546814,4.415613174438477,0.004988369066268206,23.790769577026367
6650.5,0.6566153764724731,4.505035400390625,0.004915633238852024,23.790769577026367
6652.0,0.6606748104095459,4.400421142578125,0.004952716175466776,23.790769577026367
6653.5,0.6656380891799927,4.81279182434082,0.004935473669320345,23.790769577026367
6655.0,0.6621319651603699,4.586474418640137,0.0049554468132555485,23.790769577026367
6656.5,0.647252082824707,4.4346513748168945,0.0049194637686014175,23.790769577026367
6658.0,0.6676529049873352,4.609445095062256,0.004949466325342655,23.790769577026367
6659.5,0.6548259854316711,4.245355606079102,0.004931922070682049,23.790769577026367
6661.0,0.622014045715332,4.290030479431152,0.004859414882957935,23.790769577026367
6662.5,0.6011626720428467,4.410672187805176,0.0048286523669958115,23.790769577026367
6664.0,0.5961750745773315,4.187994480133057,0.00485639926046133,23.790769577026367
6665.5,0.6013257503509521,4.302188873291016,0.004845641553401947,23.790769577026367
6667.0,0.6074534058570862,4.446436882019043,0.004891429096460342,23.790769577026367
6668.5,0.6212701797485352,4.3444318771362305,0.0049461186863482,23.790771484375
6670.0,0.6248584985733032,4.11737060546875,0.004996935371309519,23.790771484375
6671.5,0.6513542532920837,4.367419242858887,0.004999951925128698,23.790769577026367
6673.0,0.6468278169631958,4.72920560836792,0.004970049485564232,23.790769577026367
6674.5,0.6486088037490845,4.845285415649414,0.004938550293445587,23.790769577026367
6676.0,0.6734100580215454,4.8200860023498535,0.0050302715972065926,23.790769577026367
6677.5,0.6699659824371338,4.61134147644043,0.004989356733858585,23.790769577026367
6679.0,0.6558465957641602,4.301362037658691,0.004974156152456999,23.790769577026367
6680.5,0.669509768486023,4.395770072937012,0.00499307457357645,23.790769577026367
6682.0,0.6793739795684814,4.550656318664551,0.0050000036135315895,23.790767669677734
6683.5,0.6715134382247925,4.529982566833496,0.0050074439495801926,23.790769577026367
6685.0,0.6436001658439636,4.478055477142334,0.004941221326589584,23.790767669677734
6686.5,0.6539380550384521,4.503704071044922,0.004887737333774567,23.790769577026367
6688.0,0.6631976962089539,4.710147380828857,0.0048920344561338425,23.790769577026367
6689.5,0.6652445793151855,4.616051197052002,0.004905909765511751,23.790769577026367
6691.0,0.6788665056228638,4.580539703369141,0.004913865122944117,23.790769577026367
6692.5,0.664120078086853,4.6587443351745605,0.004881571978330612,23.790769577026367
6694.0,0.6644359230995178,4.623043060302734,0.004882726818323135,23.790769577026367
6695.5,0.6581462621688843,4.584559917449951,0.004871240351349115,23.790767669677734
6697.0,0.6521814465522766,4.5942888259887695,0.004857022315263748,23.769744873046875
6698.5,0.6595204472541809,4.651843070983887,0.0048679267056286335,23.769744873046875
6700.0,0.6712059378623962,4.574357509613037,0.0049970271065831184,23.769744873046875
6701.5,0.6537704467773438,4.395051002502441,0.0049715847708284855,23.769744873046875
6703.0,0.6617962718009949,4.450974464416504,0.0049652704037725925,23.769744873046875
6704.5,0.6566198468208313,4.366486072540283,0.004972693510353565,23.769744873046875
6706.0,0.6544674634933472,4.535774230957031,0.004954436793923378,23.769744873046875
6707.5,0.6632460355758667,4.672431468963623,0.005025203339755535,23.769744873046875
6709.0,0.6728407740592957,4.522611618041992,0.005008486565202475,23.769744873046875
6710.5,0.6857867240905762,4.634542942047119,0.005020244978368282,23.769744873046875
6712.0,0.679017186164856,4.85962438583374,0.004989528562873602,23.769744873046875
6713.5,0.6918450593948364,4.884958267211914,0.0049835569225251675,23.769744873046875
6715.0,0.7208552360534668,5.013849258422852,0.005035731475800276,23.769744873046875
6716.5,0.8282414078712463,5.445082664489746,0.0052917408756911755,23.769744873046875
6718.0,0.9494091272354126,6.129358291625977,0.0056925443932414055,23.769744873046875
6719.5,0.9377627372741699,6.161050319671631,0.0057308305986225605,23.769744873046875
6721.0,0.8253034353256226,5.266290664672852,0.005281543824821711,23.769744873046875
6722.5,0.7200180292129517,4.715884208679199,0.005008911248296499,23.769744873046875
6724.0,0.6614770889282227,4.67366886138916,0.004840992856770754,23.769742965698242
6725.5,0.6341304779052734,4.59471321105957,0.004768113140016794,23.769742965698242
6727.0,0.6408899426460266,4.557287216186523,0.0049015372060239315,23.769742965698242
6728.5,0.6867856979370117,4.66229248046875,0.005011986941099167,23.769744873046875
6730.0,0.956552267074585,5.929913520812988,0.005553640890866518,23.769744873046875
6731.5,1.5568702220916748,8.420300483703613,0.006610599812120199,23.769744873046875
6733.0,2.1422834396362305,10.75898265838623,0.007635082583874464,23.769746780395508
6734.5,2.1367616653442383,10.702221870422363,0.007649728562682867,23.769746780395508
6736.0,1.6392964124679565,8.603093147277832,0.006948052439838648,23.769744873046875
6737.5,1.0553312301635742,6.2242021560668945,0.005720167886465788,23.769744873046875
6739.0,0.6993640661239624,4.842686653137207,0.005053764209151268,23.769744873046875
6740.5,0.6522508859634399,4.663396835327148,0.00494185509160161,23.769742965698242
6742.0,0.6328318119049072,4.259883403778076,0.004893241450190544,23.769742965698242
6743.5,0.6290042400360107,4.302913188934326,0.00486398721113801,23.769742965698242
6745.0,0.643176794052124,4.462459564208984,0.0048848302103579044,23.769742965698242
6746.5,0.6594463586807251,4.4667768478393555,0.004944483283907175,23.769742965698242
6748.0,0.6565364003181458,4.646387100219727,0.004899072460830212,23.769742965698242
6749.5,0.7031412124633789,4.850348472595215,0.004963242914527655,23.769742965698242
6751.0,0.8219547271728516,5.6155104637146,0.005202756263315678,23.769742965698242
6752.5,1.1173579692840576,7.21612548828125,0.005722426809370518,23.769744873046875
6754.0,1.4714651107788086,8.821666717529297,0.006295281462371349,23.769744873046875
6755.5,1.52382493019104,8.794319152832031,0.006355609744787216,23.769744873046875
6757.0,1.2654986381530762,7.381117343902588,0.0059484499506652355,23.769744873046875
6758.5,0.906667947769165,5.891836166381836,0.005344038363546133,23.769742965698242
6760.0,0.7403424978256226,4.967029571533203,0.005005987826734781,23.769742965698242
6845.5,0.6887249946594238,4.666327953338623,0.005069441627711058,23.769744873046875
6847.0,0.6656287908554077,4.55471658706665,0.004871840588748455,23.769744873046875
6848.5,0.6719106435775757,4.486260414123535,0.004802091047167778,23.769742965698242
6850.0,0.696975827217102,4.560040473937988,0.0049074431881308556,23.769742965698242
6851.5,0.6550651788711548,4.191699028015137,0.004831206984817982,23.769742965698242
6853.0,0.6365082263946533,4.268803119659424,0.0048222108744084835,23.769744873046875
6854.5,0.6605314016342163,4.508898735046387,0.004790293984115124,23.769742965698242
6856.0,0.6791605949401855,4.539797306060791,0.0047077094204723835,23.769742965698242
6857.5,0.675462007522583,4.722766876220703,0.004754147492349148,23.769742965698242
6859.0,0.6828880310058594,4.561661720275879,0.004775037989020348,23.769742965698242
6860.5,0.6851886510848999,4.433914661407471,0.004841068293899298,23.769742965698242
6862.0,0.6699342727661133,4.577302932739258,0.00495776766911149,23.769744873046875
6863.5,0.6915050745010376,4.750107765197754,0.005773426964879036,23.76975440979004
6865.0,0.7027878761291504,4.864048004150391,0.006661539897322655,23.76976776123047
6866.5,0.6672071218490601,4.4992475509643555,0.006826087366789579,23.7697696685791
6868.0,0.6518594622612,4.5187554359436035,0.006424485705792904,23.76976203918457
6869.5,0.6480605006217957,4.458487510681152,0.0060098483227193356,23.76975440979004
6871.0,0.636330246925354,4.297966003417969,0.006058724597096443,23.76975440979004
6872.5,0.6538285613059998,4.287049770355225,0.006308438256382942,23.769756317138672
6874.0,0.6586732864379883,4.372115135192871,0.006193387787789106,23.76975440979004
6875.5,0.6543465852737427,4.667491436004639,0.005872807931154966,23.769750595092773
6877.0,0.6510155200958252,4.630744934082031,0.005588707979768515,23.76974868774414
6878.5,0.6651065945625305,4.423913478851318,0.005435433238744736,23.769746780395508
6880.0,0.655774712562561,4.683791160583496,0.005386477801948786,23.769746780395508
6881.5,0.6737480759620667,4.633968353271484,0.005368347279727459,23.769746780395508
6883.0,0.6708583831787109,4.483277320861816,0.0053658983670175076,23.769746780395508
6884.5,0.6394525766372681,4.40535831451416,0.005191574804484844,23.769746780395508
6886.0,0.6796096563339233,4.712577819824219,0.005137130152434111,23.769744873046875
6887.5,0.7473844885826111,5.1999311447143555,0.005358727648854256,23.769746780395508
6889.0,0.916939377784729,5.907660484313965,0.005796584766358137,23.76974868774414
6890.5,1.0475083589553833,6.272243499755859,0.006351761985570192,23.769752502441406
6892.0,1.0810775756835938,6.46300745010376,0.006329238880425692,23.769752502441406
6893.5,0.9934893250465393,6.361327171325684,0.005939877592027187,23.76974868774414
6895.0,0.796525239944458,5.431620121002197,0.005408131051808596,23.769746780395508
6896.5,0.682034432888031,4.693778038024902,0.005078793969005346,23.769744873046875
6898.0,0.6683356761932373,4.629717826843262,0.004996553994715214,23.769744873046875
6899.5,0.68696528673172,4.696463584899902,0.0051231360994279385,23.769744873046875
6901.0,0.6683971285820007,4.456888198852539,0.005406215321272612,23.76974868774414
6902.5,0.7280862927436829,4.8336029052734375,0.005856501404196024,23.769752502441406
6904.0,0.8616410493850708,5.763513565063477,0.006022339686751366,23.769752502441406
6905.5,0.984451174736023,6.212368965148926,0.005937590729445219,23.76974868774414
6907.0,0.9962981939315796,6.229284286499023,0.0057263365015387535,23.769744873046875
6908.5,0.8517433404922485,5.473965167999268,0.005349092185497284,23.769744873046875
6910.0,0.7272628545761108,4.830465316772461,0.005030002444982529,23.769742965698242
6911.5,0.6478036046028137,4.29848575592041,0.004928302951157093,23.769744873046875
6913.0,0.6274597644805908,4.047082901000977,0.005101250018924475,23.76974868774414
6914.5,0.6527619361877441,4.21413516998291,0.005365413147956133,23.769752502441406
6916.0,0.643909215927124,4.257073402404785,0.0053471289575099945,23.769750595092773
6917.5,0.649849534034729,4.461971282958984,0.0049502733163535595,23.769744873046875
6919.0,0.6471573114395142,4.456918239593506,0.004705785308033228,23.769742965698242
6920.5,0.641533613204956,4.024028778076172,0.004697856027632952,23.769742965698242
6922.0,0.647789478302002,4.068729877471924,0.004883939865976572,23.769742965698242
6923.5,0.6615893840789795,4.281094551086426,0.005366676487028599,23.769750595092773
6925.0,0.6506609916687012,4.588671684265137,0.005887683480978012,23.769760131835938
6926.5,0.6436347961425781,4.617269515991211,0.005794193129986525,23.769756317138672
6928.0,0.6785532832145691,4.553522109985352,0.005204314831644297,23.769746780395508
6929.5,0.6709558367729187,4.6478424072265625,0.004801338538527489,23.769744873046875
6931.0,0.6462384462356567,4.658344268798828,0.004634743556380272,23.769742965698242
6956.5,0.6930152177810669,4.552423477172852,0.0048208036459982395,23.769742965698242
6958.0,0.6655502915382385,4.536823272705078,0.004746543243527412,23.769742965698242
6959.5,0.6783589124679565,4.703246116638184,0.004837578162550926,23.769742965698242
6961.0,0.6635857224464417,4.516158103942871,0.004774915985763073,23.769742965698242
6962.5,0.6644121408462524,4.358384132385254,0.004772478714585304,23.769742965698242
6964.0,0.6799101829528809,4.555237293243408,0.004780772607773542,23.769742965698242
6965.5,0.6634224057197571,4.5284528732299805,0.0048797051422297955,23.769742965698242
6967.0,0.6526731252670288,4.257140159606934,0.004836642649024725,23.769744873046875
6968.5,0.6591756343841553,4.40494441986084,0.004873753059655428,23.769744873046875
6970.0,0.6560719013214111,4.750890731811523,0.004934174008667469,23.769744873046875
6971.5,0.6321723461151123,4.349893569946289,0.0050903139635920525,23.769746780395508
6973.0,0.6539734601974487,4.317224979400635,0.00510055897757411,23.769746780395508
6974.5,0.6830035448074341,4.652261734008789,0.004956535995006561,23.769744873046875
6976.0,0.6805920600891113,4.73079252243042,0.004818831104785204,23.769742965698242
6977.5,0.690603494644165,4.851608753204346,0.004983997438102961,23.769744873046875
6979.0,0.653298556804657,4.55195426940918,0.00535648362711072,23.76974868774414
6980.5,0.6247755289077759,3.9726202487945557,0.005550825502723455,23.769752502441406
6982.0,0.6360689401626587,4.258200645446777,0.005246952176094055,23.769750595092773
6983.5,0.654241681098938,4.588925361633301,0.004842846654355526,23.769744873046875
6985.0,0.6789312362670898,4.563199043273926,0.00470117200165987,23.769742965698242
6986.5,0.680634081363678,4.550042152404785,0.00468331016600132,23.769742965698242
6988.0,0.6730908751487732,4.6044769287109375,0.004683546256273985,23.769742965698242
6989.5,0.6681185960769653,4.389564514160156,0.004663621075451374,23.769742965698242
6991.0,0.656002938747406,4.424467086791992,0.004617720376700163,23.769742965698242
6992.5,0.6745163202285767,4.715751647949219,0.004644650965929031,23.769742965698242
6994.0,0.6828639507293701,4.556694030761719,0.004672963172197342,23.769742965698242
6995.5,0.6625062227249146,4.41356086730957,0.004644050728529692,23.76974105834961
6997.0,0.6675388813018799,4.520237922668457,0.00465087266638875,23.769742965698242
6998.5,0.6754516363143921,4.653181076049805,0.004700873978435993,23.769742965698242
7000.0,0.6966887712478638,4.720880508422852,0.004808143712580204,23.769742965698242
7001.5,0.6913732886314392,4.672202110290527,0.004805856384336948,23.769742965698242
7003.0,0.6796806454658508,4.576623916625977,0.004824123810976744,23.769742965698242
7004.5,0.6864697933197021,4.430278778076172,0.004936426877975464,23.769744873046875
7006.0,0.6884145140647888,4.513632774353027,0.005005920771509409,23.769744873046875
7007.5,0.6955740451812744,4.6759233474731445,0.0049284109845757484,23.769744873046875
7009.0,0.6904247999191284,4.50756311416626,0.0048184567131102085,23.769742965698242
7010.5,0.7019505500793457,4.564699172973633,0.0048684049397706985,23.769742965698242
7012.0,0.7072659730911255,4.654057502746582,0.005108489189296961,23.769744873046875
7013.5,0.6789870858192444,4.578249931335449,0.005167040042579174,23.769746780395508
7015.0,0.6646490097045898,4.54962158203125,0.00512999203056097,23.769746780395508
7016.5,0.664263904094696,4.455531597137451,0.004889016505330801,23.769742965698242
7018.0,0.6753787398338318,4.469915390014648,0.004728860221803188,23.76974105834961
7019.5,0.6463245153427124,4.521663188934326,0.0046712132170796394,23.76974105834961
7021.0,0.6272528171539307,4.314376354217529,0.004605331923812628,23.76974105834961
7022.5,0.6666099429130554,4.374548435211182,0.004613036289811134,23.76974105834961
7024.0,0.6973127126693726,4.594127178192139,0.0046105580404400826,23.76974105834961
7025.5,0.662026047706604,4.614224910736084,0.0045106844045221806,23.76974105834961
7027.0,0.6615275144577026,4.500905990600586,0.004501184914261103,23.76974105834961
7028.5,0.6797144412994385,4.4735212326049805,0.004558987449854612,23.76974105834961
7030.0,0.6743587851524353,4.534419059753418,0.004563319031149149,23.76974105834961
7031.5,0.6402166485786438,4.393959999084473,0.004652512725442648,23.76974105834961
7033.0,0.6371762752532959,4.254020690917969,0.004768101964145899,23.76974105834961
7034.5,0.635008692741394,4.272049427032471,0.004771281499415636,23.76974105834961
7036.0,0.6119454503059387,4.416106224060059,0.004668357782065868,23.76974105834961
7037.5,0.6219748258590698,4.383598327636719,0.004707624204456806,23.76974105834961
7039.0,0.6380330324172974,4.169712066650391,0.00472900690510869,23.76974105834961
7040.5,0.6369251012802124,4.32015323638916,0.004778553266078234,23.76974105834961
7042.0,0.6553335189819336,4.375494003295898,0.005036081187427044,23.769742965698242
7043.5,0.6661311388015747,4.400925636291504,0.004796632099896669,23.769742965698242
7045.0,0.6681310534477234,4.547975063323975,0.004824106581509113,23.769742965698242
7046.5,0.6795889139175415,4.641656398773193,0.004886470269411802,23.769742965698242
7048.0,0.7087264657020569,4.654967308044434,0.005057220347225666,23.769744873046875
7049.5,0.7058616876602173,4.515631675720215,0.005249482579529285,23.790773391723633
7051.0,0.6931461095809937,4.541494369506836,0.005254886578768492,23.76974868774414
7052.5,0.6918238401412964,4.5168962478637695,0.005086239892989397,23.769746780395508
7054.0,0.6926377415657043,4.476044178009033,0.004959162790328264,23.769744873046875
7055.5,0.6907519102096558,4.680758476257324,0.004882949870079756,23.769744873046875
7057.0,0.6842607259750366,4.675480365753174,0.0048061031848192215,23.769742965698242
7058.5,0.6983087062835693,4.593352317810059,0.004776041954755783,23.769742965698242
7060.0,0.6900181770324707,4.643857955932617,0.00470793666318059,23.769742965698242
7061.5,0.6654485464096069,4.558352947235107,0.00467789638787508,23.76974105834961
7063.0,0.6868016123771667,4.3404998779296875,0.004772042389959097,23.769742965698242
7064.5,0.6785058379173279,4.3698954582214355,0.004676652606576681,23.748699188232422
7066.0,0.6516693234443665,4.308640480041504,0.004691907670348883,23.748699188232422
7067.5,0.6605627536773682,4.513871192932129,0.004721449222415686,23.748699188232422
7069.0,0.7070085406303406,4.809757232666016,0.004783890675753355,23.748699188232422
7070.5,0.6945227384567261,4.686598300933838,0.004748561419546604,23.748699188232422
7072.0,0.6779638528823853,4.487832546234131,0.004710508044809103,23.748699188232422
7073.5,0.6989042162895203,4.566971778869629,0.004726852290332317,23.748699188232422
7075.0,0.6866973042488098,4.62925910949707,0.004687792621552944,23.748699188232422
7076.5,0.6635944247245789,4.703537940979004,0.004645551089197397,23.748699188232422
7078.0,0.6535744667053223,4.633115768432617,0.004595237784087658,23.748699188232422
7079.5,0.6518726348876953,4.472570419311523,0.004608213901519775,23.748699188232422
7081.0,0.6643537878990173,4.464932441711426,0.004646755289286375,23.748699188232422
7082.5,0.675480306148529,4.563476085662842,0.004673945717513561,23.748699188232422
7084.0,0.6624969244003296,4.491288185119629,0.0047061629593372345,23.748699188232422
7085.5,0.6781121492385864,4.546258926391602,0.004705577157437801,23.748699188232422
7087.0,0.6956127882003784,4.666844367980957,0.00468297628685832,23.748699188232422
7088.5,0.690537691116333,4.55769157409668,0.004716918803751469,23.748699188232422
7090.0,0.6832277774810791,4.486005783081055,0.004794872831553221,23.748699188232422
7091.5,0.6785690188407898,4.4518961906433105,0.00481784250587225,23.748699188232422
7093.0,0.6803115606307983,4.443634033203125,0.004777796566486359,23.748699188232422
7094.5,0.6847096681594849,4.666319370269775,0.004678390920162201,23.769744873046875
7096.0,0.6662542223930359,4.514705181121826,0.004639986902475357,23.769742965698242
7097.5,0.6717399954795837,4.336127758026123,0.004729049745947123,23.769742965698242
7099.0,0.6947937607765198,4.688411712646484,0.004849732853472233,23.769742965698242
7100.5,0.6796092987060547,4.62385368347168,0.0048354389145970345,23.769742965698242
7102.0,0.6851577758789062,4.440511703491211,0.004860596265643835,23.74869728088379
7103.5,0.6845851540565491,4.2907633781433105,0.004823426716029644,23.74869728088379
7105.0,0.6642551422119141,4.286492824554443,0.004769870080053806,23.74869728088379
7106.5,0.6595918536186218,4.480390548706055,0.004531228914856911,23.74869728088379
7108.0,0.6821050047874451,4.505011558532715,0.004564014263451099,23.74869728088379
7109.5,0.695286750793457,4.552336692810059,0.004580664448440075,23.74869728088379
7111.0,0.6833651065826416,4.6793365478515625,0.0045683723874390125,23.74869728088379
7112.5,0.6789432764053345,4.58436393737793,0.004557219333946705,23.72763442993164
7114.0,0.6792017221450806,4.449942588806152,0.004533964674919844,23.72763442993164
7115.5,0.682572603225708,4.496316909790039,0.0045808060094714165,23.72763442993164
7117.0,0.6873681545257568,4.793276786804199,0.004546897951513529,23.72763442993164
7118.5,0.6664021015167236,4.650199890136719,0.004534188192337751,23.72763442993164
7120.0,0.6663498878479004,4.446532726287842,0.004529668018221855,23.72763442993164
7121.5,0.6749944686889648,4.615908622741699,0.004537032917141914,23.72763442993164
7123.0,0.6788175106048584,4.622978210449219,0.004519466310739517,23.72763442993164
7124.5,0.681328296661377,4.461796760559082,0.004566180054098368,23.72763442993164
7126.0,0.6765596866607666,4.593778610229492,0.0045271823182702065,23.72763442993164
7127.5,0.6795682311058044,4.63698673248291,0.004605070687830448,23.72763442993164
7129.0,0.6864773035049438,4.4270339012146,0.004656056873500347,23.72763442993164
7130.5,0.6760238409042358,4.576258659362793,0.004662423860281706,23.727636337280273
7132.0,0.6514514088630676,4.729643821716309,0.0046347505412995815,23.727636337280273
7133.5,0.6616334915161133,4.562716960906982,0.004664730746299028,23.727636337280273
7135.0,0.6714224815368652,4.3142876625061035,0.004801308270543814,23.727636337280273
7136.5,0.675101101398468,4.1678080558776855,0.004768602550029755,23.72763442993164
7138.0,0.6830884218215942,4.480205059051514,0.004700463265180588,23.72763442993164
7139.5,0.6818625926971436,4.687533378601074,0.004745210986584425,23.72763442993164
7141.0,0.6924803853034973,4.586239814758301,0.004723388701677322,23.72763442993164
7142.5,0.6940950751304626,4.6077470779418945,0.004906225483864546,23.72763442993164
7144.0,0.6740084886550903,4.787477970123291,0.004836390260607004,23.727636337280273
7145.5,0.6740350723266602,4.739320755004883,0.004903898108750582,23.727638244628906
7147.0,0.6816504597663879,4.681372165679932,0.004893765319138765,23.727638244628906
7148.5,0.6918219327926636,4.648841381072998,0.004973181989043951,23.727636337280273
7150.0,0.6858617663383484,4.600413799285889,0.004974366631358862,23.72763442993164
7151.5,0.7016639113426208,4.730415344238281,0.004897268954664469,23.727636337280273
7153.0,0.7075409889221191,4.596455097198486,0.004867281299084425,23.72763442993164
7154.5,0.6782537698745728,4.462454795837402,0.004749244544655085,23.72763442993164
7156.0,0.6845612525939941,4.606207847595215,0.004697831813246012,23.72763442993164
7157.5,0.6806589365005493,4.534031867980957,0.004759764764457941,23.72763442993164
7159.0,0.6669384837150574,4.5266923904418945,0.004621847532689571,23.72763442993164
7160.5,0.6505043506622314,4.554388999938965,0.004639396909624338,23.72763442993164
7162.0,0.6429634094238281,4.464823246002197,0.004599135834723711,23.72763442993164
7163.5,0.6739572286605835,4.604795932769775,0.004689959809184074,23.72763442993164
7165.0,0.6892679929733276,4.504484176635742,0.004696302115917206,23.72763442993164
7166.5,0.6827609539031982,4.5490312576293945,0.0047155339270830154,23.72763442993164
7168.0,0.6716570854187012,4.629266738891602,0.004798360634595156,23.72763442993164
7169.5,0.6736932992935181,4.63912296295166,0.00473991921171546,23.72763442993164
7171.0,0.660907506942749,4.572840690612793,0.004773253109306097,23.72763442993164
7172.5,0.654809832572937,4.6902666091918945,0.004743657540529966,23.72763442993164
7174.0,0.6823055744171143,4.707205772399902,0.004762611351907253,23.72763442993164
7175.5,0.6604446768760681,4.474579811096191,0.0047164661809802055,23.72763442993164
7177.0,0.6515551805496216,4.491550922393799,0.004776374436914921,23.72763442993164
7178.5,0.6880079507827759,4.601612091064453,0.004791919142007828,23.72763442993164
7180.0,0.6951608061790466,4.679033279418945,0.004709387198090553,23.72763442993164
7181.5,0.659723699092865,4.661333084106445,0.004629303235560656,23.72763442993164
7183.0,0.6402443647384644,4.627917289733887,0.004618444945663214,23.72763442993164
7184.5,0.6725695133209229,4.4752655029296875,0.004656494129449129,23.72763442993164
7186.0,0.7015703320503235,4.469366073608398,0.004663871135562658,23.72763442993164
7187.5,0.6984573602676392,4.763498783111572,0.004643679596483707,23.72763442993164
7189.0,0.6753958463668823,4.596493721008301,0.004585550632327795,23.72763442993164
7190.5,0.676607608795166,4.51187801361084,0.004563325550407171,23.72763442993164
7192.0,0.6898510456085205,4.607357978820801,0.0045583732426166534,23.72763442993164
7193.5,0.6678681373596191,4.506351947784424,0.004522168077528477,23.72763442993164
7195.0,0.6704397201538086,4.550608158111572,0.004559442400932312,23.72763442993164
7196.5,0.678997814655304,4.571394443511963,0.004566419869661331,23.72763442993164
7198.0,0.6475322246551514,4.409305572509766,0.004442240111529827,23.72763442993164
7199.5,0.6577194333076477,4.455078125,0.004481784533709288,23.72763442993164
7201.0,0.6741031408309937,4.531136989593506,0.004592537879943848,23.72763442993164
7202.5,0.6848234534263611,4.548161506652832,0.004607698880136013,23.72763442993164
7204.0,0.6834436058998108,4.466055870056152,0.0045864577405154705,23.72763442993164
7205.5,0.6602311134338379,4.468011856079102,0.004534519277513027,23.72763442993164
7207.0,0.674214780330658,4.671365261077881,0.004524029791355133,23.72763442993164
7208.5,0.6865578889846802,4.506713390350342,0.004557959269732237,23.72763442993164
7210.0,0.6865248680114746,4.548050880432129,0.004521849565207958,23.72763442993164
7211.5,0.6626414656639099,4.51413631439209,0.00447290251031518,23.72763442993164
7213.0,0.6563488841056824,4.490276336669922,0.0044271149672567844,23.727632522583008
7214.5,0.6738492250442505,4.485407829284668,0.004479032009840012,23.72763442993164
7216.0,0.676206111907959,4.46243143081665,0.004500429145991802,23.727632522583008
7217.5,0.6898306608200073,4.526405334472656,0.00449173292145133,23.727632522583008
7219.0,0.6756002902984619,4.443878650665283,0.004498827736824751,23.72763442993164
7220.5,0.688235878944397,4.507905960083008,0.004513212945312262,23.727632522583008
7222.0,0.6885305047035217,4.7715044021606445,0.004553632345050573,23.72763442993164
7223.5,0.660401463508606,4.503849029541016,0.004558145999908447,23.72763442993164
7225.0,0.6727948188781738,4.407175064086914,0.0046172677539289,23.72763442993164
7226.5,0.699157178401947,4.656354904174805,0.004642263520509005,23.72763442993164
7228.0,0.6989655494689941,4.551290512084961,0.004636499099433422,23.72763442993164
7229.5,0.6949267983436584,4.554736137390137,0.004639633931219578,23.72763442993164
7231.0,0.7050437927246094,4.728196144104004,0.004640943370759487,23.72763442993164
7232.5,0.699698805809021,4.70441198348999,0.00461604492738843,23.72763442993164
7234.0,0.6934773921966553,4.679629325866699,0.004652221687138081,23.72763442993164
7235.5,0.6917805671691895,4.443768501281738,0.004727035760879517,23.72763442993164
7237.0,0.6676463484764099,4.250781059265137,0.004778875038027763,23.727636337280273
7238.5,0.6584941148757935,4.241705417633057,0.00504124304279685,23.727638244628906
7240.0,0.6259263157844543,4.347635269165039,0.005836370401084423,23.727651596069336
7241.5,0.6723366379737854,4.745421886444092,0.007098897825926542,23.727670669555664
7243.0,0.7042397856712341,4.89328670501709,0.007911504246294498,23.727685928344727
7244.5,0.6443817615509033,3.872657299041748,0.007668977603316307,23.72768211364746
7246.0,0.6381478309631348,3.7486820220947266,0.0077949268743395805,23.727685928344727
7247.5,0.6679270267486572,4.854063987731934,0.00754929892718792,23.72768211364746
7249.0,0.6508482098579407,4.535564422607422,0.006751392036676407,23.727663040161133
7250.5,0.6157536506652832,3.5014281272888184,0.0057504065334796906,23.727645874023438
7252.0,0.6328225135803223,3.797018527984619,0.005189635790884495,23.727638244628906
7253.5,0.635480523109436,4.088803768157959,0.005358584225177765,23.72764015197754
7255.0,0.6328545808792114,4.0893168449401855,0.005589928478002548,23.727643966674805
7256.5,0.6618182063102722,4.518426895141602,0.005431234370917082,23.727643966674805
7258.0,0.6666520833969116,4.702679634094238,0.005144821014255285,23.72764015197754
7259.5,0.6837090253829956,4.692178249359131,0.004908768925815821,23.727638244628906
7261.0,0.7062603235244751,4.707228660583496,0.0047041866928339005,23.72763442993164
7262.5,0.6958119869232178,4.579362869262695,0.004660850390791893,23.72763442993164
7264.0,0.6852896213531494,4.483972549438477,0.004657999146729708,23.72763442993164
7265.5,0.6790779829025269,4.55226993560791,0.004692999180406332,23.72763442993164
7267.0,0.6582636833190918,4.691806316375732,0.004599708132445812,23.72763442993164
7268.5,0.6431655883789062,4.286443710327148,0.0046536545269191265,23.72763442993164
7270.0,0.6454939842224121,4.1158528327941895,0.004726781509816647,23.727636337280273
7271.5,0.6506116390228271,4.372961044311523,0.004716061986982822,23.727636337280273
7273.0,0.6369740962982178,4.167717456817627,0.004631579387933016,23.727636337280273
7274.5,0.6421917676925659,4.38556432723999,0.004893801175057888,23.727638244628906
7276.0,0.6678683757781982,4.914458751678467,0.006077561527490616,23.7276554107666
7277.5,0.6768264770507812,4.796116828918457,0.008002573624253273,23.727689743041992
7279.0,0.6800557374954224,4.758476257324219,0.008750847540795803,23.727703094482422
7280.5,0.6538796424865723,4.416018962860107,0.007262897212058306,23.72767448425293
7282.0,0.6113202571868896,3.7472379207611084,0.005612062755972147,23.72764778137207
7283.5,0.6307340264320374,3.7670154571533203,0.0053568752482533455,23.727643966674805
7285.0,0.6488118171691895,4.437266826629639,0.0057564666494727135,23.74871253967285
7286.5,0.6583646535873413,4.6733245849609375,0.0060654329136013985,23.74871826171875
7288.0,0.6637266874313354,4.46153450012207,0.005950658116489649,23.748716354370117
7289.5,0.6357722878456116,4.113373756408691,0.005203122738748789,23.74870491027832
7291.0,0.62108314037323,3.9681005477905273,0.004692473448812962,23.748699188232422
7292.5,0.6392061114311218,4.339578628540039,0.004594515543431044,23.748699188232422
7294.0,0.6456005573272705,4.525847434997559,0.004612138960510492,23.748699188232422
7295.5,0.6259593963623047,4.524168491363525,0.00474263122305274,23.748699188232422
7297.0,0.6215065717697144,4.277623653411865,0.004970695357769728,23.727638244628906
7298.5,0.6146981716156006,3.895310401916504,0.00505012646317482,23.727638244628906
7300.0,0.636433482170105,4.247322082519531,0.0049145761877298355,23.727638244628906
7301.5,0.6537294983863831,4.5924859046936035,0.004705446306616068,23.72763442993164
7303.0,0.6416500806808472,4.204642295837402,0.0047920201905071735,23.727636337280273
7304.5,0.6081910133361816,3.8655166625976562,0.005232896190136671,23.727642059326172
7306.0,0.6093322038650513,4.173290252685547,0.005571679212152958,23.727649688720703
7307.5,0.6198078989982605,4.3337297439575195,0.005304892547428608,23.727643966674805
7309.0,0.6206079721450806,4.4072723388671875,0.004833704326301813,23.727638244628906
7310.5,0.6387258768081665,4.501717567443848,0.004644994158297777,23.72763442993164
7312.0,0.6334121227264404,4.093787670135498,0.004658724647015333,23.72763442993164
7313.5,0.6081129312515259,3.8670616149902344,0.0046638925559818745,23.727636337280273
7315.0,0.6035839319229126,3.8486979007720947,0.0049104876816272736,23.727638244628906
7316.5,0.6100183725357056,4.036035537719727,0.006029513198882341,23.727657318115234
7318.0,0.6168715357780457,4.95625638961792,0.007338632829487324,23.72768211364746
7319.5,0.656358003616333,4.798513889312744,0.007183098699897528,23.727678298950195
7321.0,0.6115655899047852,3.8792660236358643,0.005941600538790226,23.7276554107666
7322.5,0.5984933972358704,3.742499828338623,0.005011815577745438,23.72764015197754
7324.0,0.6364930868148804,4.32442045211792,0.004746823105961084,23.727636337280273
7325.5,0.6207880973815918,4.271486282348633,0.00463272538036108,23.72763442993164
7327.0,0.5964436531066895,3.7026281356811523,0.0046334825456142426,23.72763442993164
7328.5,0.6203619837760925,4.074435234069824,0.004946243949234486,23.727638244628906
7330.0,0.6527669429779053,4.799452781677246,0.005641541443765163,23.727649688720703
7331.5,0.6509805917739868,4.423328876495361,0.006284610368311405,23.727657318115234
7333.0,0.628398060798645,3.9771487712860107,0.006071039941161871,23.727651596069336
7334.5,0.6382772922515869,4.348936080932617,0.005236288998275995,23.727642059326172
7336.0,0.668390691280365,4.416345596313477,0.004810021258890629,23.72763442993164
7337.5,0.6538834571838379,4.028707504272461,0.004810771904885769,23.748699188232422
7339.0,0.6479668617248535,4.073877334594727,0.0049367137253284454,23.748699188232422
7340.5,0.6669734716415405,4.8340349197387695,0.005823603831231594,23.74871253967285
7342.0,0.6664304137229919,4.48626708984375,0.007795525249093771,23.74874496459961
7343.5,0.6484324932098389,3.8673672676086426,0.008201462216675282,23.748756408691406
7345.0,0.6507022976875305,3.922825813293457,0.007038524374365807,23.74873161315918
7346.5,0.6442177295684814,3.958789348602295,0.005541093181818724,23.748708724975586
7348.0,0.614858865737915,4.197434425354004,0.004655630327761173,23.727636337280273
7349.5,0.6246514320373535,4.322498321533203,0.004576587583869696,23.72763442993164
7351.0,0.6447201371192932,4.160594463348389,0.004596235696226358,23.72763442993164
7352.5,0.6479805111885071,4.105731964111328,0.004693104885518551,23.72763442993164
7354.0,0.6565392017364502,4.215457439422607,0.004715967457741499,23.727636337280273
7355.5,0.6652941703796387,4.221452236175537,0.0047209663316607475,23.72763442993164
7357.0,0.6556582450866699,4.367773056030273,0.004692691378295422,23.727636337280273
7358.5,0.6426469087600708,4.562527656555176,0.005169869400560856,23.727642059326172
7360.0,0.6283560991287231,4.307345867156982,0.005882566329091787,23.727651596069336
7361.5,0.6416126489639282,4.195950508117676,0.005936775356531143,23.72765350341797
7363.0,0.6605095863342285,4.515501022338867,0.005374723579734564,23.727645874023438
7364.5,0.6510366201400757,4.483767509460449,0.0047968304716050625,23.727638244628906
7366.0,0.646888017654419,4.310820579528809,0.004707714077085257,23.727636337280273
7367.5,0.6466606855392456,4.1998724937438965,0.004947253968566656,23.727638244628906
7369.0,0.6385816335678101,4.584526062011719,0.005706452298909426,23.74871063232422
7370.5,0.6419951319694519,4.365843296051025,0.007233308162540197,23.748735427856445
7372.0,0.6504048109054565,3.9859657287597656,0.007903420366346836,23.748748779296875
7373.5,0.6416062712669373,4.228724479675293,0.006496943533420563,23.74872589111328
7375.0,0.6129641532897949,4.388696670532227,0.005134590435773134,23.74870491027832
7376.5,0.6163241863250732,4.1645612716674805,0.004713310394436121,23.748699188232422
7378.0,0.6531445980072021,4.361912727355957,0.00463931355625391,23.72763442993164
7379.5,0.6437397003173828,4.227225303649902,0.004598891828209162,23.72763442993164
7381.0,0.6171079874038696,4.161600112915039,0.004513017367571592,23.72763442993164
7382.5,0.6202273964881897,4.2842116355896,0.004467549733817577,23.72763442993164
7384.0,0.6253193020820618,4.294105529785156,0.0044336989521980286,23.72763442993164
7385.5,0.6251659393310547,4.184018611907959,0.004426171537488699,23.72763442993164
7387.0,0.6402946710586548,4.351615905761719,0.004447800572961569,23.72763442993164
7388.5,0.637147843837738,4.490719795227051,0.004460006952285767,23.72763442993164
7390.0,0.6229240894317627,4.215807914733887,0.004557039588689804,23.72763442993164
7391.5,0.6384056210517883,4.302839756011963,0.004877843428403139,23.727638244628906
7393.0,0.6652380228042603,4.307747840881348,0.0052259815856814384,23.727642059326172
7394.5,0.6306991577148438,4.1945390701293945,0.005461152642965317,23.74871063232422
7396.0,0.6071414351463318,4.393016815185547,0.0052952393889427185,23.748706817626953
7397.5,0.6372910737991333,4.618940353393555,0.004748380742967129,23.748699188232422
7399.0,0.6616586446762085,4.469629287719727,0.004519772715866566,23.74869728088379
7400.5,0.6401159763336182,4.291332244873047,0.004698212258517742,23.748699188232422
7402.0,0.6199511289596558,4.32765007019043,0.005472851917147636,23.748708724975586
7403.5,0.6647537350654602,4.302271842956543,0.0065081468783319,23.748722076416016
7405.0,0.689470648765564,4.44780158996582,0.006466303952038288,23.748722076416016
7406.5,0.6517181396484375,4.599216461181641,0.005426198244094849,23.74871063232422
7408.0,0.6408489942550659,4.610849380493164,0.004653728101402521,23.748699188232422
7409.5,0.654855489730835,4.5960235595703125,0.004436109215021133,23.74869728088379
7411.0,0.6497207880020142,4.496941566467285,0.004419637843966484,23.74869728088379
7412.5,0.661536693572998,4.509686470031738,0.004499343689531088,23.74869728088379
7414.0,0.6631176471710205,4.384400367736816,0.004522479139268398,23.74869728088379
7415.5,0.6454261541366577,4.267515659332275,0.004540599416941404,23.74869728088379
7417.0,0.6315773129463196,4.30816650390625,0.004494480323046446,23.74869728088379
7418.5,0.6579289436340332,4.3701887130737305,0.0045392755419015884,23.74869728088379
7420.0,0.6800738573074341,4.440404891967773,0.004569603595882654,23.74869728088379
7421.5,0.6817489266395569,4.5838775634765625,0.004532105755060911,23.74869728088379
7423.0,0.6639001369476318,4.498167037963867,0.004485060460865498,23.74869728088379
7424.5,0.6426048278808594,4.3865766525268555,0.004445540718734264,23.74869728088379
7426.0,0.6626423597335815,4.526651382446289,0.004481145646423101,23.74869728088379
7427.5,0.6626396179199219,4.529151916503906,0.004471615422517061,23.74869728088379
7429.0,0.6463605165481567,4.539609909057617,0.004554517101496458,23.748699188232422
7430.5,0.6553127765655518,4.281105041503906,0.0048722499050199986,23.748701095581055
7432.0,0.6586913466453552,4.021965980529785,0.005139382090419531,23.748703002929688
7433.5,0.6785967946052551,4.466637134552002,0.005007137544453144,23.748703002929688
7435.0,0.6727906465530396,4.832719326019287,0.004659957252442837,23.748699188232422
7436.5,0.6600823402404785,4.630073070526123,0.004586955066770315,23.74869728088379
7438.0,0.6903097629547119,4.620506286621094,0.00492730550467968,23.748699188232422
7439.5,0.6842390298843384,4.393515586853027,0.005402442999184132,23.748706817626953
7441.0,0.6427848935127258,3.9560937881469727,0.005613442976027727,23.74871063232422
7442.5,0.6391832232475281,4.120528697967529,0.005239988211542368,23.74870491027832
7444.0,0.679950475692749,4.537699222564697,0.004794879350811243,23.748699188232422
7445.5,0.6831933259963989,4.609500885009766,0.004586806520819664,23.74869728088379
7447.0,0.6666964292526245,4.508872985839844,0.004510013852268457,23.74869728088379
7448.5,0.6657692193984985,4.394017219543457,0.004505561664700508,23.74869728088379
7450.0,0.6601978540420532,4.3129401206970215,0.004474245011806488,23.74869728088379
7451.5,0.6640759706497192,4.314014911651611,0.004482488613575697,23.748695373535156
7453.0,0.6670506596565247,4.278274059295654,0.004472866654396057,23.74869728088379
7454.5,0.6592754125595093,4.389278411865234,0.004522571340203285,23.74869728088379
7456.0,0.6601126194000244,4.470729827880859,0.004476385656744242,23.748695373535156
7457.5,0.6691511869430542,4.521995544433594,0.004525739699602127,23.74869728088379
7459.0,0.6699345707893372,4.600772380828857,0.004514722619205713,23.74869728088379
7460.5,0.674389123916626,4.657879829406738,0.004565314389765263,23.74869728088379
7462.0,0.6600603461265564,4.583855152130127,0.004582430701702833,23.748699188232422
7463.5,0.6466062068939209,4.460195064544678,0.00481290090829134,23.748699188232422
7465.0,0.6773874759674072,4.535451889038086,0.004970454145222902,23.748699188232422
7466.5,0.68648362159729,4.546919822692871,0.005035913083702326,23.748699188232422
7468.0,0.6616132259368896,4.3625946044921875,0.005105094984173775,23.748703002929688
7469.5,0.6627088189125061,4.286563396453857,0.005073564127087593,23.748703002929688
7471.0,0.6585460901260376,4.34794282913208,0.00504540279507637,23.748701095581055
7472.5,0.6391133666038513,4.145242691040039,0.005294614937156439,23.748703002929688
7474.0,0.6580032110214233,4.170628070831299,0.005623543169349432,23.748706817626953
7475.5,0.6502566337585449,4.507427215576172,0.00556633435189724,23.748706817626953
7477.0,0.6444247961044312,4.360892295837402,0.00531823979690671,23.74870491027832
7478.5,0.63153076171875,3.8985042572021484,0.0050275931134819984,23.748703002929688
7480.0,0.6159584522247314,3.8980789184570312,0.005159330554306507,23.748703002929688
7481.5,0.635741651058197,4.242356300354004,0.005359312519431114,23.748706817626953
7483.0,0.6367180943489075,4.051294803619385,0.0054231365211308,23.748706817626953
7484.5,0.639672577381134,3.9999911785125732,0.005503565538674593,23.748706817626953
7486.0,0.6667506098747253,4.231955051422119,0.005618541035801172,23.74871063232422
7487.5,0.6690024137496948,4.327631950378418,0.005261556711047888,23.74870491027832
7489.0,0.6715757846832275,4.391510009765625,0.0048263538628816605,23.748699188232422
7490.5,0.659146785736084,4.423417091369629,0.004605247639119625,23.74869728088379
7492.0,0.6471652984619141,4.455833435058594,0.004566777031868696,23.76974105834961
7493.5,0.6763532161712646,4.584440231323242,0.004640103783458471,23.769742965698242
7495.0,0.6777845621109009,4.510079383850098,0.004762400407344103,23.769744873046875
7496.5,0.6758711338043213,4.420141220092773,0.0047797090373933315,23.769744873046875
7498.0,0.6810169816017151,4.502203464508057,0.004686041735112667,23.769742965698242
7499.5,0.663353443145752,4.497764587402344,0.004552548751235008,23.76974105834961
7501.0,0.6618860960006714,4.540554523468018,0.004487497732043266,23.76974105834961
7502.5,0.6726436614990234,4.423822402954102,0.004538410343229771,23.76974105834961
7504.0,0.6698608994483948,4.394136905670166,0.004543124232441187,23.76974105834961
7505.5,0.6615347862243652,4.595909118652344,0.0045022726990282536,23.76974105834961
7507.0,0.668616533279419,4.68131685256958,0.004516557324677706,23.76974105834961
7508.5,0.6807880401611328,4.4626359939575195,0.004526518285274506,23.76974105834961
7510.0,0.6918330192565918,4.41066837310791,0.004565758630633354,23.76974105834961
7511.5,0.6944775581359863,4.6014509201049805,0.004563160706311464,23.76974105834961
7513.0,0.6808661818504333,4.6673502922058105,0.0044957310892641544,23.76974105834961
7514.5,0.6709532737731934,4.481797218322754,0.00449714157730341,23.76974105834961
7516.0,0.6651638150215149,4.278457164764404,0.0045019350945949554,23.76974105834961
7517.5,0.6649497747421265,4.488844871520996,0.0046195341274142265,23.769742965698242
7519.0,0.6683107018470764,4.594732761383057,0.004778079688549042,23.769744873046875
7520.5,0.6678528785705566,4.318302154541016,0.0047308169305324554,23.769744873046875
7522.0,0.6764727234840393,4.235491752624512,0.004807028453797102,23.769744873046875
7523.5,0.6946744918823242,4.506441116333008,0.00526082469150424,23.76974868774414
7525.0,0.7195067405700684,4.755206108093262,0.00635807728394866,23.769763946533203
7526.5,0.7255606651306152,4.675276279449463,0.007161085028201342,23.769777297973633
7528.0,0.6955603957176208,4.374479293823242,0.006420171353965998,23.769763946533203
7529.5,0.6982278823852539,4.581315994262695,0.005354384891688824,23.769750595092773
7531.0,0.6924684047698975,4.583659648895264,0.00503650214523077,23.769746780395508
7532.5,0.6675580143928528,4.1519293785095215,0.0051633212715387344,23.76974868774414
7534.0,0.6871960759162903,4.193503379821777,0.005147553514689207,23.769746780395508
7535.5,0.7001281380653381,4.596205711364746,0.00483999028801918,23.769744873046875
7537.0,0.6802076101303101,4.7301025390625,0.004629882518202066,23.76974105834961
7538.5,0.6778740882873535,4.641088962554932,0.004564485978335142,23.76974105834961
7540.0,0.6874207258224487,4.647327423095703,0.004636931698769331,23.76974105834961
7541.5,0.6963412165641785,4.394809246063232,0.00475316820666194,23.769742965698242
7543.0,0.7061603665351868,4.364591121673584,0.004794407170265913,23.769744873046875
7544.5,0.6731994152069092,4.537191867828369,0.004744060803204775,23.769742965698242
7546.0,0.6394002437591553,4.421975135803223,0.004672016482800245,23.76974105834961
7547.5,0.6336660385131836,4.316738128662109,0.004596339073032141,23.76974105834961
7549.0,0.6324140429496765,4.2306108474731445,0.004645210225135088,23.76974105834961
7550.5,0.634135365486145,4.202579498291016,0.004607242997735739,23.76974105834961
7552.0,0.651383638381958,4.593609809875488,0.004656028002500534,23.76974105834961
7553.5,0.6750696897506714,4.788673400878906,0.004597828723490238,23.76974105834961
7555.0,0.6518676280975342,4.505673408508301,0.004556808155030012,23.76974105834961
7556.5,0.6583725810050964,4.424540042877197,0.004594801459461451,23.769742965698242
7558.0,0.6778502464294434,4.352293014526367,0.004807314369827509,23.769744873046875
7559.5,0.6751500368118286,4.436429500579834,0.0049844165332615376,23.769746780395508
7561.0,0.6693947315216064,4.642962455749512,0.004960184916853905,23.769746780395508
7562.5,0.691407322883606,4.593206405639648,0.004781786352396011,23.769744873046875
7564.0,0.7098827362060547,4.565325736999512,0.0046928636729717255,23.769742965698242
7565.5,0.7108622789382935,4.7295637130737305,0.0046249632723629475,23.76974105834961
7567.0,0.7055734395980835,4.784795761108398,0.004646409302949905,23.76974105834961
7568.5,0.692033052444458,4.515517234802246,0.0047762105241417885,23.769742965698242
7570.0,0.7057555913925171,4.4106645584106445,0.004888927098363638,23.769744873046875
7571.5,0.7165232300758362,4.515803337097168,0.005261370912194252,23.76974868774414
7573.0,0.6847590804100037,4.688258171081543,0.005793577525764704,23.769758224487305
7574.5,0.6639962196350098,4.4382100105285645,0.006004299037158489,23.76976203918457
7576.0,0.6742371320724487,4.092679023742676,0.0056653451174497604,23.769756317138672
7577.5,0.6662952303886414,4.325288772583008,0.0049802628345787525,23.769746780395508
7579.0,0.6634359359741211,4.386013031005859,0.004650923423469067,23.769742965698242
7580.5,0.6718977689743042,4.45266056060791,0.004529403056949377,23.76974105834961
7582.0,0.671346127986908,4.558650493621826,0.00451050978153944,23.76974105834961
7583.5,0.660209596157074,4.31752872467041,0.004486993420869112,23.76974105834961
7585.0,0.6487995982170105,4.150262355804443,0.004582434892654419,23.76974105834961
7586.5,0.6657989621162415,4.187253475189209,0.004805295262485743,23.769744873046875
7588.0,0.682340681552887,4.350699424743652,0.005078743677586317,23.76974868774414
7589.5,0.6879675388336182,4.693345069885254,0.005071254912763834,23.769746780395508
7591.0,0.6923786401748657,4.85923957824707,0.004821426700800657,23.769744873046875
7592.5,0.6942499279975891,4.591225624084473,0.004691048059612513,23.769742965698242
7594.0,0.6861221194267273,4.310060501098633,0.0047284085303545,23.76974105834961
7595.5,0.6716238856315613,4.433638095855713,0.00512585137039423,23.769744873046875
7597.0,0.6881241798400879,5.048740386962891,0.0059667713940143585,23.769752502441406
7598.5,0.7266519069671631,4.754087924957275,0.007523693609982729,23.769771575927734
7600.0,0.7117429375648499,4.210583686828613,0.009325524792075157,23.769804000854492
7601.5,0.6514833569526672,4.3056535720825195,0.010381716303527355,23.76983070373535
7603.0,0.706301212310791,5.067458629608154,0.010707451961934566,23.76983070373535
7604.5,0.7506738901138306,5.446134567260742,0.010763880796730518,23.769826889038086
7606.0,0.7198301553726196,5.394200325012207,0.010998961515724659,23.76983070373535
7607.5,0.6940354704856873,4.8101911544799805,0.010876251384615898,23.76983070373535
7609.0,0.6734450459480286,4.90145206451416,0.010608911514282227,23.769824981689453
7610.5,0.6772629618644714,5.377301216125488,0.010035315528512001,23.76981544494629
7612.0,0.6966049075126648,5.119028091430664,0.009469093754887581,23.769800186157227
7613.5,0.6833595037460327,4.957363128662109,0.00857058446854353,23.769786834716797
7615.0,0.6725042462348938,4.874794006347656,0.007735029794275761,23.769775390625
7616.5,0.7045320272445679,4.897605895996094,0.0069860732182860374,23.769763946533203
7618.0,0.6884943246841431,4.825405120849609,0.006230344995856285,23.769756317138672
7619.5,0.6710286140441895,4.452911853790283,0.005780884064733982,23.76975440979004
7621.0,0.6792760491371155,4.490095615386963,0.005568726919591427,23.769752502441406
7622.5,0.7025779485702515,4.768187522888184,0.005870115477591753,23.76975440979004
7624.0,0.7100772261619568,4.792477130889893,0.0062896921299397945,23.769758224487305
7625.5,0.7001731395721436,4.778195381164551,0.006790459156036377,23.769763946533203
7627.0,0.7345890998840332,5.296017169952393,0.0070992521941661835,23.769765853881836
7628.5,0.7340555191040039,4.952797889709473,0.007534670643508434,23.769773483276367
7630.0,0.6965801119804382,4.1306047439575195,0.008219372481107712,23.769786834716797
7631.5,0.6982965469360352,4.353511333465576,0.008361075073480606,23.769790649414062
7633.0,0.694023847579956,5.216683387756348,0.007828578352928162,23.769779205322266
7634.5,0.7149389982223511,5.1129913330078125,0.00710276747122407,23.76976776123047
7636.0,0.7160733938217163,4.917095184326172,0.006649105343967676,23.769760131835938
7637.5,0.695061981678009,5.015737056732178,0.006612677592784166,23.769760131835938
7639.0,0.6941303014755249,4.762837886810303,0.0064360611140728,23.769756317138672
7640.5,0.682732105255127,4.591710090637207,0.006266826298087835,23.769756317138672
7642.0,0.6978207230567932,4.667192459106445,0.006337429862469435,23.769756317138672
7643.5,0.6960486769676208,4.662642478942871,0.006192716769874096,23.769756317138672
7645.0,0.6939677000045776,4.501360893249512,0.006044622976332903,23.76975440979004
7646.5,0.71540367603302,4.562175273895264,0.006006688345223665,23.76975440979004
7648.0,0.7174324989318848,4.6718573570251465,0.005873213522136211,23.769752502441406
7649.5,0.7138280868530273,4.742124080657959,0.005637758411467075,23.76974868774414
7651.0,0.737259030342102,5.067404747009277,0.005660319700837135,23.76974868774414
7652.5,0.732291042804718,4.716246128082275,0.005689284298568964,23.76974868774414
7654.0,0.7046849727630615,4.366840362548828,0.005540748592466116,23.76974868774414
7655.5,0.691646933555603,4.492658615112305,0.005613281857222319,23.76974868774414
7657.0,0.6926651000976562,4.791776657104492,0.005633574444800615,23.769750595092773
7658.5,0.697418212890625,4.729818820953369,0.005354098044335842,23.769746780395508
7660.0,0.7220856547355652,4.6704583168029785,0.005131992511451244,23.769744873046875
7661.5,0.7214787006378174,4.773323059082031,0.005249414127320051,23.769744873046875
7663.0,0.6836980581283569,4.578914165496826,0.00542772701010108,23.76974868774414
7664.5,0.6774947047233582,4.089847564697266,0.005482267588376999,23.769752502441406
7666.0,0.6931080222129822,4.354360103607178,0.005517391487956047,23.769750595092773
7667.5,0.7090002298355103,4.792821884155273,0.00526270130649209,23.769746780395508
7669.0,0.7025549411773682,4.618995189666748,0.005107243545353413,23.769744873046875
7670.5,0.7015901207923889,4.497824192047119,0.004927653353661299,23.769742965698242
7672.0,0.7130765914916992,4.678067207336426,0.0049260701052844524,23.769742965698242
7673.5,0.7096292972564697,4.710044860839844,0.004978494253009558,23.748699188232422
7675.0,0.707512378692627,4.561665058135986,0.004941348917782307,23.748699188232422
7676.5,0.6996924877166748,4.527027130126953,0.004818789195269346,23.74869728088379
7678.0,0.7116198539733887,4.687413215637207,0.004847470670938492,23.74869728088379
7679.5,0.7242019772529602,4.786850452423096,0.004926157183945179,23.74869728088379
7681.0,0.7198578119277954,4.755195617675781,0.004873824305832386,23.74869728088379
7682.5,0.7180289030075073,4.566815376281738,0.004889095202088356,23.748699188232422
7684.0,0.719216525554657,4.417300224304199,0.004983735736459494,23.748699188232422
7685.5,0.7144598960876465,4.5507707595825195,0.004980828147381544,23.748699188232422
7687.0,0.7078577280044556,4.575283050537109,0.004869728349149227,23.748699188232422
7688.5,0.7000899314880371,4.486496925354004,0.004889999981969595,23.748699188232422
7690.0,0.6939190626144409,4.524945259094238,0.0048879594542086124,23.748701095581055
7691.5,0.6894735097885132,4.581973075866699,0.004926500841975212,23.748701095581055
7693.0,0.6743806004524231,4.553589820861816,0.004935428034514189,23.748701095581055
7694.5,0.6882319450378418,4.617457389831543,0.0048863873817026615,23.748701095581055
7696.0,0.707355260848999,4.761458396911621,0.004920601844787598,23.748701095581055
7697.5,0.7225157022476196,4.889711380004883,0.004896072205156088,23.748699188232422
7699.0,0.7042158842086792,4.679507255554199,0.005008910782635212,23.748701095581055
7700.5,0.6724247932434082,4.181002616882324,0.0052254218608140945,23.74870491027832
7702.0,0.6860584020614624,4.313571929931641,0.0052866158075630665,23.74870491027832
7703.5,0.6996023654937744,4.7400922775268555,0.005093640647828579,23.748703002929688
7705.0,0.6997072100639343,4.718600273132324,0.00485254218801856,23.748699188232422
7706.5,0.6975710391998291,4.555797576904297,0.004715224262326956,23.748699188232422
7708.0,0.7201253175735474,4.831047058105469,0.004719625227153301,23.748699188232422
7709.5,0.7068454623222351,4.8508100509643555,0.004607077222317457,23.74869728088379
7711.0,0.6822035312652588,4.6758222579956055,0.004834968131035566,23.748699188232422
7712.5,0.7345232963562012,5.388690948486328,0.006010286509990692,23.748714447021484
7714.0,0.7676397562026978,5.754958152770996,0.0075711351819336414,23.74874496459961
7715.5,0.734843373298645,5.0029144287109375,0.008448736742138863,23.748762130737305
7717.0,0.6927574276924133,4.522163391113281,0.008241410367190838,23.74875831604004
7718.5,0.7171393632888794,4.570672035217285,0.008552836254239082,23.74876594543457
7720.0,0.7254992127418518,4.627871990203857,0.00880074966698885,23.748767852783203
7721.5,0.7161916494369507,4.66156005859375,0.007244589738547802,23.748735427856445
7723.0,0.7169134616851807,4.445087432861328,0.005576269701123238,23.748708724975586
7724.5,0.6905452013015747,4.162636756896973,0.0053283218294382095,23.748706817626953
7726.0,0.6586427688598633,4.278674125671387,0.0055726394057273865,23.74871063232422
7727.5,0.6854001879692078,4.405255317687988,0.0059156413190066814,23.748714447021484
7729.0,0.7235757112503052,4.577542304992676,0.00593237578868866,23.748714447021484
7730.5,0.7258784174919128,5.039373397827148,0.005380971357226372,23.74870491027832
7732.0,0.719477117061615,5.222740650177002,0.004926206078380346,23.748699188232422
7733.5,0.7130458354949951,4.857970714569092,0.004794246517121792,23.748699188232422
7735.0,0.689742386341095,4.589982032775879,0.004827084951102734,23.748699188232422
7736.5,0.6871213912963867,4.546267986297607,0.0049179173074662685,23.748701095581055
7738.0,0.718156099319458,4.5123724937438965,0.005059519317001104,23.748703002929688
7739.5,0.7177886962890625,4.730292320251465,0.004948106594383717,23.748701095581055
7741.0,0.714796781539917,4.846757888793945,0.004820682108402252,23.748699188232422
7742.5,0.7190272808074951,4.6247758865356445,0.004804692696779966,23.748699188232422
7744.0,0.7145651578903198,4.7934770584106445,0.004747041501104832,23.748699188232422
7745.5,0.7028107643127441,4.856589317321777,0.004708585795015097,23.748699188232422
7747.0,0.6848338842391968,4.5961432456970215,0.004765102174133062,23.748699188232422
7748.5,0.7227392196655273,4.7131853103637695,0.005156649276614189,23.748703002929688
7750.0,0.7357896566390991,4.8960137367248535,0.0062731667421758175,23.74871826171875
7751.5,0.667344331741333,4.858794689178467,0.008310920558869839,23.748756408691406
7753.0,0.6785730123519897,4.977818489074707,0.009224634617567062,23.748781204223633
7754.5,0.7161809206008911,4.85795783996582,0.008299709297716618,23.748754501342773
7756.0,0.694474458694458,4.232593059539795,0.006271783262491226,23.748716354370117
7757.5,0.6616606712341309,3.7913618087768555,0.005225027911365032,23.748703002929688
7759.0,0.6817351579666138,4.219522476196289,0.0052383774891495705,23.748703002929688
7760.5,0.7199132442474365,4.790768146514893,0.006137593649327755,23.74871253967285
7762.0,0.6991682648658752,4.547505855560303,0.006996046286076307,23.74872589111328
7763.5,0.6960962414741516,4.500821590423584,0.006765232887119055,23.748722076416016
7765.0,0.7231987714767456,4.781887531280518,0.005617351736873388,23.748706817626953
7766.5,0.7288154363632202,4.8648786544799805,0.0050299386493861675,23.748699188232422
7768.0,0.7191624641418457,4.7635650634765625,0.004843896254897118,23.74869728088379
7769.5,0.7242551445960999,4.675025939941406,0.0048782965168356895,23.748699188232422
7771.0,0.7214112281799316,4.799537658691406,0.004944877699017525,23.748699188232422
7772.5,0.7248071432113647,4.897756576538086,0.005178350023925304,23.748701095581055
7774.0,0.7158832550048828,4.436826705932617,0.005635625682771206,23.748706817626953
7775.5,0.6907719969749451,4.129839897155762,0.0057363673113286495,23.74871063232422
7777.0,0.706956148147583,4.412938117980957,0.0056869457475841045,23.74871063232422
7778.5,0.6993276476860046,4.476548194885254,0.005250378977507353,23.748703002929688
7780.0,0.6881303787231445,4.221344947814941,0.005104687996208668,23.748703002929688
7781.5,0.6927359104156494,4.276148796081543,0.005596566945314407,23.74871063232422
7783.0,0.679581880569458,4.392848968505859,0.005971142556518316,23.748714447021484
7784.5,0.6709312796592712,4.499850273132324,0.00569310924038291,23.74871063232422
7786.0,0.690653383731842,4.768003463745117,0.005067614372819662,23.748703002929688
7787.5,0.7036747932434082,4.676219463348389,0.004887172486633062,23.748699188232422
7789.0,0.7080428600311279,4.5793256759643555,0.004864966496825218,23.748699188232422
7790.5,0.6877959966659546,4.523472309112549,0.00490807369351387,23.748701095581055
7792.0,0.6830284595489502,4.348647594451904,0.005107623990625143,23.748703002929688
7793.5,0.6843329071998596,4.321682453155518,0.006029423791915178,23.748714447021484
7795.0,0.6859506368637085,4.448923110961914,0.007454811129719019,23.74873924255371
7796.5,0.6863794326782227,4.207476615905762,0.008389747701585293,23.748760223388672
7798.0,0.6808772087097168,4.1609601974487305,0.0075925239361822605,23.74874496459961
7799.5,0.6680825352668762,4.777800559997559,0.005762285552918911,23.74871253967285
7801.0,0.6725101470947266,4.926787376403809,0.0047600544057786465,23.748699188232422
7802.5,0.6942337155342102,4.539234638214111,0.004660462494939566,23.76974105834961
7804.0,0.696455180644989,4.439217567443848,0.004643947351723909,23.76974105834961
7805.5,0.6730524301528931,4.359088897705078,0.004638255573809147,23.76974105834961
7807.0,0.662611722946167,4.370489120483398,0.004722976591438055,23.769742965698242
7808.5,0.6726677417755127,4.618415832519531,0.005391618702560663,23.769750595092773
7810.0,0.6949020028114319,4.47422981262207,0.0063475267961621284,23.769763946533203
7811.5,0.6812731027603149,3.9208197593688965,0.006379788741469383,23.769765853881836
7813.0,0.6527755856513977,3.8639845848083496,0.00578475184738636,23.769756317138672
7814.5,0.6611450910568237,4.331517696380615,0.005060060881078243,23.769746780395508
7816.0,0.6604733467102051,4.479767799377441,0.0048334007151424885,23.769744873046875
7817.5,0.6384438872337341,3.9098916053771973,0.004801878239959478,23.769744873046875
7819.0,0.6592515707015991,4.109692573547363,0.0048538558185100555,23.769744873046875
7820.5,0.7068839073181152,5.076213836669922,0.005536599550396204,23.769752502441406
7822.0,0.690031886100769,4.868409156799316,0.007109371945261955,23.769777297973633
7823.5,0.6507968902587891,4.200196266174316,0.008669491857290268,23.769813537597656
7825.0,0.6583359837532043,4.2964935302734375,0.008794200606644154,23.748769760131836
7826.5,0.6547756195068359,4.25629186630249,0.006530997809022665,23.748722076416016
7828.0,0.6364731788635254,4.2076640129089355,0.0050594257190823555,23.748703002929688
7829.5,0.6438488960266113,4.2866010665893555,0.004727672319859266,23.748699188232422
7843.0,0.6775661110877991,4.01408576965332,0.00625867024064064,23.748720169067383
7844.5,0.6708089113235474,3.898529052734375,0.006220946088433266,23.748720169067383
7846.0,0.6749049425125122,4.547292709350586,0.005452384240925312,23.748706817626953
7847.5,0.6781002283096313,4.964715957641602,0.004804722964763641,23.748699188232422
7849.0,0.6599729061126709,4.539477825164795,0.004728515166789293,23.748699188232422
7850.5,0.656065821647644,3.9763970375061035,0.0050099254585802555,23.748703002929688
7852.0,0.6661442518234253,3.9859237670898438,0.005652282852679491,23.74871063232422
7853.5,0.694583535194397,4.543132781982422,0.007056006696075201,23.748733520507812
7927.0,0.6446169018745422,4.462822914123535,0.0052016680128872395,23.74870491027832
7946.5,0.6621428728103638,4.221095085144043,0.004814483225345612,23.748699188232422
7948.0,0.6411412954330444,3.955294132232666,0.005127642769366503,23.748703002929688
7949.5,0.6235888004302979,3.9975552558898926,0.005433529615402222,23.748706817626953
7951.0,0.6262478828430176,4.028756141662598,0.005813909694552422,23.748714447021484
7952.5,0.6467944979667664,3.8870086669921875,0.005877762567251921,23.748714447021484
7954.0,0.6540828943252563,4.148447036743164,0.005252394359558821,23.74870491027832
7955.5,0.6577414274215698,4.483137607574463,0.00477861613035202,23.748699188232422
7957.0,0.6656457185745239,4.549973487854004,0.004599836654961109,23.74869728088379
7958.5,0.6699768900871277,4.475494861602783,0.004601698834449053,23.74869728088379
7960.0,0.6774607300758362,4.279071807861328,0.004611208103597164,23.74869728088379
7961.5,0.6687322854995728,4.1694111824035645,0.00459347665309906,23.74869728088379
7963.0,0.6731557846069336,4.4475932121276855,0.004802532494068146,23.748699188232422
7964.5,0.6848264932632446,4.829586029052734,0.005924764089286327,23.74871253967285
7966.0,0.6782392263412476,4.685756683349609,0.007530978415161371,23.748741149902344
7967.5,0.6898317337036133,4.575798034667969,0.008271684870123863,23.748756408691406
7969.0,0.6892814636230469,4.861544609069824,0.007388713303953409,23.748737335205078
7970.5,0.6631341576576233,4.574978351593018,0.005742394831031561,23.74871253967285
7972.0,0.6578319072723389,4.2342305183410645,0.005061773583292961,23.748703002929688
7973.5,0.6589544415473938,4.318349838256836,0.004793604835867882,23.748699188232422
7975.0,0.6562821269035339,4.593064785003662,0.004678507335484028,23.748699188232422
7976.5,0.662584662437439,4.380417823791504,0.004762813448905945,23.748699188232422
7978.0,0.6532388925552368,4.089378833770752,0.005105266813188791,23.748703002929688
7979.5,0.6612471342086792,4.372259616851807,0.005883871112018824,23.748714447021484
7981.0,0.6723229885101318,4.434841632843018,0.006558699067682028,23.74872398376465
7982.5,0.6430308818817139,3.785229206085205,0.006515013054013252,23.748722076416016
7984.0,0.6473000645637512,3.904543876647949,0.0057899258099496365,23.74871253967285
7985.5,0.6674384474754333,4.598047256469727,0.005005440674722195,23.748701095581055
7987.0,0.6786104440689087,4.636212348937988,0.00468697864562273,23.74869728088379
7988.5,0.6811444163322449,4.11665153503418,0.004726436920464039,23.748699188232422
7990.0,0.6596841812133789,3.887126922607422,0.0048391930758953094,23.748699188232422
7991.5,0.6738243699073792,4.330015659332275,0.0050910538993775845,23.748703002929688
7993.0,0.6848949193954468,4.808841705322266,0.0060235317796468735,23.748714447021484
7994.5,0.6595265865325928,4.305351257324219,0.008080802857875824,23.74875259399414
7996.0,0.647036075592041,3.800764322280884,0.009369063191115856,23.748779296875
7997.5,0.6447420120239258,4.20057487487793,0.007991122081875801,23.748748779296875
7999.0,0.6680647730827332,4.520655155181885,0.005939945578575134,23.748714447021484
8000.5,0.6728426814079285,4.339443206787109,0.005034406203776598,23.748701095581055
8002.0,0.6476194262504578,4.194403648376465,0.004805377684533596,23.748699188232422
8003.5,0.660731315612793,4.4263200759887695,0.004783685319125652,23.748699188232422
8005.0,0.6989357471466064,4.595561981201172,0.004861893132328987,23.748699188232422
8006.5,0.6928055882453918,4.434772491455078,0.004777113441377878,23.748699188232422
8008.0,0.663936197757721,4.24431037902832,0.004669700283557177,23.74869728088379
8009.5,0.6788666844367981,4.268481254577637,0.00464998185634613,23.74869728088379
8011.0,0.6928074359893799,4.267657279968262,0.004661012440919876,23.74869728088379
8012.5,0.672415554523468,4.257532119750977,0.004817067179828882,23.748699188232422
8014.0,0.666839599609375,4.376147270202637,0.005266804713755846,23.74870491027832
8015.5,0.6988651156425476,4.578863143920898,0.005990622565150261,23.748714447021484
8017.0,0.711405873298645,5.07541036605835,0.006288563366979361,23.74871826171875
8018.5,0.691238284111023,5.000212669372559,0.005663213785737753,23.74871063232422
8020.0,0.6890443563461304,4.429227828979492,0.0051186601631343365,23.748703002929688
8021.5,0.6837814450263977,4.222306728363037,0.0051000299863517284,23.748701095581055
8023.0,0.690184473991394,4.666821479797363,0.00517243891954422,23.76974868774414
8024.5,0.7088907957077026,5.225368499755859,0.005422505084425211,23.769752502441406
8026.0,0.6985730528831482,5.390536785125732,0.0062908632680773735,23.769763946533203
8027.5,0.6967633962631226,4.958171367645264,0.007880994118750095,23.769792556762695
8029.0,0.695967435836792,4.42545223236084,0.007950110360980034,23.769794464111328
8030.5,0.6564879417419434,4.015871047973633,0.006893895100802183,23.769773483276367
8032.0,0.6363568305969238,3.8917860984802246,0.005616649053990841,23.76975440979004
8033.5,0.6552767753601074,3.921874523162842,0.005023790057748556,23.769746780395508
8035.0,0.6586604714393616,3.8527679443359375,0.004750829190015793,23.769742965698242
8036.5,0.6156803369522095,3.560904026031494,0.004507810343056917,23.74869728088379
8038.0,0.558596670627594,3.3402516841888428,0.003998963162302971,23.748695373535156
8039.5,0.562037467956543,3.6755166053771973,0.0038562833797186613,23.748695373535156
8041.0,0.6234836578369141,4.0677971839904785,0.004198044538497925,23.748695373535156
8042.5,0.6693118810653687,4.017690658569336,0.004546618089079857,23.74869728088379
8044.0,0.6730830669403076,4.006279945373535,0.004623331129550934,23.74869728088379
8045.5,0.6597692966461182,4.060669422149658,0.004561593756079674,23.74869728088379
8047.0,0.6439208984375,3.9527227878570557,0.004501719959080219,23.74869728088379
8048.5,0.6550578474998474,4.103375434875488,0.00452537601813674,23.74869728088379
8050.0,0.6775839328765869,4.504648208618164,0.004600684158504009,23.74869728088379
8051.5,0.685347318649292,4.730817794799805,0.004875107668340206,23.748699188232422
8053.0,0.6812421083450317,4.44818115234375,0.005274585448205471,23.74870491027832
8054.5,0.6563918590545654,3.980712890625,0.005548548884689808,23.748708724975586
8056.0,0.6512504816055298,3.944760799407959,0.005313264671713114,23.74870491027832
8057.5,0.6780864000320435,4.1079277992248535,0.005108724348247051,23.748699188232422
8059.0,0.6784060001373291,4.129208087921143,0.004967241548001766,23.748699188232422
8060.5,0.6831985712051392,4.293368816375732,0.004970521666109562,23.748699188232422
8062.0,0.6867691874504089,4.2915754318237305,0.005444322247058153,23.74870491027832
8063.5,0.6575436592102051,3.9323205947875977,0.006407273933291435,23.74871826171875
8065.0,0.6485590934753418,3.9511876106262207,0.006780536845326424,23.74872398376465
8066.5,0.6575747728347778,4.4994096755981445,0.005739237181842327,23.74871253967285
8068.0,0.661281168460846,4.634908199310303,0.005016391631215811,23.748703002929688
8069.5,0.6755502223968506,4.37623405456543,0.004708566702902317,23.748699188232422
8071.0,0.6864389181137085,4.08595609664917,0.004638499114662409,23.74869728088379
8072.5,0.6789541840553284,3.9925849437713623,0.004643541760742664,23.74869728088379
8074.0,0.666800320148468,4.159061431884766,0.004601422231644392,23.74869728088379
8075.5,0.6668305397033691,4.249999046325684,0.004613863304257393,23.74869728088379
8077.0,0.6612653136253357,4.108900547027588,0.004682251252233982,23.74869728088379
8078.5,0.6491290330886841,4.072083950042725,0.004670384339988232,23.748699188232422
8080.0,0.6527893543243408,4.127603530883789,0.004688705783337355,23.748699188232422
8081.5,0.6697908639907837,4.124765872955322,0.004662832710891962,23.74869728088379
8083.0,0.6714961528778076,4.157037734985352,0.00461429450660944,23.74869728088379
8084.5,0.6540545225143433,4.033890724182129,0.004622809588909149,23.74869728088379
8086.0,0.6564357876777649,3.972975492477417,0.004714361857622862,23.748699188232422
8087.5,0.6644468307495117,4.072787761688232,0.004777906462550163,23.748699188232422
8089.0,0.6490751504898071,4.060200214385986,0.004714157897979021,23.748699188232422
8090.5,0.6522319316864014,4.065425872802734,0.004576101433485746,23.74869728088379
8092.0,0.6779842376708984,4.356583595275879,0.004575256258249283,23.748695373535156
8093.5,0.6776261925697327,4.173769950866699,0.0047155944630503654,23.748699188232422
8095.0,0.6497675180435181,3.851733446121216,0.004903861321508884,23.748701095581055
8096.5,0.6547136306762695,3.992783308029175,0.005037596914917231,23.748703002929688
8098.0,0.6856720447540283,4.267345428466797,0.0049028838984668255,23.748701095581055
8099.5,0.6622083187103271,4.062532424926758,0.004671948496252298,23.748699188232422
8101.0,0.6417970657348633,3.9654364585876465,0.004624189343303442,23.74869728088379
8102.5,0.6625133156776428,4.328858375549316,0.004918007180094719,23.748701095581055
8104.0,0.6627503037452698,4.505995273590088,0.0053506288677453995,23.748706817626953
8105.5,0.6433981657028198,4.11898136138916,0.005438964813947678,23.74871063232422
8107.0,0.6524538993835449,3.856433153152466,0.0051926118321716785,23.74870491027832
8108.5,0.6731433868408203,4.162775993347168,0.00483407499268651,23.748699188232422
8110.0,0.658069372177124,4.1133503913879395,0.004647693131119013,23.748699188232422
8111.5,0.6243966221809387,3.8044915199279785,0.004582715220749378,23.748699188232422
8113.0,0.6370318531990051,3.847224235534668,0.004573449492454529,23.748699188232422
8114.5,0.6599054932594299,3.899636745452881,0.004636822734028101,23.74869728088379
8116.0,0.6373666524887085,3.761381149291992,0.004580316133797169,23.74869728088379
8117.5,0.6306184530258179,3.8368616104125977,0.004545625299215317,23.74869728088379
8119.0,0.6398947238922119,3.978390693664551,0.00451919948682189,23.748695373535156
8120.5,0.6325247287750244,3.8430795669555664,0.004463557619601488,23.748695373535156
8122.0,0.623756468296051,3.842639446258545,0.004453420173376799,23.748695373535156
8123.5,0.6216230988502502,3.9010515213012695,0.004472207278013229,23.748695373535156
8125.0,0.6431024074554443,3.953507900238037,0.004520585760474205,23.74869728088379
8126.5,0.6576855182647705,4.015997886657715,0.004562204238027334,23.74869728088379
8128.0,0.6496285796165466,3.9297678470611572,0.00457491772249341,23.74869728088379
8129.5,0.6464674472808838,3.797990560531616,0.004612797871232033,23.74869728088379
8131.0,0.6368708610534668,3.8907077312469482,0.004613700322806835,23.74869728088379
8132.5,0.6345860362052917,3.9947357177734375,0.004568286705762148,23.74869728088379
8134.0,0.6455934643745422,3.9731125831604004,0.004619487561285496,23.74869728088379
8135.5,0.6332404613494873,3.7918641567230225,0.004631552379578352,23.74869728088379
8137.0,0.6113084554672241,3.7225875854492188,0.004661241080611944,23.74869728088379
8138.5,0.6198928356170654,3.8657474517822266,0.00477366428822279,23.748699188232422
8140.0,0.6134312152862549,3.8712246417999268,0.004874509759247303,23.748699188232422
8141.5,0.6022831201553345,3.722745895385742,0.004917077254503965,23.748701095581055
8143.0,0.6062455177307129,3.823791265487671,0.004904231056571007,23.748699188232422
8144.5,0.6033506393432617,3.9800524711608887,0.004733321722596884,23.748699188232422
8146.0,0.6137628555297852,3.936762809753418,0.004672101233154535,23.74869728088379
8147.5,0.6292635202407837,3.796726703643799,0.004909190349280834,23.748699188232422
8149.0,0.6179015636444092,3.6692590713500977,0.005080813076347113,23.748703002929688
8150.5,0.5969901084899902,3.644277334213257,0.0050206659361720085,23.748703002929688
8152.0,0.5989292860031128,3.776987075805664,0.004733951296657324,23.748699188232422
8153.5,0.6208418607711792,3.8933420181274414,0.004569497425109148,23.74869728088379
8155.0,0.6353787183761597,3.827941417694092,0.004576751962304115,23.74869728088379
8156.5,0.630304217338562,3.9270424842834473,0.004535962361842394,23.74869728088379
8158.0,0.6191703677177429,4.107062816619873,0.004525985103100538,23.74869728088379
8159.5,0.6437833905220032,4.038133144378662,0.004562615882605314,23.74869728088379
8161.0,0.6570224761962891,3.9187369346618652,0.0046302555128932,23.74869728088379
8162.5,0.6466249227523804,3.9421536922454834,0.004638000391423702,23.74869728088379
8164.0,0.6487851738929749,4.03908634185791,0.004621679894626141,23.74869728088379
8165.5,0.6584970951080322,4.05670166015625,0.004677789751440287,23.74869728088379
8167.0,0.656491756439209,3.9711899757385254,0.004658624529838562,23.74869728088379
8168.5,0.6514825820922852,3.9671387672424316,0.004690307192504406,23.74869728088379
8170.0,0.6543727517127991,4.039683818817139,0.004770790692418814,23.74869728088379
8171.5,0.665168285369873,3.983469009399414,0.004825577139854431,23.748695373535156
8173.0,0.6753577589988708,4.007596969604492,0.004895126912742853,23.74869728088379
8174.5,0.6621437668800354,4.1025390625,0.00481848418712616,23.74869728088379
8176.0,0.6389743089675903,4.082983016967773,0.004755029920488596,23.74869728088379
8177.5,0.6471151113510132,3.9717702865600586,0.004811685997992754,23.74869728088379
8179.0,0.6608316898345947,4.1882147789001465,0.0047172061167657375,23.74869728088379
8180.5,0.649754524230957,4.2068376541137695,0.004878520034253597,23.748699188232422
8182.0,0.6115112900733948,3.6972885131835938,0.004943669307976961,23.748699188232422
8183.5,0.6187881231307983,3.756316661834717,0.005008350592106581,23.748701095581055
8185.0,0.6477653980255127,4.302511215209961,0.005120977759361267,23.748701095581055
8186.5,0.6419071555137634,4.459965705871582,0.005156048573553562,23.748703002929688
8188.0,0.6476926803588867,4.284605026245117,0.0051925815641880035,23.748703002929688
8189.5,0.6652671694755554,4.124719619750977,0.0052214073948562145,23.748703002929688
8191.0,0.640888512134552,3.965054512023926,0.005235989112406969,23.748703002929688
8192.5,0.6301729679107666,3.8778247833251953,0.0050567868165671825,23.748701095581055
8194.0,0.6576951742172241,4.148169040679932,0.00506776524707675,23.748703002929688
8195.5,0.6384973526000977,4.352043151855469,0.005074859131127596,23.748703002929688
8197.0,0.6309539079666138,4.1492438316345215,0.0051290555857121944,23.748703002929688
8198.5,0.6612297296524048,4.1250104904174805,0.005250887013971806,23.74870491027832
8200.0,0.6635761260986328,4.55308723449707,0.005114598199725151,23.748703002929688
8201.5,0.6638127565383911,4.538023471832275,0.0049708071164786816,23.748701095581055
8203.0,0.6567426919937134,3.9982428550720215,0.004927541129291058,23.748701095581055
8204.5,0.635617196559906,3.7581655979156494,0.0047713085077703,23.748699188232422
8206.0,0.6275838613510132,3.9168734550476074,0.004740156698971987,23.748699188232422
8207.5,0.642236053943634,3.9648241996765137,0.0047912090085446835,23.748701095581055
8209.0,0.6551195383071899,4.145961761474609,0.004714540671557188,23.748699188232422
8210.5,0.650822639465332,4.0723981857299805,0.004718616604804993,23.748699188232422
8212.0,0.650996208190918,3.991115093231201,0.004722988232970238,23.748699188232422
8213.5,0.674028754234314,4.130550861358643,0.004808373749256134,23.748699188232422
8215.0,0.6747376918792725,4.267568111419678,0.004691638983786106,23.748699188232422
8216.5,0.656726062297821,4.216931343078613,0.004693001974374056,23.748699188232422
8218.0,0.6630380749702454,4.286917686462402,0.004702701698988676,23.748699188232422
8219.5,0.6697933077812195,4.24746036529541,0.004704202990978956,23.748699188232422
8221.0,0.686620831489563,4.123849391937256,0.0047141266986727715,23.74869728088379
8222.5,0.6866888999938965,4.053320407867432,0.004703895654529333,23.74869728088379
8224.0,0.6829298734664917,4.1859354972839355,0.004671970847994089,23.74869728088379
8225.5,0.6918361186981201,4.323210716247559,0.004738140851259232,23.74869728088379
8227.0,0.6804091930389404,4.285574436187744,0.004744817968457937,23.748699188232422
8228.5,0.6666221618652344,4.205348491668701,0.004737283568829298,23.748699188232422
8230.0,0.6563770771026611,4.122932434082031,0.004728642292320728,23.74869728088379
8231.5,0.6392475962638855,4.075793266296387,0.0046826438046991825,23.790767669677734
8233.0,0.6434718370437622,4.045464515686035,0.004633869044482708,23.790767669677734
8234.5,0.6596209406852722,4.035475730895996,0.004631389398127794,23.7907657623291
8236.0,0.6402902603149414,3.9698901176452637,0.00457509933039546,23.7907657623291
8237.5,0.6255911588668823,3.8225698471069336,0.004526255652308464,23.7907657623291
8239.0,0.6557531356811523,3.873990535736084,0.004520623479038477,23.7907657623291
8240.5,0.6646074652671814,4.0426764488220215,0.004576016683131456,23.7907657623291
8242.0,0.6588459014892578,4.171201705932617,0.004605404566973448,23.790767669677734
8243.5,0.6703922748565674,4.2055134773254395,0.004679647274315357,23.790767669677734
8245.0,0.6684228181838989,4.149812698364258,0.004751015454530716,23.790767669677734
8246.5,0.6747000813484192,4.144658088684082,0.004693593364208937,23.748699188232422
8248.0,0.6873235106468201,4.174319267272949,0.00474568223580718,23.748699188232422
8249.5,0.665090799331665,4.053342342376709,0.004740248899906874,23.748699188232422
8251.0,0.660102367401123,3.888119697570801,0.004739526659250259,23.748699188232422
8252.5,0.6685006022453308,3.9082984924316406,0.004691957030445337,23.74869728088379
8254.0,0.6598036289215088,3.953050136566162,0.004605413414537907,23.74869728088379
8255.5,0.6513198018074036,4.038279056549072,0.00461695296689868,23.74869728088379
8257.0,0.635563313961029,4.142473220825195,0.004569359123706818,23.74869728088379
8258.5,0.6469550728797913,4.088047981262207,0.004615293350070715,23.74869728088379
8260.0,0.6724585890769958,4.140780448913574,0.004672876559197903,23.74869728088379
8261.5,0.6702638864517212,4.261077404022217,0.004613805096596479,23.74869728088379
8263.0,0.666390061378479,4.211490631103516,0.004621835891157389,23.74869728088379
8264.5,0.6837173700332642,4.175565719604492,0.004662437364459038,23.74869728088379
8266.0,0.6831265091896057,4.202178478240967,0.004614120349287987,23.748695373535156
8267.5,0.674071192741394,4.184597015380859,0.004611028358340263,23.74869728088379
8269.0,0.6844678521156311,4.2313642501831055,0.004605911672115326,23.74869728088379
8270.5,0.6678687334060669,4.093018531799316,0.004579424858093262,23.74869728088379
8272.0,0.6500515937805176,3.9010820388793945,0.004593016114085913,23.74869728088379
8273.5,0.6777997016906738,4.040882110595703,0.004618622828274965,23.74869728088379
8275.0,0.6922045946121216,4.271257400512695,0.004701108671724796,23.72763442993164
8276.5,0.6750369071960449,4.398452281951904,0.004805032163858414,23.727636337280273
8278.0,0.6629258394241333,4.339499473571777,0.00513777369633317,23.72764015197754
8279.5,0.6655063033103943,4.024299621582031,0.005822514649480581,23.727649688720703
8281.0,0.666533350944519,4.120210647583008,0.006635638885200024,23.727663040161133
8282.5,0.6441764831542969,3.9274203777313232,0.007252075243741274,23.727678298950195
8284.0,0.6393132209777832,3.4699015617370605,0.0078119272366166115,23.727685928344727
8285.5,0.6691256761550903,3.806811809539795,0.007270221598446369,23.72767448425293
8287.0,0.6807341575622559,4.942158222198486,0.006406609434634447,23.7276611328125
8288.5,0.6773858070373535,4.720781326293945,0.007176924031227827,23.727672576904297
8290.0,0.673090934753418,3.959592342376709,0.008192738518118858,23.727693557739258
8291.5,0.6789246201515198,4.020978927612305,0.008454810827970505,23.72770118713379
8293.0,0.6878420114517212,4.483536720275879,0.0072133722715079784,23.72767448425293
8294.5,0.6703800559043884,4.475467681884766,0.005557156167924404,23.727645874023438
8296.0,0.6753592491149902,4.346035480499268,0.005173381417989731,23.727642059326172
8297.5,0.6855505704879761,4.430315971374512,0.006081799510866404,23.72765350341797
8299.0,0.6659679412841797,4.433384418487549,0.007503989618271589,23.727678298950195
8300.5,0.6421494483947754,3.717419147491455,0.009193451143801212,23.727718353271484
8302.0,0.6287738084793091,3.314642906188965,0.009005844593048096,23.72771453857422
8303.5,0.6140198707580566,3.7231907844543457,0.007201979868113995,23.72767448425293
8305.0,0.6298376321792603,4.372365474700928,0.005601836834102869,23.727649688720703
8306.5,0.6698964834213257,4.311489582061768,0.005065884906798601,23.727638244628906
8308.0,0.6709705591201782,4.190109729766846,0.004822071176022291,23.727636337280273
8309.5,0.6618543863296509,4.2366838455200195,0.004857523366808891,23.727636337280273
8311.0,0.666046142578125,4.311003684997559,0.005272299982607365,23.727642059326172
8312.5,0.6697611212730408,4.3205180168151855,0.0060585858300328255,23.72765350341797
8314.0,0.6770832538604736,4.395603179931641,0.0061516971327364445,23.7276554107666
8315.5,0.6878345012664795,4.451053619384766,0.005355285480618477,23.727642059326172
8317.0,0.6702660322189331,4.293584823608398,0.004744705278426409,23.72763442993164
8318.5,0.6620661020278931,4.0101518630981445,0.004719497170299292,23.72763442993164
8320.0,0.684272050857544,3.9870481491088867,0.004884709138423204,23.72763442993164
8321.5,0.6842510104179382,4.139573097229004,0.00492113595828414,23.727636337280273
8323.0,0.6715877652168274,4.13266658782959,0.004750377498567104,23.72763442993164
8324.5,0.6655889749526978,4.095858097076416,0.004654970020055771,23.72763442993164
8326.0,0.6648743748664856,4.11998176574707,0.0045586577616631985,23.72763442993164
8327.5,0.6596548557281494,4.12387228012085,0.004558940883725882,23.727632522583008
8329.0,0.6580628156661987,4.132268905639648,0.004567433148622513,23.727632522583008
8330.5,0.6696243286132812,3.990649700164795,0.0045926799066364765,23.727632522583008
8332.0,0.674635648727417,3.9660985469818115,0.004588742274791002,23.727632522583008
8333.5,0.6641921997070312,4.14127254486084,0.004554199520498514,23.727632522583008
8335.0,0.6700147390365601,4.319418907165527,0.0046178544871509075,23.72763442993164
8336.5,0.6837928295135498,4.255611419677734,0.004637053236365318,23.72763442993164
8338.0,0.6857239007949829,4.17173957824707,0.004710626322776079,23.72763442993164
8339.5,0.6863598823547363,4.079110622406006,0.004859353415668011,23.72763442993164
8341.0,0.6861427426338196,4.145236015319824,0.005006191320717335,23.727638244628906
8342.5,0.7064085006713867,4.724278450012207,0.0053872098214924335,23.727642059326172
8344.0,0.7087650299072266,5.414020538330078,0.006892174016684294,23.748729705810547
8345.5,0.6596852540969849,4.154443264007568,0.010908368043601513,23.748815536499023
8347.0,0.686794102191925,2.9383368492126465,0.014231663197278976,23.790983200073242
8348.5,0.731029748916626,3.7144927978515625,0.011479932814836502,23.79090118408203
8350.0,0.6657674312591553,4.763091087341309,0.00753913214430213,23.790809631347656
8351.5,0.658730685710907,4.856496810913086,0.00570102920755744,23.790782928466797
8353.0,0.6921614408493042,4.4668192863464355,0.00610884977504611,23.790788650512695
8354.5,0.6654423475265503,3.8931617736816406,0.00751119339838624,23.769784927368164
8356.0,0.6564178466796875,3.7747037410736084,0.008002516813576221,23.72768783569336
8357.5,0.672905445098877,4.777503967285156,0.0068280864506959915,23.727664947509766
8359.0,0.6761975288391113,4.918417930603027,0.005141284316778183,23.727638244628906
8360.5,0.6702127456665039,4.175827980041504,0.0047653838992118835,23.72763442993164
8362.0,0.677251935005188,4.188623905181885,0.004827267490327358,23.727636337280273
8363.5,0.6765062808990479,4.487077713012695,0.005065342877060175,23.727638244628906
8365.0,0.6575721502304077,4.111358642578125,0.005457986146211624,23.727643966674805
8366.5,0.6718387603759766,3.8384413719177246,0.006001100409775972,23.727651596069336
8368.0,0.7184861898422241,4.364102363586426,0.006140884943306446,23.7276554107666
8369.5,0.7210954427719116,4.792662143707275,0.005526439752429724,23.727643966674805
8371.0,0.6911919116973877,4.5019941329956055,0.004893414210528135,23.727636337280273
8372.5,0.6712781190872192,4.169879913330078,0.0046332357451319695,23.72763442993164
8374.0,0.6607706546783447,4.1923933029174805,0.004527582786977291,23.727632522583008
8375.5,0.6694440841674805,4.169292449951172,0.004538778215646744,23.727632522583008
8377.0,0.6734838485717773,3.9803829193115234,0.004654874559491873,23.72763442993164
8378.5,0.6574895977973938,3.9446017742156982,0.004562064073979855,23.72763442993164
8380.0,0.6622611284255981,4.281888961791992,0.004631994292140007,23.72763442993164
8381.5,0.6741988658905029,4.7190985679626465,0.005174808204174042,23.72764015197754
8383.0,0.6685914993286133,4.283255577087402,0.006193134468048811,23.727657318115234
8384.5,0.6798304319381714,3.9161376953125,0.007131960242986679,23.727670669555664
8386.0,0.6958098411560059,4.618807792663574,0.00697285495698452,23.727670669555664
8387.5,0.6788500547409058,4.901480674743652,0.00563429668545723,23.727645874023438
8389.0,0.6763440370559692,4.4381103515625,0.004720293451100588,23.72763442993164
8390.5,0.6823091506958008,4.252310752868652,0.004673134535551071,23.72763442993164
8392.0,0.6696841716766357,4.281011581420898,0.0047487239353358746,23.72763442993164
8393.5,0.669814944267273,4.102031707763672,0.0047263652086257935,23.72763442993164
8395.0,0.6802498698234558,3.9080820083618164,0.004688276909291744,23.72763442993164
8396.5,0.678046464920044,4.45440673828125,0.004712197929620743,23.72763442993164
8398.0,0.6795408725738525,5.820067405700684,0.005507461726665497,23.727643966674805
8399.5,0.6862071752548218,5.352057933807373,0.008298875764012337,23.748756408691406
8401.0,0.688015878200531,4.094940185546875,0.011394977569580078,23.74883270263672
8402.5,0.7005043029785156,4.773700714111328,0.011526870541274548,23.748836517333984
8404.0,0.7097334861755371,5.641891002655029,0.008364089764654636,23.748756408691406
8405.5,0.697756290435791,4.60945463180542,0.005856645759195089,23.74871063232422
8407.0,0.6703964471817017,3.851984977722168,0.004877024795860052,23.748699188232422
8408.5,0.6496791839599609,3.8842387199401855,0.004725754261016846,23.74869728088379
8410.0,0.6583854556083679,4.059802532196045,0.0045879315584897995,23.74869728088379
8411.5,0.6667531728744507,4.1385674476623535,0.004524608142673969,23.74869728088379
8413.0,0.6575599312782288,4.376821517944336,0.004547168035060167,23.72763442993164
8414.5,0.667473316192627,4.774149417877197,0.00509230513125658,23.72764015197754
8416.0,0.6826421022415161,4.508059024810791,0.006447577383369207,23.727663040161133
8417.5,0.6689316630363464,3.5363645553588867,0.007613817695528269,23.72768211364746
8419.0,0.6702749133110046,3.6632025241851807,0.007438207045197487,23.727678298950195
8420.5,0.676911473274231,4.417698860168457,0.005778142251074314,23.727649688720703
8422.0,0.6594251394271851,4.464019298553467,0.004728452768176794,23.727636337280273
8423.5,0.651880145072937,4.183782577514648,0.004552587866783142,23.72763442993164
8425.0,0.6584442853927612,4.1310906410217285,0.004659073427319527,23.72763442993164
8426.5,0.6600732803344727,4.1399030685424805,0.004799729213118553,23.727636337280273
8428.0,0.6734013557434082,4.629260540008545,0.004945967812091112,23.727638244628906
8429.5,0.7099225521087646,5.342233657836914,0.006424806080758572,23.727659225463867
8431.0,0.6787755489349365,4.294252395629883,0.009725186042487621,23.727733612060547
8432.5,0.6166512370109558,2.894615650177002,0.012509568594396114,23.727811813354492
8434.0,0.651012122631073,3.8562140464782715,0.010837025940418243,23.727760314941406
8435.5,0.7014252543449402,5.400928497314453,0.007811568211764097,23.72768211364746
8437.0,0.7056246399879456,4.788449287414551,0.005332952365279198,23.727642059326172
8438.5,0.6868515014648438,3.99621319770813,0.0047378516755998135,23.72763442993164
8440.0,0.6794928908348083,4.0924248695373535,0.004499824717640877,23.727632522583008
8441.5,0.6740629076957703,4.160299301147461,0.004511832259595394,23.727632522583008
8443.0,0.6701412796974182,4.045003414154053,0.004504665732383728,23.727632522583008
8444.5,0.683308482170105,4.160729885101318,0.004537274595350027,23.727632522583008
8446.0,0.6893203258514404,4.223567485809326,0.004819160792976618,23.72763442993164
8447.5,0.6601593494415283,3.7166624069213867,0.0053482274524867535,23.727642059326172
8449.0,0.6503385305404663,3.7326793670654297,0.005770993418991566,23.727649688720703
8450.5,0.6938782930374146,4.731210708618164,0.0056882803328335285,23.72764778137207
8452.0,0.7043670415878296,5.024261474609375,0.005644349846988916,23.72764778137207
8453.5,0.6681191921234131,4.025367259979248,0.006691428832709789,23.727664947509766
8455.0,0.6557670831680298,3.569002151489258,0.007427943870425224,23.727678298950195
8456.5,0.6703014373779297,4.042570114135742,0.006440179422497749,23.7276611328125
8458.0,0.6760063767433167,4.349027633666992,0.005172212608158588,23.727642059326172
8459.5,0.6793487071990967,4.357687950134277,0.004625639878213406,23.72763442993164
8461.0,0.6755685806274414,4.271169662475586,0.004542317241430283,23.727632522583008
8462.5,0.6716514825820923,4.3187665939331055,0.004665854852646589,23.72763442993164
8464.0,0.7151670455932617,4.952282905578613,0.005211302544921637,23.727638244628906
8465.5,0.7229762077331543,5.151462554931641,0.007307198829948902,23.727672576904297
8467.0,0.6213388442993164,4.0423784255981445,0.009691598825156689,23.727725982666016
8468.5,0.609720766544342,3.4058167934417725,0.010080922394990921,23.727733612060547
8470.0,0.6900085806846619,4.408822059631348,0.007880224846303463,23.72768211364746
8471.5,0.6882933378219604,4.884706020355225,0.005490928888320923,23.727643966674805
8473.0,0.6608721017837524,4.135255813598633,0.004559457767754793,23.72763442993164
8474.5,0.6711146235466003,4.050658702850342,0.0045408932492136955,23.727632522583008
8476.0,0.6769691109657288,4.1363935470581055,0.004658031743019819,23.72763442993164
8477.5,0.6774789094924927,4.053585529327393,0.004695854615420103,23.72763442993164
8479.0,0.6736134886741638,4.171626091003418,0.004591418895870447,23.72763442993164
8480.5,0.6687740087509155,4.197370529174805,0.004479699302464724,23.727632522583008
8482.0,0.6706740856170654,4.041379928588867,0.004459806717932224,23.727630615234375
8483.5,0.6750631332397461,3.9808428287506104,0.004449781961739063,23.727630615234375
8485.0,0.6766883134841919,4.165238380432129,0.0044463141821324825,23.727630615234375
8486.5,0.669345498085022,4.248173236846924,0.00443526403978467,23.727630615234375
8488.0,0.6642194986343384,4.057482719421387,0.004462242126464844,23.727632522583008
8489.5,0.6622759103775024,3.9038543701171875,0.004422494675964117,23.727630615234375
8491.0,0.6599606871604919,4.118381977081299,0.004465589299798012,23.727630615234375
8492.5,0.6848660707473755,4.619836330413818,0.004715449176728725,23.72763442993164
8494.0,0.6929687857627869,4.382071018218994,0.0056265490129590034,23.727645874023438
8495.5,0.6584801077842712,3.6898393630981445,0.006640719715505838,23.7276611328125
8497.0,0.6702759265899658,3.853641986846924,0.006366086192429066,23.727657318115234
8498.5,0.7054870128631592,4.4140849113464355,0.005578124895691872,23.727645874023438
8500.0,0.6830364465713501,4.223918914794922,0.0048568518832325935,23.727636337280273
8501.5,0.6515613198280334,3.745576858520508,0.004674228839576244,23.72763442993164
8503.0,0.6600122451782227,4.096737861633301,0.004735266789793968,23.727636337280273
8504.5,0.6619961261749268,4.3420305252075195,0.005621999502182007,23.72764778137207
8506.0,0.6422114372253418,3.793515682220459,0.007426226511597633,23.72768211364746
8507.5,0.6508879065513611,3.6612977981567383,0.007987058721482754,23.727697372436523
8509.0,0.6677699089050293,4.505685806274414,0.006975286174565554,23.72767448425293
8510.5,0.6552797555923462,4.723367214202881,0.005312552209943533,23.727643966674805
8512.0,0.6507002115249634,4.184189796447754,0.004524867050349712,23.72763442993164
8513.5,0.6567353010177612,3.905831813812256,0.004414011724293232,23.727632522583008
8515.0,0.6546732187271118,3.9408602714538574,0.004431288689374924,23.727632522583008
8516.5,0.6510036587715149,4.035218238830566,0.004373626783490181,23.727632522583008
8518.0,0.654304563999176,4.107020378112793,0.004391093272715807,23.727632522583008
8519.5,0.6484001278877258,4.006989479064941,0.004370830953121185,23.727632522583008
8521.0,0.6395471096038818,3.855797290802002,0.004390223883092403,23.727632522583008
8522.5,0.633495569229126,3.8071835041046143,0.004433307331055403,23.727632522583008
8524.0,0.6239824295043945,3.842695474624634,0.0044104959815740585,23.727632522583008
8525.5,0.6312061548233032,3.8690457344055176,0.004407618660479784,23.727632522583008
8527.0,0.649641215801239,4.028635025024414,0.004402949474751949,23.727630615234375
8528.5,0.6566225290298462,4.013942718505859,0.004406017251312733,23.727630615234375
8530.0,0.6532367467880249,3.9108142852783203,0.004420801531523466,23.727630615234375
8531.5,0.655769407749176,3.9802231788635254,0.004391455091536045,23.727630615234375
8533.0,0.6592081189155579,3.970297336578369,0.004403037019073963,23.727630615234375
8534.5,0.6561080813407898,3.8772706985473633,0.004400897305458784,23.727630615234375
8536.0,0.6548733711242676,4.05706262588501,0.00432689068838954,23.727630615234375
8537.5,0.6414499282836914,4.3001203536987305,0.004436030983924866,23.727632522583008
8539.0,0.6251647472381592,4.06613302230835,0.004754869267344475,23.727636337280273
8540.5,0.635313868522644,3.774890184402466,0.005222968757152557,23.727642059326172
8542.0,0.6430613994598389,3.69754695892334,0.005384655669331551,23.727643966674805
8543.5,0.6399564743041992,3.7691168785095215,0.0048959096893668175,23.727638244628906
8545.0,0.6347525119781494,3.898836612701416,0.004420796874910593,23.727632522583008
8546.5,0.6313772201538086,4.066290378570557,0.004394352901726961,23.727632522583008
8548.0,0.6371642351150513,4.202585697174072,0.004677059594541788,23.727636337280273
8549.5,0.6498104929924011,4.143994331359863,0.005607668776065111,23.727645874023438
8551.0,0.6542565822601318,3.8097434043884277,0.0062479316256940365,23.727657318115234
8552.5,0.6258847117424011,3.837862014770508,0.0058516827411949635,23.727651596069336
8554.0,0.6090279221534729,4.1591033935546875,0.0050641875714063644,23.727642059326172
8555.5,0.6261042356491089,4.1136651039123535,0.004529455676674843,23.72763442993164
8557.0,0.64152991771698,3.9112539291381836,0.004375120159238577,23.727632522583008
8558.5,0.6417837738990784,3.8606314659118652,0.004341145511716604,23.727630615234375
8560.0,0.646010160446167,3.8949875831604004,0.004324753303080797,23.727630615234375
8561.5,0.6454486846923828,3.9409408569335938,0.004336125683039427,23.727630615234375
8563.0,0.6364918947219849,3.8995931148529053,0.004315327852964401,23.727630615234375
8564.5,0.6435283422470093,3.9135870933532715,0.004318199586123228,23.727630615234375
8566.0,0.6459183096885681,3.8760433197021484,0.004342024680227041,23.727630615234375
8567.5,0.6348894834518433,3.8175208568573,0.004303263034671545,23.727630615234375
8569.0,0.6339236497879028,3.8962478637695312,0.004308460280299187,23.727630615234375
8570.5,0.6475223302841187,3.9069557189941406,0.004347240086644888,23.727630615234375
8572.0,0.6570667028427124,3.9464573860168457,0.0043578180484473705,23.727630615234375
8573.5,0.6426171660423279,3.8853139877319336,0.004436846356838942,23.72763442993164
8575.0,0.6385470628738403,3.941981792449951,0.0044660503044724464,23.72763442993164
8576.5,0.6540922522544861,3.99104642868042,0.004537483677268028,23.72763442993164
8578.0,0.6598814129829407,4.03553581237793,0.004560533910989761,23.72763442993164
8579.5,0.6566095352172852,4.031633377075195,0.004539351910352707,23.72763442993164
8581.0,0.6459785103797913,3.997192144393921,0.00444273604080081,23.72763442993164
8582.5,0.6344616413116455,3.93056058883667,0.0043623424135148525,23.727630615234375
8584.0,0.6371172666549683,3.9571619033813477,0.004331810399889946,23.727630615234375
8585.5,0.6578961610794067,4.042631149291992,0.004360288381576538,23.727630615234375
8587.0,0.6685521006584167,4.119556427001953,0.0044124433770775795,23.727630615234375
8588.5,0.6495014429092407,4.006949424743652,0.004607593175023794,23.72763442993164
8590.0,0.6502854824066162,3.8433167934417725,0.004931939300149679,23.727638244628906
8591.5,0.6645818948745728,3.8787682056427,0.004964941181242466,23.727638244628906
8593.0,0.6599453687667847,4.06863260269165,0.004740146454423666,23.727636337280273
8594.5,0.6516817212104797,4.191638469696045,0.004477652721107006,23.74869728088379
8596.0,0.6464107036590576,4.0794477462768555,0.004469844046980143,23.748695373535156
8597.5,0.653245210647583,3.783055067062378,0.004802023991942406,23.748699188232422
8599.0,0.6504488587379456,3.545166254043579,0.005177109502255917,23.74870491027832
8600.5,0.6337600946426392,3.63285493850708,0.005137551110237837,23.74870491027832
8602.0,0.6250677108764648,3.9025611877441406,0.004724852275103331,23.748699188232422
8603.5,0.618955135345459,3.8400330543518066,0.00445941649377346,23.74869728088379
8605.0,0.6060220003128052,3.6964917182922363,0.004371060058474541,23.748695373535156
8606.5,0.6072481870651245,3.8912267684936523,0.004403383936733007,23.74869728088379
8608.0,0.613816499710083,4.088987350463867,0.004481031093746424,23.74869728088379
8609.5,0.6147952675819397,3.880112886428833,0.00458483723923564,23.748699188232422
8611.0,0.6344033479690552,3.846050500869751,0.004762592725455761,23.748699188232422
8612.5,0.6675109267234802,4.200000762939453,0.005025721620768309,23.748703002929688
8614.0,0.6691229343414307,4.415846824645996,0.005335520021617413,23.748706817626953
8615.5,0.6471899747848511,4.178341865539551,0.005679793655872345,23.74871253967285
8617.0,0.641538143157959,4.0961408615112305,0.0060040452517569065,23.74871826171875
8618.5,0.6652466654777527,4.338483810424805,0.006529339589178562,23.748727798461914
8620.0,0.6881554126739502,4.278188228607178,0.007092317100614309,23.748735427856445
8621.5,0.6770796775817871,4.4152727127075195,0.007508753798902035,23.748743057250977
8623.0,0.664603054523468,4.606144905090332,0.007913685403764248,23.748754501342773
8624.5,0.6624050140380859,4.436196327209473,0.008339042775332928,23.748764038085938
8626.0,0.6821205615997314,4.573054790496826,0.008696883916854858,23.748769760131836
8627.5,0.7055613994598389,4.74931526184082,0.008955026045441628,23.748777389526367
8629.0,0.6894800662994385,4.585866928100586,0.009271495044231415,23.748781204223633
8630.5,0.6276099681854248,4.297735214233398,0.009428553283214569,23.74878692626953
8632.0,0.5846580266952515,3.8010451793670654,0.009356251917779446,23.74878692626953
8633.5,0.6146390438079834,3.8798036575317383,0.00922440830618143,23.748783111572266
8635.0,0.6454812288284302,4.432501792907715,0.009045219048857689,23.748777389526367
8636.5,0.6595279574394226,4.522871017456055,0.008836962282657623,23.748769760131836
8638.0,0.6538376808166504,3.734558582305908,0.008438420481979847,23.748764038085938
8639.5,0.6375563144683838,3.4083411693573,0.007959162816405296,23.748754501342773
8641.0,0.6257946491241455,3.910552501678467,0.0072725918143987656,23.748741149902344
8642.5,0.6120059490203857,3.840147018432617,0.006667793728411198,23.748729705810547
8644.0,0.6094892621040344,3.4638919830322266,0.006033202633261681,23.74871826171875
8645.5,0.6245315670967102,3.8569576740264893,0.00524760689586401,23.748706817626953
8647.0,0.6420128345489502,4.205941200256348,0.0050646355375647545,23.74870491027832
8648.5,0.6548992395401001,4.069178581237793,0.005690563470125198,23.74871063232422
8650.0,0.6698899269104004,4.058883190155029,0.006643272936344147,23.74872589111328
8651.5,0.6748114824295044,3.952293634414673,0.007492162752896547,23.748741149902344
8653.0,0.6530570983886719,3.7635536193847656,0.008202880620956421,23.748756408691406
8654.5,0.6269643306732178,4.113726615905762,0.008348969742655754,23.74875831604004
8656.0,0.6105176210403442,3.8120293617248535,0.008571624755859375,23.748767852783203
8657.5,0.5734348297119141,4.004790306091309,0.009071297943592072,23.748777389526367
8659.0,0.5830265879631042,3.9581713676452637,0.008683647029101849,23.7487735748291
8660.5,0.6639726758003235,4.510218620300293,0.00885205902159214,23.748769760131836
8662.0,0.6456429958343506,3.6074323654174805,0.00908313412219286,23.748777389526367
8663.5,0.5867297649383545,3.8321995735168457,0.008986643515527248,23.7487735748291
8665.0,0.6032676696777344,5.188802719116211,0.008429503068327904,23.748764038085938
8666.5,0.6152334809303284,3.9294633865356445,0.008569381199777126,23.74876594543457
8668.0,0.6080526113510132,3.1915063858032227,0.008742302656173706,23.74877166748047
8669.5,0.652458906173706,4.282895088195801,0.008146528154611588,23.748756408691406
8671.0,0.660231351852417,4.49610710144043,0.007860210724174976,23.748750686645508
8672.5,0.6076058149337769,3.483218193054199,0.008326792158186436,23.748760223388672
8674.0,0.6217455863952637,3.7481088638305664,0.0076984828338027,23.748748779296875
8675.5,0.645677387714386,4.325284957885742,0.007239531725645065,23.748737335205078
8677.0,0.601030707359314,3.8282923698425293,0.007501666899770498,23.748743057250977
8678.5,0.5910094976425171,3.573718547821045,0.007463399320840836,23.748743057250977
8680.0,0.6222805380821228,4.252589225769043,0.006645814049988985,23.748729705810547
8681.5,0.6170033812522888,4.33182954788208,0.006315411534160376,23.748722076416016
8683.0,0.6089535355567932,3.7669365406036377,0.0066683609038591385,23.74872589111328
8684.5,0.6160979866981506,3.8708033561706543,0.006616337690502405,23.748727798461914
8686.0,0.6076865196228027,4.065167427062988,0.00593058206140995,23.74871826171875
8687.5,0.5888468027114868,3.498483180999756,0.005611154716461897,23.74871253967285
8689.0,0.5884485244750977,3.201937198638916,0.005756807047873735,23.748714447021484
8690.5,0.6142248511314392,3.667208433151245,0.005560468416661024,23.74871063232422
8692.0,0.6420667171478271,4.190160751342773,0.0051176100969314575,23.74870491027832
8693.5,0.6310372352600098,3.676882743835449,0.005059757269918919,23.748703002929688
8695.0,0.6140576601028442,3.308929443359375,0.005225664470344782,23.748706817626953
8696.5,0.6379439830780029,3.7343759536743164,0.005086612422019243,23.74870491027832
8698.0,0.6467088460922241,4.101349830627441,0.0048161717131733894,23.748701095581055
8699.5,0.6281678080558777,3.817089557647705,0.004771037492901087,23.748701095581055
8701.0,0.6235896348953247,3.646320343017578,0.004927495960146189,23.748703002929688
8702.5,0.6325260400772095,3.836369514465332,0.005006214138120413,23.748703002929688
8704.0,0.6545044183731079,4.1054368019104,0.004845782183110714,23.748701095581055
8705.5,0.6638829708099365,4.22084379196167,0.004678469616919756,23.748699188232422
8707.0,0.6509771347045898,4.034578800201416,0.004702934995293617,23.748699188232422
8708.5,0.6348952054977417,3.76658034324646,0.004796729423105717,23.748701095581055
8710.0,0.6369666457176208,3.777359962463379,0.004826510325074196,23.748701095581055
8711.5,0.6406393051147461,3.939568519592285,0.004687658976763487,23.748699188232422
8713.0,0.63496994972229,3.942852735519409,0.004524839576333761,23.74869728088379
8714.5,0.6197049617767334,3.6607136726379395,0.004409546498209238,23.748695373535156
8716.0,0.576723575592041,3.479567527770996,0.004240318201482296,23.748695373535156
8717.5,0.5408462285995483,3.3299427032470703,0.004130047746002674,23.748695373535156
8719.0,0.5272835493087769,3.2216877937316895,0.004097029101103544,23.748695373535156
8720.5,0.5339809060096741,3.260096549987793,0.004109016619622707,23.748695373535156
8722.0,0.5584662556648254,3.419361114501953,0.004183486569672823,23.748695373535156
8723.5,0.5932420492172241,3.584291696548462,0.0042257956229150295,23.748695373535156
8725.0,0.6164708733558655,3.7478933334350586,0.0042984276078641415,23.748695373535156
8726.5,0.6236021518707275,3.9187705516815186,0.004310255404561758,23.748695373535156
8728.0,0.6311051249504089,3.8755319118499756,0.004381909035146236,23.748695373535156
8729.5,0.6441802978515625,3.7846131324768066,0.004402936436235905,23.748695373535156
8731.0,0.6519614458084106,3.791872024536133,0.004411345813423395,23.748695373535156
8732.5,0.6406430602073669,3.7950286865234375,0.004299413878470659,23.748695373535156
8734.0,0.6260771751403809,3.8357105255126953,0.004275282379239798,23.748695373535156
8936.5,0.6643838286399841,3.9523298740386963,0.004517233930528164,23.74869728088379
8938.0,0.642196536064148,4.139223098754883,0.004556329920887947,23.748699188232422
8939.5,0.6389911770820618,4.06001091003418,0.004561389796435833,23.748699188232422
8941.0,0.6717643141746521,4.742645263671875,0.004619997460395098,23.748699188232422
8942.5,0.6987648606300354,5.213529586791992,0.0050942013040184975,23.74870491027832
8944.0,0.6689549088478088,4.064120769500732,0.00642747525125742,23.74872398376465
8945.5,0.6298209428787231,3.1313624382019043,0.008108505047857761,23.748756408691406
8947.0,0.6487094759941101,3.832097053527832,0.008184920065104961,23.74875831604004
8948.5,0.6871836185455322,4.60115909576416,0.006562409922480583,23.74872589111328
8950.0,0.6978811025619507,4.464166641235352,0.004885784350335598,23.748699188232422
8951.5,0.6809725165367126,4.354218482971191,0.004456280265003443,23.748695373535156
8953.0,0.6662271022796631,4.336718559265137,0.004316010978072882,23.748695373535156
8954.5,0.6653655767440796,4.283444404602051,0.004348470829427242,23.748695373535156
8956.0,0.707699179649353,5.662353515625,0.00462309317663312,23.74869728088379
8957.5,0.7586170434951782,7.421962261199951,0.006645541172474623,23.74872589111328
8959.0,0.6946460604667664,6.197220325469971,0.010253357701003551,23.74881362915039
8960.5,0.6230556964874268,3.1972618103027344,0.012559246271848679,23.74888038635254
8962.0,0.6926432847976685,3.440247058868408,0.012495878152549267,23.748868942260742
8963.5,0.7395092248916626,5.421426773071289,0.008447966538369656,23.748756408691406
8965.0,0.6935913562774658,5.55711555480957,0.005272355861961842,23.74870491027832
8966.5,0.6521987915039062,4.02376651763916,0.004514690488576889,23.748695373535156
8968.0,0.6321852803230286,3.697661876678467,0.004353088326752186,23.748695373535156
8969.5,0.638148844242096,4.001339435577393,0.004357009194791317,23.748695373535156
8971.0,0.6641432046890259,3.978271961212158,0.00447102403268218,23.74869728088379
8972.5,0.6766501069068909,3.990736961364746,0.004676108714193106,23.748699188232422
8974.0,0.6689955592155457,4.113670349121094,0.004714364651590586,23.748699188232422
8975.5,0.6647554636001587,3.984628677368164,0.004615827463567257,23.74869728088379
8977.0,0.6702290177345276,3.841733455657959,0.0045270309783518314,23.727632522583008
8978.5,0.6736723780632019,3.9467859268188477,0.0044622886925935745,23.727632522583008
8980.0,0.6673024296760559,4.057671546936035,0.0045227608643472195,23.72763442993164
8981.5,0.6539162993431091,3.912850856781006,0.004620464984327555,23.72763442993164
8983.0,0.6399083733558655,3.632567882537842,0.004762610420584679,23.727636337280273
8984.5,0.6374276876449585,3.659168243408203,0.0047336299903690815,23.727638244628906
8986.0,0.6606147289276123,4.3968281745910645,0.004771883133798838,23.727638244628906
8987.5,0.6905447244644165,4.9993672370910645,0.005141224712133408,23.727642059326172
8989.0,0.6680523157119751,4.31807804107666,0.006247512996196747,23.727659225463867
8990.5,0.6256946325302124,3.3673863410949707,0.007750780321657658,23.72768783569336
8992.0,0.6420751810073853,3.5801360607147217,0.007629229221493006,23.72768211364746
8993.5,0.6796402931213379,4.478183746337891,0.006177193950861692,23.7276554107666
8995.0,0.6773812174797058,4.506164073944092,0.00509760482236743,23.727638244628906
8996.5,0.656358540058136,3.8062591552734375,0.0046300869435071945,23.72763442993164
8998.0,0.6678006052970886,3.981997013092041,0.004418753087520599,23.727632522583008
8999.5,0.7074739933013916,5.562521934509277,0.004583969712257385,23.72763442993164
9001.0,0.7026915550231934,6.135725021362305,0.005800866521894932,23.727649688720703
9002.5,0.629793643951416,3.9496870040893555,0.008292825892567635,23.72769546508789
9004.0,0.6208412647247314,2.60752272605896,0.01029625628143549,23.727745056152344
9005.5,0.7109485864639282,3.8608970642089844,0.009296528063714504,23.72771644592285
9007.0,0.724400520324707,5.6123366355896,0.006229710299521685,23.7276554107666
9008.5,0.6680787801742554,4.746170997619629,0.004609380383044481,23.72763442993164
9010.0,0.6708651781082153,3.874603748321533,0.004334254190325737,23.727630615234375
9011.5,0.6774821281433105,3.855022430419922,0.004298308864235878,23.727630615234375
9013.0,0.6524301767349243,3.8789093494415283,0.004212698433548212,23.727630615234375
9014.5,0.6605210900306702,3.9147121906280518,0.004224560223519802,23.7065486907959
9016.0,0.6745867133140564,3.923184871673584,0.004215559456497431,23.7065486907959
9017.5,0.6567932367324829,3.820727825164795,0.004248292185366154,23.7065486907959
9019.0,0.6535781621932983,3.8742332458496094,0.004288382362574339,23.7065486907959
9020.5,0.6649235486984253,4.040924072265625,0.0043563274666666985,23.7065486907959
9022.0,0.6572009325027466,4.082149982452393,0.0043612257577478886,23.70655059814453
9023.5,0.653270959854126,4.0777435302734375,0.004456387832760811,23.70655059814453
9025.0,0.6711686253547668,4.093827724456787,0.00451199896633625,23.70655059814453
9026.5,0.6880834698677063,4.091037750244141,0.004505880177021027,23.70655059814453
9028.0,0.6872278451919556,4.068714141845703,0.00456471461802721,23.70655059814453
9029.5,0.6693838834762573,4.0653533935546875,0.004532226826995611,23.706552505493164
9031.0,0.6556562185287476,4.115303039550781,0.004575528670102358,23.706552505493164
9032.5,0.65556800365448,4.0783915519714355,0.004559055436402559,23.706552505493164
9034.0,0.6346070170402527,3.789123296737671,0.004384014289826155,23.70655059814453
9035.5,0.6103914976119995,3.831172466278076,0.004248001147061586,23.70655059814453
9037.0,0.6282795667648315,4.391239643096924,0.004404289182275534,23.706552505493164
9038.5,0.6422485113143921,4.284792900085449,0.004932019393891096,23.70655632019043
9040.0,0.6389597058296204,3.7691314220428467,0.005713187158107758,23.70656967163086
9076.0,0.6840411424636841,4.098691940307617,0.004549435339868069,23.70655059814453
9077.5,0.6681893467903137,3.9825689792633057,0.004406598396599293,23.70655059814453
9079.0,0.6667665243148804,4.05556583404541,0.004374943673610687,23.7065486907959
9080.5,0.6920869946479797,4.156890869140625,0.004390713758766651,23.7065486907959
9082.0,0.6977084875106812,4.080199718475342,0.004472640808671713,23.7065486907959
9083.5,0.6749812364578247,4.002973556518555,0.004453188739717007,23.70655059814453
9085.0,0.6555451154708862,3.9896600246429443,0.004419715143740177,23.70655059814453
9086.5,0.6565580368041992,4.006828308105469,0.004452819004654884,23.70655059814453
9088.0,0.6656097173690796,3.9291253089904785,0.004550668876618147,23.706552505493164
9089.5,0.6622179746627808,3.8784284591674805,0.004480928182601929,23.70655059814453
9091.0,0.6542776823043823,3.9790966510772705,0.0044397334568202496,23.70655059814453
9092.5,0.6485589742660522,3.9424662590026855,0.004702568519860506,23.706552505493164
9094.0,0.6351146697998047,3.5920815467834473,0.005184228532016277,23.706560134887695
9095.5,0.6055470108985901,3.4497933387756348,0.005462324246764183,23.706565856933594
9097.0,0.6057649850845337,3.796952724456787,0.0051902118138968945,23.706560134887695
9098.5,0.6151155233383179,3.9759321212768555,0.0047194198705255985,23.706554412841797
9100.0,0.6335558891296387,3.885744571685791,0.004445095546543598,23.70655059814453
9101.5,0.6529219150543213,4.256551742553711,0.004636376164853573,23.706552505493164
9103.0,0.650161623954773,4.444611072540283,0.005041563417762518,23.706560134887695
9104.5,0.6328576803207397,3.5849175453186035,0.005771458148956299,23.706567764282227
9106.0,0.6300210952758789,3.267061948776245,0.005970400292426348,23.706571578979492
9107.5,0.6416764259338379,3.7583060264587402,0.005380453076213598,23.706562042236328
9109.0,0.653070330619812,4.1220879554748535,0.00462898425757885,23.706552505493164
9110.5,0.6394129991531372,3.9139962196350098,0.004385117907077074,23.70655059814453
9112.0,0.6374339461326599,3.7477774620056152,0.004316816572099924,23.7065486907959
9113.5,0.6671702265739441,3.8300788402557373,0.004327164031565189,23.7065486907959
9115.0,0.670596182346344,3.9065966606140137,0.0043251244351267815,23.7065486907959
9116.5,0.6461129188537598,3.83514404296875,0.004260706249624491,23.7065486907959
9118.0,0.6582852602005005,3.8172097206115723,0.004339332692325115,23.7065486907959
9119.5,0.682792603969574,3.919599771499634,0.004447730258107185,23.7065486907959
9121.0,0.6685587167739868,3.9649014472961426,0.004409005865454674,23.70655059814453
9122.5,0.641974687576294,3.919849395751953,0.004334080033004284,23.7065486907959
9124.0,0.638225257396698,3.969935894012451,0.004270802717655897,23.7065486907959
9125.5,0.6556960940361023,4.044248104095459,0.0043198419734835625,23.7065486907959
9127.0,0.6619135141372681,3.969330310821533,0.004325181245803833,23.7065486907959
9128.5,0.6486256122589111,3.851165771484375,0.004283276852220297,23.7065486907959
9130.0,0.6537895202636719,3.8807990550994873,0.004289343953132629,23.7065486907959
9131.5,0.6706060767173767,3.966054916381836,0.004375776741653681,23.7065486907959
9133.0,0.6657158136367798,4.004363536834717,0.004389124922454357,23.70655059814453
9134.5,0.6566694974899292,3.9633569717407227,0.004428759682923555,23.70655059814453
9136.0,0.6623852849006653,3.9119157791137695,0.004431020934134722,23.70655059814453
9137.5,0.6700864434242249,3.9843802452087402,0.004524484276771545,23.70655059814453
9139.0,0.6689769625663757,4.070592403411865,0.004596923012286425,23.706552505493164
9140.5,0.6655237078666687,4.066883087158203,0.004492787178605795,23.70655059814453
9142.0,0.6644989252090454,4.008077621459961,0.00446347938850522,23.70655059814453
9143.5,0.6685383915901184,3.9703383445739746,0.00442548980936408,23.70655059814453
9145.0,0.6775590777397156,4.002024173736572,0.004384079482406378,23.7065486907959
9146.5,0.6818783283233643,3.9955759048461914,0.004405987914651632,23.7065486907959
9148.0,0.6728968620300293,3.9299476146698,0.004406057298183441,23.7065486907959
9149.5,0.6583030819892883,3.9088706970214844,0.004560083616524935,23.70655059814453
9151.0,0.6578156352043152,3.950751304626465,0.004629448056221008,23.70655059814453
9152.5,0.6591989994049072,3.7919352054595947,0.004935193806886673,23.706554412841797
9154.0,0.6347092986106873,3.557260751724243,0.005392128601670265,23.706560134887695
9155.5,0.6335350275039673,3.6113452911376953,0.0055200932547450066,23.706562042236328
9157.0,0.6595934629440308,3.9067132472991943,0.005362749565392733,23.706560134887695
9158.5,0.6718437671661377,4.210928440093994,0.00518418475985527,23.70655632019043
9160.0,0.676856517791748,4.391008377075195,0.004994008224457502,23.70655632019043
9161.5,0.6596408486366272,4.168501853942871,0.005166530609130859,23.70655632019043
9163.0,0.6309208869934082,3.7049190998077393,0.005345709156244993,23.706562042236328
9164.5,0.6403771042823792,3.58333158493042,0.005441448651254177,23.706562042236328
9166.0,0.6782391667366028,3.900968551635742,0.005035207141190767,23.70655632019043
9167.5,0.6999655961990356,4.067451000213623,0.004721048288047314,23.706552505493164
9169.0,0.662610650062561,3.8653087615966797,0.004624539520591497,23.70655059814453
9170.5,0.6562838554382324,3.7884626388549805,0.004594835918396711,23.7065486907959
9172.0,0.6740460395812988,3.9837961196899414,0.004546837415546179,23.685449600219727
9173.5,0.6668556928634644,4.005589962005615,0.004666012246161699,23.685449600219727
9175.0,0.6491991877555847,3.7243704795837402,0.004613957833498716,23.685449600219727
9176.5,0.6546109914779663,3.614654779434204,0.004697395954281092,23.685449600219727
9178.0,0.7464922666549683,3.944023609161377,0.004880788270384073,23.685449600219727
9179.5,0.6505105495452881,3.8564393520355225,0.004699948709458113,23.685449600219727
9181.0,0.6474742889404297,3.9021191596984863,0.004625230561941862,23.685449600219727
9182.5,0.7028290033340454,4.078968524932861,0.004699381534010172,23.685449600219727
9238.0,0.6738599538803101,4.048469543457031,0.004377851728349924,23.685449600219727
9239.5,0.6672539114952087,3.954216480255127,0.004426382947713137,23.685449600219727
9241.0,0.6593023538589478,3.907686471939087,0.004406863823533058,23.685449600219727
9242.5,0.6496009230613708,3.886542797088623,0.004365248139947653,23.685449600219727
9244.0,0.6449088454246521,3.8614659309387207,0.004405367653816938,23.685449600219727
9245.5,0.6393095850944519,3.904003620147705,0.0043578678742051125,23.685449600219727
9247.0,0.63239586353302,3.956915855407715,0.004376422613859177,23.685449600219727
9248.5,0.6412150859832764,3.9043962955474854,0.004525076597929001,23.68545150756836
9250.0,0.6475109457969666,3.810727596282959,0.004634223412722349,23.685453414916992
9251.5,0.6348351836204529,3.7079129219055176,0.004734952002763748,23.685453414916992
9253.0,0.6328979730606079,3.6501963138580322,0.00476889219135046,23.685455322265625
9254.5,0.6511207222938538,3.6997272968292236,0.004816298373043537,23.685453414916992
9256.0,0.6548998355865479,3.764657735824585,0.004671259317547083,23.685453414916992
9257.5,0.6528964042663574,3.8175926208496094,0.004635544028133154,23.68545150756836
9259.0,0.6537826657295227,3.903738021850586,0.004728836473077536,23.68545150756836
9260.5,0.6538238525390625,3.972294807434082,0.004579991102218628,23.685449600219727
9262.0,0.6519484519958496,3.9632043838500977,0.0046458072029054165,23.664331436157227
9263.5,0.672585666179657,3.9866042137145996,0.0047631110064685345,23.664331436157227
9265.0,0.6798207759857178,3.976306915283203,0.004838825669139624,23.664331436157227
9266.5,0.6595181822776794,3.8115272521972656,0.004772252403199673,23.664331436157227
9268.0,0.6559079885482788,3.7270307540893555,0.004661391489207745,23.664331436157227
9269.5,0.6589146852493286,3.822998046875,0.00456459354609251,23.664331436157227
9271.0,0.654581606388092,3.847053289413452,0.004574991296976805,23.664331436157227
9272.5,0.6649229526519775,3.897280693054199,0.004533842206001282,23.664329528808594
9274.0,0.6743708252906799,3.9909324645996094,0.004521299619227648,23.664329528808594
9275.5,0.6711459159851074,4.01116943359375,0.00445610610768199,23.664329528808594
9277.0,0.6703777313232422,3.965484619140625,0.004417321179062128,23.664331436157227
9278.5,0.6786870360374451,3.9998793601989746,0.004470439162105322,23.664329528808594
9280.0,0.6885111331939697,4.053461074829102,0.004516798537224531,23.664331436157227
9281.5,0.6863911151885986,4.012472152709961,0.004535609856247902,23.664331436157227
9283.0,0.6777185201644897,4.061850070953369,0.004514838103204966,23.664331436157227
9284.5,0.6733993291854858,4.170186996459961,0.004457482136785984,23.664331436157227
9286.0,0.6644287109375,4.100061893463135,0.004559790249913931,23.664331436157227
9287.5,0.6595860719680786,3.8871240615844727,0.004893840756267309,23.664335250854492
9289.0,0.6710695624351501,3.8210599422454834,0.0051596262492239475,23.664339065551758
9290.5,0.6835809946060181,4.028460502624512,0.005158786661922932,23.664339065551758
9292.0,0.6888402700424194,4.231390476226807,0.004949967376887798,23.664335250854492
9293.5,0.6924711465835571,4.15332555770874,0.004872218705713749,23.664335250854492
9295.0,0.6805452108383179,3.853438138961792,0.005085795186460018,23.664339065551758
9296.5,0.6592788100242615,3.7580928802490234,0.005335077177733183,23.664342880249023
9298.0,0.6599735021591187,3.920290470123291,0.005223086569458246,23.66434097290039
9299.5,0.6809741258621216,4.159521579742432,0.0049143629148602486,23.664335250854492
9301.0,0.6964811086654663,4.270441055297852,0.00469962926581502,23.664331436157227
9302.5,0.7200551629066467,4.374701976776123,0.004787967540323734,23.664331436157227
9304.0,0.8011831045150757,5.807196140289307,0.005043668672442436,23.664335250854492
9305.5,0.8966249823570251,8.637579917907715,0.006507883779704571,23.664358139038086
9307.0,0.8131541013717651,8.2871675491333,0.008803222328424454,23.66440773010254
9308.5,0.5685316920280457,3.1928300857543945,0.011577289551496506,23.66449546813965
9310.0,0.5257444381713867,1.6992722749710083,0.015250266529619694,23.664623260498047
9311.5,0.7248635292053223,4.901703357696533,0.014843330718576908,23.664621353149414
9313.0,0.7713919878005981,9.511029243469238,0.013885176740586758,23.66456413269043
9314.5,0.5490037202835083,3.9486725330352783,0.014267032034695148,23.664592742919922
9316.0,0.41428637504577637,1.2622630596160889,0.016064733266830444,23.664682388305664
9317.5,0.5774432420730591,2.7190051078796387,0.015423182398080826,23.664628982543945
9319.0,0.749727189540863,7.110386848449707,0.011747040785849094,23.66448211669922
9320.5,0.7913213968276978,7.686836242675781,0.008918946608901024,23.66440200805664
9322.0,0.8353758454322815,9.352569580078125,0.009005984291434288,23.664411544799805
9323.5,0.773395836353302,8.76845932006836,0.011345240287482738,23.66448211669922
9325.0,0.5484439134597778,2.764535427093506,0.01504361629486084,23.664628982543945
9326.5,0.4555492401123047,1.162280797958374,0.01874726079404354,23.68588638305664
9328.0,0.6400177478790283,3.006470203399658,0.01651366800069809,23.685773849487305
9329.5,0.8088371753692627,6.762140274047852,0.010586157441139221,23.685556411743164
9331.0,0.7410610318183899,5.891365051269531,0.006275608204305172,23.68547248840332
9332.5,0.6242005825042725,3.4649088382720947,0.005981979425996542,23.685468673706055
9334.0,0.6312010288238525,3.2645373344421387,0.006455518305301666,23.685474395751953
9335.5,0.7085815668106079,5.210263252258301,0.006449115928262472,23.68547248840332
9337.0,0.7441072463989258,6.807888984680176,0.006773472763597965,23.68548011779785
9338.5,0.6547847390174866,4.847295761108398,0.007718249224126339,23.685497283935547
9340.0,0.573849618434906,2.759580135345459,0.009225842542946339,23.68553352355957
9341.5,0.6401157379150391,3.331528663635254,0.009406776167452335,23.6855411529541
9343.0,0.7173566222190857,4.804914474487305,0.00784392561763525,23.685503005981445
9344.5,0.7069088220596313,4.6521501541137695,0.006307549774646759,23.685468673706055
9346.0,0.666161060333252,3.9270894527435303,0.0059109400026500225,23.685461044311523
9347.5,0.6580042839050293,4.077998161315918,0.005939931143075228,23.685462951660156
9349.0,0.6753247380256653,4.255152702331543,0.00589078851044178,23.68546485900879
9350.5,0.6725412011146545,3.83744740486145,0.005933649837970734,23.685466766357422
9352.0,0.6645326614379883,3.5508275032043457,0.00599702401086688,23.685470581054688
9353.5,0.6670578718185425,3.872076988220215,0.005955573637038469,23.685468673706055
9355.0,0.6556873321533203,4.177203178405762,0.005715254694223404,23.68546485900879
9356.5,0.6608552932739258,3.9909567832946777,0.0056858910247683525,23.685461044311523
9358.0,0.6914230585098267,3.859185218811035,0.005721925292164087,23.685461044311523
9359.5,0.6966100335121155,4.027976036071777,0.005616213660687208,23.68545913696289
9361.0,0.6748554706573486,4.127534866333008,0.005521978717297316,23.68545913696289
9362.5,0.6668170690536499,3.9090731143951416,0.005503012798726559,23.685461044311523
9364.0,0.6810055375099182,3.830470561981201,0.005600878037512302,23.685461044311523
9365.5,0.6919405460357666,4.057015895843506,0.0055341958068311214,23.685461044311523
9367.0,0.7058438658714294,4.35707950592041,0.00542905880138278,23.68545913696289
9368.5,0.7177876830101013,4.57168436050415,0.005616980139166117,23.68545913696289
9370.0,0.6664202809333801,4.012218475341797,0.00592707609757781,23.68546485900879
9371.5,0.6656423807144165,4.3559651374816895,0.006106832530349493,23.685470581054688
9373.0,0.8697092533111572,9.545364379882812,0.007339454721659422,23.685489654541016
9374.5,1.0909974575042725,19.04671287536621,0.011073990724980831,23.685585021972656
9376.0,1.0144344568252563,19.081741333007812,0.016288403421640396,23.685781478881836
9377.5,0.5625766515731812,2.70609188079834,0.024960992857813835,23.728445053100586
9379.0,0.3250628113746643,0.5378069281578064,0.033274777233600616,23.729032516479492
9380.5,0.7330666184425354,4.454354763031006,0.024123048409819603,23.72844123840332
9382.0,1.0224509239196777,11.12374210357666,0.013540692627429962,23.685659408569336
9383.5,0.7822088599205017,7.248563766479492,0.007480366621166468,23.685497283935547
9385.0,0.5979293584823608,3.6484458446502686,0.006672132294625044,23.68548011779785
9386.5,0.6397277116775513,3.7481894493103027,0.007222528103739023,23.68549346923828
9388.0,0.652184247970581,3.680473566055298,0.008409207686781883,23.68552017211914
9389.5,0.637597918510437,3.140878677368164,0.00966322235763073,23.68555450439453
9391.0,0.6601719260215759,3.6344571113586426,0.00881226733326912,23.685529708862305
9392.5,0.6848633885383606,4.470673561096191,0.006325894501060247,23.685476303100586
9394.0,0.6764617562294006,4.504003524780273,0.004998148884624243,23.685457229614258
9395.5,0.6511847972869873,4.017866134643555,0.004807538352906704,23.685453414916992
9397.0,0.6406228542327881,3.6514954566955566,0.004881343338638544,23.685455322265625
9398.5,0.6663815975189209,3.920931100845337,0.005088568665087223,23.685457229614258
9400.0,0.6974552273750305,4.890870094299316,0.005472974851727486,23.685461044311523
9401.5,0.6968494653701782,5.53353214263916,0.006292174104601145,23.685476303100586
9403.0,0.6580871343612671,4.484859466552734,0.007608791347593069,23.685501098632812
9404.5,0.5985867977142334,2.960418462753296,0.009334675967693329,23.685537338256836
9406.0,0.5964276790618896,3.222121477127075,0.008921300992369652,23.685531616210938
9407.5,0.6634048223495483,4.376464366912842,0.006776214111596346,23.685482025146484
9409.0,0.6649743914604187,4.285320281982422,0.0052465577609837055,23.685457229614258
9410.5,0.6107807159423828,3.6676025390625,0.00484158331528306,23.685453414916992
9412.0,0.6172906160354614,3.786287784576416,0.004882301203906536,23.685453414916992
9413.5,0.658555269241333,4.018509864807129,0.005021022167056799,23.685453414916992
9415.0,0.66288161277771,3.906428813934326,0.004963040817528963,23.685453414916992
9416.5,0.6977846622467041,4.745206832885742,0.005013592541217804,23.685453414916992
9418.0,0.7764405012130737,6.966998100280762,0.005707921925932169,23.68546485900879
9419.5,0.7589836120605469,7.468480110168457,0.007462825160473585,23.68549346923828
9421.0,0.6601758003234863,4.555356502532959,0.00997284334152937,23.685544967651367
9422.5,0.6314375996589661,2.56899356842041,0.012015865184366703,23.685611724853516
9424.0,0.6623160243034363,3.0909440517425537,0.010741116479039192,23.685569763183594
9425.5,0.6837296485900879,4.8798723220825195,0.00795166939496994,23.685504913330078
9427.0,0.6832737326622009,5.06978702545166,0.0062166559509932995,23.68547248840332
9428.5,0.6632139682769775,4.211719989776611,0.005589375738054514,23.685461044311523
9430.0,0.6506677865982056,3.784651041030884,0.0055937389843165874,23.68545913696289
9431.5,0.6545166373252869,3.89660382270813,0.005552854388952255,23.685457229614258
9433.0,0.6577117443084717,4.231264114379883,0.00534630473703146,23.685457229614258
9434.5,0.6461597084999084,3.913158893585205,0.005032982211560011,23.685453414916992
9436.0,0.6443994045257568,4.339990615844727,0.004922323860228062,23.685453414916992
9437.5,0.8099707961082458,10.530677795410156,0.00630149757489562,23.685474395751953
9439.0,1.0370954275131226,17.15808868408203,0.009776252321898937,23.685548782348633
9440.5,0.8121047019958496,10.11550521850586,0.016258152201771736,23.685758590698242
9442.0,0.3954160809516907,1.2077887058258057,0.027278520166873932,23.66526222229004
9443.5,0.49357596039772034,1.4268646240234375,0.026972142979502678,23.665199279785156
9445.0,0.7704465389251709,5.5425567626953125,0.017031865194439888,23.664690017700195
9446.5,0.731853723526001,7.40421199798584,0.009111698716878891,23.664403915405273
9448.0,0.6119866371154785,4.838915824890137,0.005998739507049322,23.664350509643555
9449.5,0.6024075746536255,3.1249983310699463,0.005832224152982235,23.66434669494629
9451.0,0.617863118648529,3.4180259704589844,0.005939409602433443,23.664350509643555
9452.5,0.6109131574630737,3.6190061569213867,0.005846756976097822,23.664350509643555
9454.0,0.59178626537323,3.3895177841186523,0.005402533337473869,23.664342880249023
9455.5,0.6399554014205933,5.147200584411621,0.0055749909952282906,23.664342880249023
9457.0,0.7742100954055786,9.322818756103516,0.006743587553501129,23.66436004638672
9458.5,0.7427211403846741,8.366009712219238,0.009554759599268436,23.6644229888916
9460.0,0.5091290473937988,2.8290634155273438,0.013284428976476192,23.664535522460938
9461.5,0.4568934440612793,1.5402741432189941,0.015272432938218117,23.664613723754883
9463.0,0.6079718470573425,2.7989859580993652,0.013861261308193207,23.66455841064453
9464.5,0.6805101633071899,5.14165735244751,0.008675060234963894,23.66440200805664
9466.0,0.6562952995300293,5.108334541320801,0.005591405089944601,23.664344787597656
9467.5,0.6386905908584595,3.7408878803253174,0.005127253942191601,23.664335250854492
9469.0,0.6512029767036438,3.9070053100585938,0.005014518275856972,23.664335250854492
9470.5,0.6648181676864624,4.385412693023682,0.005070483777672052,23.664335250854492
9472.0,0.6436643004417419,3.578312873840332,0.005131733603775501,23.664335250854492
9473.5,0.6797816753387451,5.637950897216797,0.005568474065512419,23.664342880249023
9475.0,0.9054819345474243,13.485021591186523,0.007154131308197975,23.66436767578125
9476.5,1.0122592449188232,16.832679748535156,0.011277193203568459,23.664470672607422
9478.0,0.6016832590103149,7.8960795402526855,0.017668770626187325,23.664710998535156
9479.5,0.31412777304649353,0.9938966631889343,0.0246803667396307,23.66510009765625
9481.0,0.6086400151252747,2.5150933265686035,0.023537972941994667,23.665023803710938
9482.5,0.8485404849052429,7.277303218841553,0.015568799339234829,23.66461753845215
9484.0,0.7004606127738953,7.523580551147461,0.008274943567812443,23.66438865661621
9485.5,0.615567147731781,4.399998188018799,0.005989330355077982,23.664348602294922
9487.0,0.6445419192314148,3.4586381912231445,0.005470845382660627,23.664339065551758
9488.5,0.660165011882782,4.006649017333984,0.0051256525330245495,23.664337158203125
9490.0,0.651267945766449,4.173782825469971,0.005038429982960224,23.664335250854492
9491.5,0.6284111142158508,3.9156503677368164,0.005197140853852034,23.664337158203125
9493.0,0.6169671416282654,3.7425124645233154,0.005394726991653442,23.664339065551758
9494.5,0.6129790544509888,3.718315839767456,0.005570101551711559,23.664339065551758
9496.0,0.6028785109519958,3.6802940368652344,0.005585457663983107,23.664339065551758
9497.5,0.5899781584739685,3.4437623023986816,0.005589308217167854,23.664339065551758
9499.0,0.612212061882019,3.8637499809265137,0.005633830092847347,23.664339065551758
9500.5,0.6949206590652466,6.5942702293396,0.0065065547823905945,23.664350509643555
9502.0,0.7737450003623962,8.7874116897583,0.008511697873473167,23.664382934570312
9503.5,0.6936665773391724,5.389893054962158,0.012390675954520702,23.664470672607422
9505.0,0.5112614035606384,1.8432972431182861,0.0170759167522192,23.66460609436035
9506.5,0.542281985282898,2.3244752883911133,0.016604099422693253,23.664587020874023
9508.0,0.6927398443222046,4.6184797286987305,0.012059357017278671,23.664451599121094
9509.5,0.7116384506225586,4.977969169616699,0.007272161543369293,23.66436004638672
9511.0,0.6510030031204224,3.9271464347839355,0.005673555191606283,23.664337158203125
9512.5,0.6472107172012329,3.897705554962158,0.005460247863084078,23.664335250854492
9514.0,0.6524085998535156,3.898434638977051,0.005185116548091173,23.664335250854492
9515.5,0.6673980951309204,4.700109481811523,0.005407627206295729,23.664339065551758
9517.0,0.7836331725120544,9.246370315551758,0.006641938351094723,23.66435432434082
9518.5,0.9053807258605957,13.916383743286133,0.009488532319664955,23.664411544799805
9520.0,0.758023202419281,10.492528915405273,0.014434370212256908,23.66455078125
9521.5,0.5037134885787964,2.0897181034088135,0.022720545530319214,23.664894104003906
9523.0,0.5648170113563538,1.8981165885925293,0.026085365563631058,23.66508674621582
9524.5,0.7806119918823242,5.382542610168457,0.01683734357357025,23.664669036865234
9526.0,0.7734050750732422,7.966846942901611,0.009152965620160103,23.66440773010254
9527.5,0.6603425145149231,4.996674060821533,0.00597749138250947,23.66434669494629
9529.0,0.6206234097480774,3.1992883682250977,0.0053509813733398914,23.664339065551758
9530.5,0.620377779006958,3.553346633911133,0.00547229778021574,23.66434097290039
9532.0,0.6103024482727051,3.7157554626464844,0.0056697893887758255,23.664344787597656
9533.5,0.6274135112762451,3.676445484161377,0.005665546748787165,23.664344787597656
9535.0,0.6550614237785339,4.088039398193359,0.005500382278114557,23.664342880249023
9536.5,0.6400617361068726,4.050524711608887,0.005595844704657793,23.664342880249023
9538.0,0.6192296743392944,3.488994598388672,0.005910330452024937,23.664348602294922
9539.5,0.6413602828979492,3.3044605255126953,0.006262179464101791,23.664352416992188
9541.0,0.6647530794143677,3.6411826610565186,0.005914811510592699,23.66434669494629
9542.5,0.6547420024871826,3.9098329544067383,0.005389828700572252,23.664339065551758
9544.0,0.6361824870109558,3.817033290863037,0.0049967458471655846,23.664335250854492
9545.5,0.6338496208190918,3.6973819732666016,0.005116122309118509,23.664335250854492
9547.0,0.6400829553604126,3.7954134941101074,0.005249509587883949,23.664335250854492
9548.5,0.6540564298629761,4.069782257080078,0.005255985073745251,23.664335250854492
9550.0,0.690424382686615,5.076661586761475,0.005451459437608719,23.664339065551758
9551.5,0.7148865461349487,6.564244747161865,0.006215047091245651,23.66435432434082
9553.0,0.6904439926147461,6.282928466796875,0.007671849802136421,23.664382934570312
9554.5,0.6395581960678101,3.8283956050872803,0.010427050292491913,23.664451599121094
9556.0,0.6154283285140991,2.9614083766937256,0.011958888731896877,23.66449546813965
9557.5,0.6368903517723083,3.8682289123535156,0.009411707520484924,23.66442108154297
9559.0,0.65440434217453,4.546964645385742,0.006553692743182182,23.66435432434082
9560.5,0.6404167413711548,4.029850482940674,0.005599496886134148,23.685461044311523
9562.0,0.6321208477020264,3.37713623046875,0.005550344008952379,23.685461044311523
9563.5,0.6565757989883423,4.199246883392334,0.005860249977558851,23.68546485900879
9565.0,0.7408599853515625,7.936102867126465,0.006486342288553715,23.68548011779785
9566.5,0.8286267518997192,10.915416717529297,0.008598683401942253,23.685523986816406
9568.0,0.7291690111160278,7.9378862380981445,0.011645997874438763,23.685611724853516
9680.5,0.6652957201004028,6.1426496505737305,0.007243959233164787,23.643234252929688
9682.0,0.6278271079063416,4.346426486968994,0.008422966115176678,23.643260955810547
9683.5,0.5437549352645874,2.3073387145996094,0.010435938835144043,23.643312454223633
9685.0,0.5056906938552856,2.05106258392334,0.01076924242079258,23.643325805664062
9686.5,0.5878010392189026,3.512908458709717,0.009198025800287724,23.643274307250977
9688.0,0.6615757942199707,4.722777366638184,0.007317773532122374,23.643230438232422
9689.5,0.6167446374893188,4.018427848815918,0.006248001474887133,23.643213272094727
9691.0,0.5685979127883911,3.415339231491089,0.006283689755946398,23.643213272094727
9692.5,0.5895274877548218,3.338163375854492,0.0070213559083640575,23.643224716186523
9694.0,0.6034610271453857,3.334219217300415,0.007171669974923134,23.643230438232422
9695.5,0.6201165318489075,4.023681640625,0.006872349884361029,23.643224716186523
9697.0,0.6784294247627258,5.725544452667236,0.006577339954674244,23.643220901489258
9698.5,0.7023710012435913,6.403105735778809,0.007067954633384943,23.643232345581055
9700.0,0.5939667820930481,4.6023268699646,0.00867963582277298,23.643266677856445
9701.5,0.47167912125587463,2.2253644466400146,0.010458363220095634,23.64331817626953
9703.0,0.49370062351226807,1.9293384552001953,0.012055628001689911,23.643362045288086
9704.5,0.5849541425704956,3.053377389907837,0.009872294962406158,23.64328956604004
9706.0,0.6254312992095947,4.286557674407959,0.006666108034551144,23.64322280883789
9707.5,0.6385620832443237,4.053461074829102,0.005697525106370449,23.643207550048828
9709.0,0.6669172644615173,4.122684478759766,0.005754869896918535,23.643203735351562
9710.5,0.6762713193893433,4.918801307678223,0.006007668096572161,23.64320945739746
9712.0,0.6369872689247131,4.923477649688721,0.006397823337465525,23.643217086791992
9713.5,0.5786193609237671,3.4478096961975098,0.007538418285548687,23.643238067626953
9715.0,0.5666859149932861,2.6271467208862305,0.008443191647529602,23.643260955810547
9716.5,0.6473115086555481,3.85435152053833,0.007667554542422295,23.643239974975586
9718.0,0.756670355796814,7.8438401222229,0.0073109883815050125,23.643234252929688
9719.5,0.7602534294128418,8.405364990234375,0.008427825756371021,23.643259048461914
9721.0,0.6192063093185425,3.9781367778778076,0.010470614768564701,23.643312454223633
9722.5,0.49549436569213867,1.6552793979644775,0.01398630253970623,23.6434268951416
9724.0,0.5329271554946899,2.0222151279449463,0.01356356032192707,23.643415451049805
9725.5,0.6256134510040283,3.4978129863739014,0.010340509004890919,23.664443969726562
9727.0,0.6368915438652039,4.3936285972595215,0.0071531324647367,23.66436767578125
9728.5,0.6093089580535889,3.61995267868042,0.006143759470432997,23.664350509643555
9730.0,0.6162238121032715,3.2874937057495117,0.005958008114248514,23.664350509643555
9731.5,0.6364805698394775,3.5847015380859375,0.006050508935004473,23.664348602294922
9733.0,0.636046290397644,4.16085147857666,0.006027160678058863,23.66434669494629
9734.5,0.639630138874054,4.556240081787109,0.0061505455523729324,23.664352416992188
9736.0,0.6557421684265137,4.444907188415527,0.006852325983345509,23.664363861083984
9737.5,0.6499843597412109,3.8000593185424805,0.007652338594198227,23.664379119873047
9739.0,0.6138445138931274,3.0794990062713623,0.008530575782060623,23.664398193359375
9740.5,0.5676497220993042,2.653822898864746,0.009210322983562946,23.66441535949707
9742.0,0.5611305236816406,2.8186914920806885,0.009201789274811745,23.64326286315918
9743.5,0.6016595363616943,3.489630699157715,0.00788654200732708,23.643234252929688
9745.0,0.616629958152771,4.006978988647461,0.006825572345405817,23.643217086791992
9746.5,0.6056928634643555,3.756882667541504,0.007405471056699753,23.643224716186523
9748.0,0.6154659390449524,3.1990435123443604,0.008512918837368488,23.643245697021484
9749.5,0.6250795125961304,3.0810346603393555,0.007900720462203026,23.64324188232422
9751.0,0.6144511103630066,3.4468994140625,0.006954507436603308,23.643226623535156
9752.5,0.6070255041122437,3.7605624198913574,0.006052524782717228,23.643211364746094
9754.0,0.6025093197822571,3.642646551132202,0.005514787510037422,23.643203735351562
9755.5,0.6049315929412842,3.3540546894073486,0.005533270072191954,23.64320182800293
9757.0,0.6162485480308533,3.378283977508545,0.005642877891659737,23.643203735351562
9758.5,0.6199398040771484,3.4728188514709473,0.0056717731058597565,23.643203735351562
9760.0,0.6137601137161255,3.5468316078186035,0.005602024495601654,23.643203735351562
9761.5,0.6087533831596375,3.596010446548462,0.005498684011399746,23.64320182800293
9763.0,0.6072404980659485,3.5956056118011475,0.005492217373102903,23.64320182800293
9764.5,0.6078305244445801,3.468240261077881,0.005453818012028933,23.64320182800293
9766.0,0.6120529770851135,3.4961776733398438,0.005425726529210806,23.64320182800293
9767.5,0.6156792640686035,3.645009994506836,0.005493303760886192,23.64320182800293
9769.0,0.6140159368515015,3.684135913848877,0.005471331067383289,23.64320182800293
9770.5,0.6111082434654236,3.5779757499694824,0.005419604945927858,23.643199920654297
9772.0,0.6122757196426392,3.6148157119750977,0.005417590029537678,23.64320182800293
9773.5,0.6362254023551941,3.8210461139678955,0.005575839430093765,23.62204360961914
9775.0,0.692039966583252,4.066281795501709,0.005711665377020836,23.62204360961914
9776.5,0.7786813974380493,4.392523288726807,0.005982291419059038,23.622047424316406
9778.0,0.8531865477561951,4.606605529785156,0.006199253257364035,23.622047424316406
9779.5,0.8780332803726196,4.597864151000977,0.006253161001950502,23.622047424316406
9781.0,0.8493356108665466,4.626781463623047,0.006313262972980738,23.622047424316406
9782.5,0.7623429298400879,4.630572319030762,0.0060439822264015675,23.622047424316406
9784.0,0.6756591796875,4.518677711486816,0.005808032117784023,23.622047424316406
9785.5,0.6571024656295776,4.88352108001709,0.005892201792448759,23.62204933166504
9787.0,0.7255035638809204,6.843084335327148,0.00636626873165369,23.622055053710938
9788.5,0.8581033945083618,11.281103134155273,0.008261158131062984,23.622095108032227
9790.0,0.9121568202972412,14.332025527954102,0.011482924222946167,23.6221866607666
9791.5,0.753058671951294,9.205120086669922,0.016628559678792953,23.62238311767578
9793.0,0.4931677579879761,1.937481164932251,0.024125533178448677,23.622846603393555
9794.5,0.4048314094543457,1.334028720855713,0.026179984211921692,23.62296485900879
9796.0,0.5579828023910522,3.1838910579681396,0.020538905635476112,23.622575759887695
9797.5,0.7169355750083923,6.09255313873291,0.013184761628508568,23.622251510620117
9799.0,0.7114323377609253,7.44016170501709,0.00969838909804821,23.622129440307617
9800.5,0.6040908694267273,3.978504180908203,0.0103300791233778,23.622150421142578
9802.0,0.5374197959899902,2.1312026977539062,0.012913765385746956,23.62224006652832
9803.5,0.5839580297470093,2.401893377304077,0.012388071976602077,23.622217178344727
9805.0,0.6508853435516357,3.1295573711395264,0.009958439506590366,23.62214469909668
9806.5,0.6376420259475708,3.4261889457702637,0.007517969235777855,23.622079849243164
9808.0,0.6087513566017151,3.381317615509033,0.006734231021255255,23.6220645904541
9809.5,0.6348012685775757,3.6422016620635986,0.0072175972163677216,23.6220760345459
9811.0,0.6585674285888672,3.892559051513672,0.007775105070322752,23.622087478637695
9812.5,0.6428313255310059,3.5633602142333984,0.007954047061502934,23.622087478637695
9814.0,0.6187109351158142,3.2568960189819336,0.00810685008764267,23.622093200683594
9815.5,0.5875179767608643,3.001904249191284,0.00842208694666624,23.622102737426758
9833.5,0.6055677533149719,3.300001859664917,0.006619720254093409,23.62206268310547
9835.0,0.5724183320999146,3.275205135345459,0.006359838414937258,23.62205696105957
9836.5,0.5931837558746338,3.3979673385620117,0.006324214860796928,23.622055053710938
9838.0,0.6337616443634033,3.5366859436035156,0.006399733014404774,23.622055053710938
9839.5,0.6444011926651001,3.5584020614624023,0.006260053254663944,23.622053146362305
9841.0,0.6389248371124268,3.5624170303344727,0.006154199596494436,23.622051239013672
9842.5,0.633541464805603,3.679464340209961,0.0061472211964428425,23.622051239013672
9844.0,0.6400178670883179,3.9707188606262207,0.006110086105763912,23.62204933166504
9845.5,0.6669293642044067,4.78607177734375,0.006390795111656189,23.622055053710938
9847.0,0.6859073638916016,5.728509426116943,0.00715055363252759,23.6220703125
9848.5,0.6519184112548828,4.98415994644165,0.00860191136598587,23.62210464477539
9850.0,0.5819103717803955,3.1814398765563965,0.010096619836986065,23.62214469909668
9851.5,0.5459308624267578,2.1971895694732666,0.010992583818733692,23.622175216674805
9853.0,0.5672907829284668,2.3219351768493652,0.011002643033862114,23.622175216674805
9854.5,0.5950708985328674,2.812129497528076,0.008234662003815174,23.62209129333496
9856.0,0.6015840768814087,3.2387075424194336,0.006489216350018978,23.622058868408203
9857.5,0.6188229918479919,3.346792221069336,0.006270578131079674,23.622053146362305
9859.0,0.644768476486206,3.5633363723754883,0.006286901421844959,23.622051239013672
9860.5,0.6449172496795654,3.735780715942383,0.006238456815481186,23.622051239013672
9862.0,0.6334344744682312,3.7707481384277344,0.006222852971404791,23.622051239013672
9863.5,0.6401070952415466,3.834428310394287,0.006238266825675964,23.622051239013672
9865.0,0.63796466588974,3.9622464179992676,0.0063610561192035675,23.622051239013672
9866.5,0.640643835067749,4.3417792320251465,0.006470864173024893,23.622055053710938
9868.0,0.6922754049301147,5.71063756942749,0.006619413383305073,23.622058868408203
9869.5,0.7908095717430115,8.766176223754883,0.008157051168382168,23.622089385986328
9871.0,0.8529353737831116,11.605589866638184,0.010717660188674927,23.622156143188477
9872.5,0.7388874292373657,8.086113929748535,0.014977941289544106,23.622316360473633
9874.0,0.5224656462669373,1.9794020652770996,0.020400449633598328,23.6225643157959
9875.5,0.4440650939941406,1.1266366243362427,0.023692166432738304,23.622772216796875
9877.0,0.5322039723396301,2.033949375152588,0.019344180822372437,23.622509002685547
9878.5,0.626478374004364,3.801753520965576,0.012385722249746323,23.622209548950195
9880.0,0.6463191509246826,4.462830066680908,0.008015924133360386,23.622081756591797
9881.5,0.6343008279800415,3.8407840728759766,0.0068925595842301846,23.622060775756836
9883.0,0.6223578453063965,3.617824077606201,0.0066831051371991634,23.622058868408203
9884.5,0.6159980297088623,3.828876495361328,0.006759829819202423,23.62206268310547
10157.5,0.3688644468784332,1.1969093084335327,0.02472081407904625,23.60167121887207
10159.0,0.5745329856872559,3.32004714012146,0.02043691836297512,23.601369857788086
10160.5,0.5946370363235474,3.8920233249664307,0.019006924703717232,23.601303100585938
10162.0,0.48341885209083557,2.1813979148864746,0.018497345969080925,23.601280212402344
10163.5,0.5243262052536011,2.2939090728759766,0.01773909665644169,23.601232528686523
10165.0,0.6630079746246338,4.4494524002075195,0.017672305926680565,23.60122299194336
10166.5,0.689998984336853,6.404810905456543,0.018079860135912895,23.60125160217285
10168.0,0.6641175150871277,7.943326950073242,0.01892542652785778,23.60133171081543
10169.5,0.805526614189148,12.195195198059082,0.022916728630661964,23.601560592651367
10171.0,0.9454699754714966,14.701534271240234,0.029116535559296608,23.601972579956055
10172.5,0.6356725096702576,4.611788749694824,0.037081677466630936,23.60274314880371
10174.0,0.18916699290275574,0.37523794174194336,0.04851707071065903,23.604141235351562
10175.5,0.09539959579706192,0.12355988472700119,0.04924621060490608,23.60430908203125
10177.0,0.21577546000480652,0.4667368531227112,0.04302617162466049,23.603376388549805
10178.5,0.4424923062324524,1.9374074935913086,0.029031293466687202,23.601970672607422
10180.0,0.5668023824691772,4.295886516571045,0.019265444949269295,23.601293563842773
10289.5,0.0,0.03831770643591881,0.09473326802253723,23.614219665527344
10291.0,0.0,0.0,0.09146182239055634,23.613292694091797
10343.5,0.0,0.0,4.0,34.0
10345.0,0.0,0.0,4.0,34.0
10346.5,0.0,0.0,4.0,34.0
10348.0,0.0,0.0,4.0,34.0
10349.5,0.0,0.0,4.0,34.0
10351.0,0.0,0.0,4.0,34.0
