WAVE,FLUX_1RE,FLUX_FoV,ERROR_1RE,ERROR_FoV
3622.0,0.48218223452568054,4.342702865600586,0.031862981617450714,20.641157150268555
3623.5,0.6119617223739624,5.522995471954346,0.03314276784658432,20.641172409057617
3625.0,0.5181517004966736,5.435494422912598,0.03076242096722126,20.641035079956055
3626.5,0.7919676899909973,5.802684783935547,0.03228064998984337,20.640974044799805
3628.0,0.7258086204528809,5.838178634643555,0.03209669142961502,20.64095687866211
3629.5,0.7793067097663879,5.34603214263916,0.032733719795942307,20.68936538696289
3631.0,0.6481404900550842,5.372744083404541,0.04050803184509277,20.689424514770508
3632.5,0.7140450477600098,5.805840492248535,0.03729807958006859,20.68954849243164
3757.0,0.700234591960907,4.871454238891602,0.017859356477856636,20.64006233215332
3758.5,0.7190737128257751,4.3761091232299805,0.01695687510073185,20.640031814575195
3760.0,0.6399707794189453,4.576857089996338,0.016433125361800194,20.664222717285156
3761.5,0.8313042521476746,4.5686936378479,0.01767488569021225,20.66422462463379
3763.0,0.7791451215744019,4.991861343383789,0.016714906319975853,20.664213180541992
3764.5,0.8624141216278076,4.218575954437256,0.017878679558634758,20.664209365844727
3766.0,0.7923270463943481,5.26735782623291,0.017394285649061203,20.664215087890625
3767.5,0.7234417200088501,3.957648992538452,0.016552403569221497,20.664196014404297
3769.0,0.6413092017173767,3.9325027465820312,0.016281476244330406,20.664182662963867
3770.5,0.7411723136901855,4.484896659851074,0.01687653921544552,20.664196014404297
3772.0,0.6151059865951538,3.777923345565796,0.015587187372148037,20.66419792175293
3773.5,0.5752001404762268,3.6245574951171875,0.016259564086794853,20.68840217590332
3847.0,0.7926971316337585,4.767360687255859,0.013880552724003792,20.66414451599121
3848.5,0.7854304313659668,4.595404624938965,0.013894142583012581,20.664127349853516
3850.0,0.8106722831726074,4.176669120788574,0.01344645768404007,20.66411781311035
3851.5,0.9150815010070801,5.125764846801758,0.014008965343236923,20.664121627807617
3853.0,0.6956952810287476,4.739850044250488,0.013131043873727322,20.66411590576172
3854.5,0.7011193037033081,4.105225563049316,0.012904087081551552,20.66411018371582
3856.0,0.6545438170433044,4.6381144523620605,0.012588981539011002,20.664112091064453
3857.5,0.7901746034622192,5.162814140319824,0.013206211850047112,20.66411018371582
3859.0,1.0074089765548706,5.762691020965576,0.013822009786963463,20.664098739624023
3860.5,0.8545783758163452,4.564048767089844,0.013009040616452694,20.664093017578125
3862.0,0.9209614396095276,4.827805995941162,0.014272967353463173,20.664098739624023
3863.5,0.8871741890907288,5.0108232498168945,0.013270825147628784,20.664106369018555
3865.0,0.8938155770301819,4.81214714050293,0.01357812900096178,20.66410255432129
3866.5,0.9387521743774414,5.393366813659668,0.01352319773286581,20.664098739624023
3868.0,1.0691800117492676,5.681933403015137,0.013959693722426891,20.66409683227539
3869.5,0.9750510454177856,6.3869452476501465,0.013350281864404678,20.66410255432129
3871.0,0.870673418045044,5.445292949676514,0.012698294594883919,20.664087295532227
3872.5,0.7480714917182922,4.191057205200195,0.011997498571872711,20.664079666137695
3874.0,0.735848069190979,3.9921469688415527,0.012014416046440601,20.664085388183594
3875.5,0.7710197567939758,4.568671703338623,0.012364824302494526,20.664091110229492
3877.0,0.6417471170425415,3.6331167221069336,0.012041980400681496,20.664093017578125
3878.5,0.7419068217277527,4.339905738830566,0.011996152810752392,20.664085388183594
3880.0,0.7851507663726807,4.6012372970581055,0.012164373882114887,20.664079666137695
3881.5,0.9631147980690002,5.364460468292236,0.012878313660621643,20.66408348083496
3883.0,0.9753054976463318,5.533382415771484,0.01296256948262453,20.664081573486328
3884.5,1.043566107749939,5.6898603439331055,0.012972219847142696,20.664081573486328
3886.0,0.952960729598999,5.469104766845703,0.012526195496320724,20.664079666137695
3887.5,0.8185248970985413,4.096354961395264,0.012203581631183624,20.68825912475586
3889.0,0.6660104393959045,4.259631156921387,0.011489089578390121,20.688257217407227
3890.5,0.6352993249893188,3.7672531604766846,0.011480569839477539,20.68825912475586
3892.0,0.6256588101387024,4.003673553466797,0.011211369186639786,20.68825912475586
3893.5,0.8058708906173706,4.376069068908691,0.01219677273184061,20.688261032104492
3895.0,0.7823692560195923,4.17611026763916,0.012204860337078571,20.688261032104492
3896.5,0.8961341977119446,4.570770263671875,0.012626632116734982,20.688262939453125
3898.0,0.8633199334144592,5.391716957092285,0.012594773434102535,20.688264846801758
3899.5,0.8956203460693359,5.279880046844482,0.012412114068865776,20.68826675415039
3901.0,0.8055180907249451,4.571751117706299,0.012170271016657352,20.688264846801758
3902.5,0.6876998543739319,3.7791905403137207,0.012089408002793789,20.688264846801758
3904.0,0.5033367872238159,3.14770245552063,0.0109728267416358,20.688264846801758
3905.5,0.5605684518814087,3.61112642288208,0.011320624500513077,20.688270568847656
3907.0,0.49705004692077637,2.958573579788208,0.011434831656515598,20.68828010559082
3908.5,0.7772902846336365,4.522256851196289,0.01252803672105074,20.68828773498535
3910.0,0.7974621653556824,4.814168453216553,0.012981695123016834,20.688291549682617
3911.5,0.8455597758293152,4.956722259521484,0.013038811273872852,20.68828773498535
3913.0,0.7919702529907227,4.2370405197143555,0.012542621232569218,20.688283920288086
3914.5,0.6823422312736511,3.9938690662384033,0.012120597995817661,20.68828010559082
3916.0,0.6672664880752563,4.1114501953125,0.011733856052160263,20.68827247619629
3917.5,0.5361244082450867,3.211737632751465,0.010886142961680889,20.688262939453125
3919.0,0.5561881065368652,3.027829647064209,0.010733108967542648,20.688257217407227
3920.5,0.5655446648597717,2.7085022926330566,0.010799098759889603,20.688251495361328
3922.0,0.6740564107894897,3.760082721710205,0.011196658946573734,20.688251495361328
3923.5,0.7978190779685974,4.470733642578125,0.011335925199091434,20.688249588012695
3925.0,0.9091352820396423,5.155684471130371,0.011745753698050976,20.68825340270996
3926.5,0.9306261539459229,5.191727638244629,0.01191000733524561,20.688247680664062
3928.0,0.8911415934562683,3.980501174926758,0.011664435267448425,20.688241958618164
3929.5,0.7310096025466919,4.082515716552734,0.010767768137156963,20.6882381439209
3931.0,0.797111451625824,3.9622561931610107,0.011048230342566967,20.688234329223633
3932.5,0.7633049488067627,4.252314567565918,0.010771185159683228,20.688234329223633
3934.0,0.7126440405845642,4.279380798339844,0.010466431267559528,20.688236236572266
3935.5,0.7117019891738892,3.915193557739258,0.010403656400740147,20.688234329223633
3937.0,0.7352985143661499,4.119870662689209,0.010620211251080036,20.688232421875
3938.5,0.7822152376174927,4.487760066986084,0.010721372440457344,20.688234329223633
4087.0,1.1347465515136719,6.330470085144043,0.011479226872324944,20.760616302490234
4088.5,1.1365742683410645,6.21030855178833,0.011533417738974094,20.760618209838867
4090.0,1.2449626922607422,5.799593448638916,0.011836807243525982,20.7606143951416
4091.5,1.1658304929733276,6.414685249328613,0.011514946818351746,20.784685134887695
4093.0,0.9950901865959167,5.566587924957275,0.011034444905817509,20.784685134887695
4094.5,1.0731087923049927,5.775179862976074,0.01118147186934948,20.784683227539062
4096.0,1.0234894752502441,5.537392616271973,0.01110784336924553,20.784679412841797
4097.5,0.9751638770103455,5.401082992553711,0.010681258514523506,20.784677505493164
4099.0,0.8556067943572998,4.958414077758789,0.01020027231425047,20.832733154296875
4100.5,1.0234681367874146,5.92543888092041,0.010861688293516636,20.832735061645508
4102.0,1.0024583339691162,5.9591965675354,0.010874294675886631,20.832733154296875
4103.5,0.9506048560142517,5.556799411773682,0.010432947427034378,20.83272933959961
4105.0,0.8792207837104797,5.500990867614746,0.010073048062622547,20.832727432250977
4106.5,0.68336021900177,3.8995041847229004,0.009482502937316895,20.832727432250977
4108.0,0.5870607495307922,3.053144931793213,0.009211364202201366,20.832727432250977
4109.5,0.46311938762664795,2.6720333099365234,0.008632293902337551,20.832727432250977
4111.0,0.34018489718437195,1.9626219272613525,0.008174180053174496,20.832725524902344
4112.5,0.29852068424224854,1.5879247188568115,0.00788219552487135,20.832721710205078
4114.0,0.30333760380744934,1.9799702167510986,0.00789694208651781,20.832721710205078
4115.5,0.4196379482746124,2.3469648361206055,0.008318288251757622,20.83272361755371
4117.0,0.5826037526130676,3.1364853382110596,0.008972528390586376,20.832727432250977
4118.5,0.7414758801460266,4.102578163146973,0.009581007994711399,20.832727432250977
4120.0,0.7473981380462646,4.155337333679199,0.009616177529096603,20.83272361755371
4121.5,0.8542251586914062,4.552792549133301,0.009881451725959778,20.832725524902344
4123.0,0.829224705696106,4.7794270515441895,0.009818307124078274,20.83272933959961
4124.5,0.8552089333534241,4.864958763122559,0.009962876327335835,20.832731246948242
4126.0,0.919325053691864,4.838651180267334,0.010247466154396534,20.832731246948242
4127.5,1.0271884202957153,5.067667007446289,0.010608561336994171,20.832731246948242
4129.0,1.0045568943023682,5.505630970001221,0.010501610115170479,20.832731246948242
4130.5,1.0391427278518677,5.9644317626953125,0.010434381663799286,20.83272933959961
4132.0,1.042306900024414,5.702396869659424,0.01044362224638462,20.83272933959961
4133.5,1.0947976112365723,6.167764663696289,0.010602272115647793,20.83272933959961
4135.0,1.0473058223724365,6.206505298614502,0.010527875274419785,20.832731246948242
4136.5,1.0255531072616577,5.440335750579834,0.010430742986500263,20.832731246948242
4138.0,0.9822354912757874,5.222929954528809,0.010428987443447113,20.832733154296875
4139.5,1.014073133468628,5.427915096282959,0.010385931469500065,20.832731246948242
4141.0,0.8885249495506287,4.5606279373168945,0.009975956752896309,20.83272933959961
4142.5,0.804189920425415,4.594293594360352,0.009641455486416817,20.832725524902344
4144.0,0.6994634866714478,3.5446109771728516,0.008974025025963783,20.832717895507812
4145.5,0.5667222142219543,3.002603769302368,0.008594457060098648,20.832719802856445
4147.0,0.4083736836910248,2.7718276977539062,0.0080939382314682,20.832721710205078
4148.5,0.33410483598709106,2.0087380409240723,0.007650902960449457,20.856706619262695
4150.0,0.2381015121936798,1.8304873704910278,0.007179048843681812,20.856704711914062
4151.5,0.4408397674560547,2.354154109954834,0.007989523001015186,20.85670280456543
4153.0,0.5870672464370728,3.311067581176758,0.008621655404567719,20.856706619262695
4154.5,0.6619172692298889,3.671088457107544,0.008964191190898418,20.856708526611328
4156.0,0.8564443588256836,4.551218032836914,0.009677307680249214,20.832727432250977
4157.5,0.9354968667030334,5.378683090209961,0.010055344551801682,20.856718063354492
4159.0,1.0973167419433594,5.492907524108887,0.010609299875795841,20.85671615600586
4160.5,1.1225049495697021,5.76622200012207,0.01066769938915968,20.85671615600586
4162.0,1.1808527708053589,6.042150497436523,0.010888508521020412,20.856718063354492
4163.5,1.1642903089523315,6.083840370178223,0.010842254385352135,20.856718063354492
4165.0,1.1780531406402588,6.446695327758789,0.010983231477439404,20.856719970703125
4166.5,1.2298306226730347,6.414306640625,0.011195841245353222,20.85672378540039
4168.0,1.2259445190429688,6.070964813232422,0.011057484894990921,20.856719970703125
4169.5,1.2566581964492798,6.921355247497559,0.011228553019464016,20.85672378540039
4171.0,1.2863101959228516,7.101478576660156,0.011236661113798618,20.85672378540039
4172.5,1.3040460348129272,6.350734710693359,0.01124936155974865,20.856719970703125
4174.0,1.3141391277313232,6.609710693359375,0.011112798936665058,20.85671615600586
4175.5,1.276211142539978,7.0406999588012695,0.010848799720406532,20.85671615600586
4177.0,1.2831684350967407,6.441529273986816,0.010931628756225109,20.856714248657227
4178.5,1.24272882938385,6.175648212432861,0.01088387705385685,20.856714248657227
4180.0,1.2561962604522705,6.846215724945068,0.01106987614184618,20.85671615600586
4181.5,1.3665268421173096,6.9243059158325195,0.01131817139685154,20.856714248657227
4183.0,1.4344162940979004,7.1712493896484375,0.011393272317945957,20.856714248657227
4184.5,1.4099493026733398,7.4785284996032715,0.011284003034234047,20.856712341308594
4186.0,1.3851525783538818,6.592199802398682,0.011211254633963108,20.85671043395996
4187.5,1.3094931840896606,6.712340354919434,0.01103487703949213,20.856708526611328
4189.0,1.242168664932251,6.567667007446289,0.010570107027888298,20.856708526611328
4190.5,1.289709448814392,6.883523464202881,0.010682552121579647,20.856708526611328
4192.0,1.3671417236328125,7.507428169250488,0.01094967219978571,20.856712341308594
4193.5,1.3234859704971313,6.797039031982422,0.01082924660295248,20.85671043395996
4195.0,1.3830219507217407,7.202672004699707,0.011012471280992031,20.85671043395996
4196.5,1.4616544246673584,7.460784912109375,0.011094152927398682,20.856708526611328
4198.0,1.3769086599349976,7.449917793273926,0.01077908556908369,20.856704711914062
4199.5,1.4373083114624023,7.176691055297852,0.010927385650575161,20.856704711914062
4201.0,1.4259518384933472,7.708386421203613,0.010959182865917683,20.856706619262695
4202.5,1.4343154430389404,7.152900695800781,0.010902011767029762,20.856704711914062
4204.0,1.40458083152771,7.2940874099731445,0.010949237272143364,20.88066291809082
4205.5,1.4258496761322021,7.444572925567627,0.01087289396673441,20.880664825439453
4207.0,1.3405029773712158,6.743013858795166,0.010627366602420807,20.880664825439453
4208.5,1.4278894662857056,7.3675713539123535,0.01106390729546547,20.88066864013672
4210.0,1.4316235780715942,7.7408905029296875,0.011146432720124722,20.90460205078125
4211.5,1.454387903213501,6.998892784118652,0.011048142798244953,20.90459632873535
4213.0,1.3895533084869385,6.8247575759887695,0.010699940845370293,20.90459632873535
4214.5,1.2883700132369995,6.515418529510498,0.010535110719501972,20.90459632873535
4216.0,1.2138460874557495,6.114030838012695,0.010311972349882126,20.90459442138672
4217.5,1.2700982093811035,6.728043079376221,0.010424386709928513,20.90459632873535
4219.0,1.3269306421279907,7.017587661743164,0.010534606873989105,20.90459632873535
4220.5,1.4768441915512085,7.363059043884277,0.010933020152151585,20.928499221801758
4222.0,1.5849871635437012,8.143898010253906,0.011108214035630226,20.92850112915039
4223.5,1.5058292150497437,7.748892784118652,0.010985082946717739,20.92850112915039
4225.0,1.43180251121521,7.08917236328125,0.010810190811753273,20.928499221801758
4226.5,1.3162517547607422,7.085625648498535,0.010263429954648018,20.928495407104492
4228.0,1.2279858589172363,6.444087982177734,0.009876348078250885,20.904586791992188
4229.5,1.1161367893218994,5.8993730545043945,0.00964365154504776,20.90458869934082
4231.0,1.152738332748413,6.142366886138916,0.01000579260289669,20.904592514038086
4232.5,1.3830835819244385,6.743222236633301,0.010584223084151745,20.904592514038086
4234.0,1.4661009311676025,7.590038299560547,0.010763504542410374,20.90459442138672
4235.5,1.4532105922698975,7.552297592163086,0.010746276006102562,20.904592514038086
4237.0,1.3779984712600708,7.1632537841796875,0.010575090534985065,20.90459442138672
4238.5,1.3506267070770264,7.117371559143066,0.010410583578050137,20.904592514038086
4240.0,1.3042784929275513,6.551406383514404,0.01036118809133768,20.904592514038086
4241.5,1.2945611476898193,6.556386947631836,0.010261351242661476,20.904590606689453
4243.0,1.3179501295089722,6.7205400466918945,0.010327786207199097,20.904592514038086
4244.5,1.3828679323196411,7.153499603271484,0.010507208295166492,20.904592514038086
4246.0,1.35060453414917,7.457088470458984,0.010438687168061733,20.90459442138672
4247.5,1.2430576086044312,6.488958358764648,0.010339014232158661,20.904598236083984
4249.0,1.1970518827438354,6.239850997924805,0.010362776927649975,20.904598236083984
4250.5,1.2433087825775146,6.4256205558776855,0.010173630900681019,20.90459442138672
4252.0,1.2826287746429443,6.768486022949219,0.010367684066295624,20.928499221801758
4253.5,1.400179147720337,7.170798301696777,0.010667950846254826,20.92850112915039
4255.0,1.3747180700302124,7.450759410858154,0.010514956898987293,20.928499221801758
4256.5,1.309375524520874,6.778542518615723,0.010302543640136719,20.928497314453125
4258.0,1.371766209602356,7.598921298980713,0.010564933530986309,20.92850112915039
4259.5,1.3789352178573608,7.460273742675781,0.010514035820960999,20.92850112915039
4261.0,1.2240335941314697,6.38298225402832,0.010051209479570389,20.928495407104492
4262.5,1.2126126289367676,6.521355628967285,0.009952635504305363,20.928495407104492
4264.0,1.291723608970642,6.658227920532227,0.010261096991598606,20.928497314453125
4265.5,1.3629329204559326,6.959977149963379,0.010441944934427738,20.928499221801758
4267.0,1.4101207256317139,7.055963039398193,0.0106153329834342,20.928499221801758
4268.5,1.4354994297027588,7.527447700500488,0.010696684941649437,20.92850112915039
4270.0,1.3946958780288696,7.240675926208496,0.010523644275963306,20.928499221801758
4271.5,1.4134106636047363,7.318113327026367,0.010570892132818699,20.928497314453125
4273.0,1.4775673151016235,7.348996162414551,0.010639864951372147,20.928495407104492
4274.5,1.5588799715042114,8.059168815612793,0.010803164914250374,20.928497314453125
4276.0,1.5161126852035522,7.919841766357422,0.010779423639178276,20.928497314453125
4277.5,1.5220915079116821,7.722403526306152,0.010802086442708969,20.928499221801758
4279.0,1.4482486248016357,7.488578796386719,0.010584475472569466,20.92850112915039
4280.5,1.405281662940979,7.159781455993652,0.010511980392038822,20.928497314453125
4282.0,1.2737290859222412,7.033195972442627,0.010127377696335316,20.928497314453125
4283.5,1.2192610502243042,6.310935020446777,0.009882576763629913,20.928495407104492
4285.0,1.2024580240249634,6.054409027099609,0.009863683953881264,20.928495407104492
4286.5,1.1356589794158936,5.9326982498168945,0.009637432172894478,20.928495407104492
4288.0,1.0096796751022339,5.60693359375,0.009259258396923542,20.92849349975586
4289.5,1.0425487756729126,5.305185317993164,0.009274069219827652,20.928491592407227
4291.0,1.2270547151565552,6.493756294250488,0.00971798226237297,20.928491592407227
4292.5,1.314888834953308,6.770389556884766,0.010076716542243958,20.92849349975586
4294.0,1.3913012742996216,7.099246978759766,0.010264862328767776,20.928495407104492
4295.5,1.3690383434295654,7.251656532287598,0.010229814797639847,20.928495407104492
4297.0,1.4138052463531494,7.3438262939453125,0.010353832505643368,20.928495407104492
4298.5,1.3467178344726562,6.902438640594482,0.010133032687008381,20.92849349975586
4300.0,1.3858329057693481,7.425838470458984,0.01015580166131258,20.928491592407227
4301.5,1.517374873161316,7.667346477508545,0.01042910199612379,20.928491592407227
4303.0,1.517459511756897,7.651263236999512,0.010490704327821732,20.928489685058594
4304.5,1.4387685060501099,7.6439208984375,0.010182904079556465,20.928489685058594
4306.0,1.3988804817199707,7.380936622619629,0.010060731321573257,20.928491592407227
4307.5,1.3952219486236572,7.051438331604004,0.010375884361565113,20.928491592407227
4309.0,1.4118200540542603,6.811581134796143,0.010669922456145287,20.928491592407227
4310.5,1.43109130859375,7.356472969055176,0.010745737701654434,20.92849349975586
4312.0,1.4116109609603882,7.340184211730957,0.01064783800393343,20.92849349975586
4313.5,1.4143059253692627,6.944835662841797,0.01075151190161705,20.928495407104492
4315.0,1.487825632095337,7.344532012939453,0.011249477975070477,20.92850112915039
4316.5,1.4322541952133179,7.275015830993652,0.010826113633811474,20.92850112915039
4318.0,1.3794053792953491,7.314860820770264,0.010367614217102528,20.92850112915039
4319.5,1.3254921436309814,7.084805488586426,0.01026279479265213,20.92850112915039
4321.0,1.2808774709701538,6.529445648193359,0.01016709953546524,20.92850112915039
4322.5,1.3431541919708252,6.960508823394775,0.010280651040375233,20.928499221801758
4324.0,1.4363844394683838,7.089224815368652,0.010390006005764008,20.928495407104492
4325.5,1.5237758159637451,7.69244384765625,0.010497736744582653,20.92849349975586
4327.0,1.5292787551879883,7.543512344360352,0.010543000884354115,20.928495407104492
4328.5,1.4786396026611328,8.106374740600586,0.010503428988158703,20.928497314453125
4330.0,1.4149080514907837,7.527085304260254,0.010359267704188824,20.928497314453125
4331.5,1.364713430404663,7.065181732177734,0.010227354243397713,20.928495407104492
4333.0,1.289954423904419,6.744187831878662,0.009993783198297024,20.928495407104492
4334.5,1.3996772766113281,7.205075740814209,0.010216466151177883,20.928495407104492
4336.0,1.4797192811965942,7.581726551055908,0.010517164133489132,20.928497314453125
4337.5,1.4570040702819824,7.689006805419922,0.010452826507389545,20.928495407104492
4339.0,1.4216541051864624,7.3290605545043945,0.010289296507835388,20.92849349975586
4340.5,1.4369029998779297,7.718513011932373,0.010242646560072899,20.92849349975586
4342.0,1.4398540258407593,7.56575870513916,0.010289640165865421,20.928495407104492
4343.5,1.4289673566818237,7.736270904541016,0.010248731821775436,20.928495407104492
4345.0,1.4228730201721191,7.227846622467041,0.010346125811338425,20.928495407104492
4346.5,1.4737111330032349,7.7401533126831055,0.010465557686984539,20.928495407104492
4348.0,1.4444345235824585,7.608133316040039,0.010441274382174015,20.928499221801758
4349.5,1.4936531782150269,7.7748260498046875,0.010619908571243286,20.928499221801758
4351.0,1.5375522375106812,7.855011940002441,0.010678122751414776,20.928499221801758
4352.5,1.531485915184021,7.792135715484619,0.010503031313419342,20.928495407104492
4354.0,1.6218366622924805,8.225958824157715,0.010663681663572788,20.928495407104492
4355.5,1.5124576091766357,7.851457595825195,0.010520369745790958,20.928497314453125
4357.0,1.4849331378936768,7.877202033996582,0.010603736154735088,20.92850112915039
4358.5,1.4443265199661255,7.70090389251709,0.012137133628129959,20.928543090820312
4360.0,1.5172263383865356,8.251689910888672,0.01370371226221323,20.9285945892334
4361.5,1.3696657419204712,7.3403167724609375,0.01177738793194294,20.928539276123047
4363.0,1.3217214345932007,7.342118263244629,0.010185103863477707,20.928504943847656
4364.5,1.347847580909729,7.222039222717285,0.010088049806654453,20.928499221801758
4366.0,1.3420963287353516,7.390588760375977,0.010028094053268433,20.928497314453125
4367.5,1.389657974243164,7.199782371520996,0.010051194578409195,20.928495407104492
4369.0,1.3898991346359253,7.299347877502441,0.01003680843859911,20.928495407104492
4370.5,1.391783595085144,7.257678031921387,0.009978262707591057,20.92849349975586
4372.0,1.422456979751587,7.403530597686768,0.010002164170145988,20.92849349975586
4373.5,1.4536542892456055,7.465521335601807,0.010111856274306774,20.92849349975586
4375.0,1.4096853733062744,7.239872932434082,0.009868842549622059,20.92849349975586
4376.5,1.4144827127456665,7.284232139587402,0.01000248920172453,20.928495407104492
4378.0,1.4089903831481934,7.172816276550293,0.010047624818980694,20.928495407104492
4379.5,1.432300090789795,7.121018409729004,0.010072044096887112,20.92849349975586
4381.0,1.4460495710372925,7.676888465881348,0.010004070587456226,20.92849349975586
4382.5,1.4556103944778442,7.520788669586182,0.010012569837272167,20.92849349975586
4384.0,1.4724082946777344,7.827381134033203,0.009990324266254902,20.928491592407227
4385.5,1.4826030731201172,7.429734230041504,0.009920254349708557,20.928489685058594
4387.0,1.3682231903076172,7.110762596130371,0.009729331359267235,20.928489685058594
4388.5,1.3052748441696167,6.860673427581787,0.009551390074193478,20.928491592407227
4390.0,1.288710355758667,6.667217254638672,0.009590384550392628,20.928489685058594
4391.5,1.3122340440750122,6.695122718811035,0.009632798843085766,20.928489685058594
4393.0,1.313813328742981,6.89975643157959,0.009607028216123581,20.928491592407227
4394.5,1.3934271335601807,7.256114482879639,0.009851333685219288,20.92849349975586
4396.0,1.4089140892028809,6.822052955627441,0.009897966869175434,20.928491592407227
4397.5,1.5297170877456665,7.689328193664551,0.010227634571492672,20.92849349975586
4399.0,1.564618468284607,8.02885913848877,0.01032707467675209,20.928495407104492
4400.5,1.5475267171859741,7.98337459564209,0.010280358605086803,20.92849349975586
4402.0,1.6075375080108643,8.156245231628418,0.010358758270740509,20.928495407104492
4403.5,1.5116990804672241,7.91570520401001,0.010241142474114895,20.928495407104492
4405.0,1.5108197927474976,8.055721282958984,0.010203612968325615,20.928495407104492
4406.5,1.4762890338897705,7.3773369789123535,0.010188024491071701,20.928495407104492
4408.0,1.5171771049499512,7.5457377433776855,0.01029848400503397,20.928497314453125
4409.5,1.498775601387024,7.770160675048828,0.010271827690303326,20.928499221801758
4411.0,1.6048682928085327,8.50100326538086,0.01046667154878378,20.928499221801758
4412.5,1.589330792427063,8.094276428222656,0.010518023744225502,20.928499221801758
4414.0,1.5337576866149902,8.187017440795898,0.010422204621136189,20.92850112915039
4415.5,1.3831595182418823,7.173529624938965,0.00988047756254673,20.952373504638672
4417.0,1.2270910739898682,6.5492658615112305,0.00953278411179781,20.95237159729004
4418.5,1.1041182279586792,6.192232131958008,0.009182446636259556,20.95237159729004
4420.0,1.0960028171539307,6.025872230529785,0.00924161821603775,20.95237159729004
4421.5,1.315807580947876,6.79947566986084,0.00979791209101677,20.952375411987305
4423.0,1.482659101486206,7.686240196228027,0.010144730098545551,20.952375411987305
4424.5,1.517270565032959,7.619610786437988,0.010177730582654476,20.95237159729004
4426.0,1.4814273118972778,7.570178508758545,0.010133904404938221,20.952373504638672
4427.5,1.439546823501587,7.615443229675293,0.01003512367606163,20.952375411987305
4429.0,1.459436297416687,7.198496341705322,0.010073709301650524,20.952373504638672
4430.5,1.435149908065796,6.956137657165527,0.00994341541081667,20.952369689941406
4432.0,1.499035120010376,7.215607643127441,0.010037200525403023,20.952369689941406
4433.5,1.4737534523010254,7.805920600891113,0.010026449337601662,20.952373504638672
4435.0,1.5009572505950928,8.13286018371582,0.009970148093998432,20.952369689941406
4436.5,1.5670442581176758,7.944697380065918,0.010071628727018833,20.952369689941406
4438.0,1.5978232622146606,8.1317138671875,0.01021228451281786,20.952369689941406
4439.5,1.565821647644043,8.269451141357422,0.010224876925349236,20.952373504638672
4441.0,1.5220155715942383,7.309065818786621,0.01016179472208023,20.95237159729004
4442.5,1.3848862648010254,6.888116836547852,0.00974271446466446,20.952369689941406
4444.0,1.3623180389404297,6.850069522857666,0.009623637422919273,20.952367782592773
4445.5,1.422023057937622,7.284054279327393,0.009765020571649075,20.952369689941406
4447.0,1.4351413249969482,7.951683044433594,0.009923409670591354,20.95237159729004
4448.5,1.4834405183792114,7.797182083129883,0.009970246814191341,20.95237159729004
4450.0,1.449712872505188,7.6386308670043945,0.009798631072044373,20.952369689941406
4451.5,1.4266014099121094,7.607995986938477,0.009714579209685326,20.952369689941406
4453.0,1.3695125579833984,7.396275520324707,0.009593029506504536,20.952369689941406
4454.5,1.359291434288025,6.971936225891113,0.009551023133099079,20.952367782592773
4456.0,1.448276400566101,7.075584888458252,0.009691919200122356,20.95236587524414
4457.5,1.5383696556091309,7.715045928955078,0.009904024191200733,20.95236587524414
4459.0,1.6523981094360352,8.54287338256836,0.01004521083086729,20.952367782592773
4460.5,1.5909414291381836,7.87115478515625,0.010024002753198147,20.95236587524414
4462.0,1.553473949432373,8.038961410522461,0.009904950857162476,20.952367782592773
4463.5,1.4446805715560913,7.513974666595459,0.009647928178310394,20.95236587524414
4465.0,1.264495849609375,7.007493495941162,0.009342887438833714,20.952367782592773
4466.5,1.2150877714157104,6.428634166717529,0.009140108712017536,20.95236587524414
4468.0,1.233801007270813,6.096530914306641,0.009300634264945984,20.952367782592773
4469.5,1.3377387523651123,6.687716484069824,0.009444001130759716,20.95236587524414
4471.0,1.456072449684143,7.441956996917725,0.009660724550485611,20.95236587524414
4472.5,1.5285122394561768,7.815918922424316,0.009949974715709686,20.952367782592773
4474.0,1.5401067733764648,7.7113752365112305,0.01000839751213789,20.952367782592773
4475.5,1.4615525007247925,7.620682716369629,0.009826069697737694,20.952369689941406
4477.0,1.5231225490570068,7.8962297439575195,0.010055853985249996,20.952369689941406
4478.5,1.44496750831604,7.372373104095459,0.009820124134421349,20.952369689941406
4480.0,1.418285846710205,7.659067153930664,0.00967493187636137,20.952369689941406
4481.5,1.4334310293197632,6.948193550109863,0.00970202125608921,20.95236587524414
4483.0,1.3129045963287354,6.867868423461914,0.009439188987016678,20.95236587524414
4484.5,1.301865816116333,6.5098876953125,0.009489871561527252,20.952367782592773
4486.0,1.280732274055481,6.24372673034668,0.009612836875021458,20.952367782592773
4487.5,1.366123914718628,6.902512550354004,0.009678498841822147,20.952367782592773
4489.0,1.454735279083252,7.214967727661133,0.009782589040696621,20.952367782592773
4490.5,1.3582707643508911,7.199192523956299,0.009452635422348976,20.95236587524414
4492.0,1.3584574460983276,6.743474006652832,0.009356452152132988,20.95236587524414
4493.5,1.205594778060913,5.974111557006836,0.009079620242118835,20.95236587524414
4495.0,1.0821073055267334,5.5415449142456055,0.00871537160128355,20.95236587524414
4496.5,1.0586305856704712,5.465729713439941,0.008666117675602436,20.95236587524414
4498.0,1.0744110345840454,5.639286041259766,0.008671478368341923,20.95236587524414
4499.5,1.13727867603302,5.720300674438477,0.008898038417100906,20.95236587524414
4501.0,1.106688141822815,5.797210216522217,0.008836404420435429,20.95236587524414
4502.5,1.0561761856079102,5.538873672485352,0.00866776891052723,20.952363967895508
4504.0,1.0156078338623047,5.269899368286133,0.008557413704693317,20.95236587524414
4505.5,1.041396975517273,5.7120561599731445,0.008649392984807491,20.95236587524414
4507.0,1.13832426071167,5.8306379318237305,0.008962472900748253,20.952367782592773
4508.5,1.3238773345947266,7.768269062042236,0.009347655810415745,20.952367782592773
4510.0,1.3025767803192139,9.084896087646484,0.009338154457509518,20.95237159729004
4511.5,1.5917577743530273,7.925685882568359,0.009970471262931824,20.952367782592773
4513.0,1.7056723833084106,8.372998237609863,0.010257232934236526,20.952369689941406
4514.5,1.771012783050537,8.810430526733398,0.01033711526542902,20.952367782592773
4516.0,1.8063522577285767,9.031805038452148,0.010418114252388477,20.952369689941406
4517.5,1.6402151584625244,8.118371963500977,0.01002617459744215,20.952367782592773
4519.0,1.553282618522644,7.337423801422119,0.009744549170136452,20.95236587524414
4520.5,1.342284917831421,6.5638227462768555,0.00923214666545391,20.952363967895508
4522.0,1.2491095066070557,6.361420631408691,0.009083576500415802,20.952363967895508
4523.5,1.3381989002227783,6.763111591339111,0.009260092861950397,20.95236587524414
4525.0,1.5212353467941284,7.804969787597656,0.009599843062460423,20.95236587524414
4526.5,1.6360061168670654,8.063345909118652,0.009873097762465477,20.95236587524414
4528.0,1.6284552812576294,8.246280670166016,0.009812536649405956,20.95236587524414
4529.5,1.6543816328048706,8.599921226501465,0.00994068942964077,20.952367782592773
4531.0,1.6651071310043335,8.472978591918945,0.009914714843034744,20.95236587524414
4532.5,1.5965126752853394,8.25123405456543,0.009839623235166073,20.952367782592773
4534.0,1.4326173067092896,7.179997444152832,0.009451229125261307,20.952367782592773
4535.5,1.2682996988296509,6.298135757446289,0.009086216799914837,20.95236587524414
4537.0,1.16360604763031,6.166923522949219,0.008822804316878319,20.95236587524414
4538.5,1.2202874422073364,6.335536479949951,0.008979781530797482,20.952367782592773
4540.0,1.3384344577789307,6.557433128356934,0.009291629306972027,20.952367782592773
4541.5,1.477950096130371,7.395602703094482,0.009550830349326134,20.952367782592773
4543.0,1.577580213546753,7.530219078063965,0.009803674183785915,20.95236587524414
4544.5,1.5700334310531616,8.105839729309082,0.009821741841733456,20.952369689941406
4546.0,1.690703272819519,8.304303169250488,0.009965138509869576,20.952369689941406
4547.5,1.6139436960220337,8.13201904296875,0.010057715699076653,20.952367782592773
4549.0,1.5023188591003418,8.324807167053223,0.00985926017165184,20.952367782592773
4550.5,1.4622377157211304,7.642908096313477,0.009776534512639046,20.952363967895508
4552.0,1.456264853477478,7.539318084716797,0.00980109628289938,20.95236587524414
4553.5,1.5458656549453735,8.110398292541504,0.00998067669570446,20.952367782592773
4555.0,1.5332502126693726,7.994138717651367,0.009858713485300541,20.95236587524414
4556.5,1.5998966693878174,7.610196113586426,0.00984892901033163,20.952363967895508
4558.0,1.6196497678756714,7.954394340515137,0.00965450145304203,20.952363967895508
4559.5,1.7190630435943604,8.397209167480469,0.00994049571454525,20.95236587524414
4561.0,1.7323473691940308,8.510744094848633,0.010133715346455574,20.95236587524414
4562.5,1.7900974750518799,8.77400016784668,0.010130258277058601,20.95236587524414
4564.0,1.8308159112930298,9.117300033569336,0.010184038430452347,20.95236587524414
4565.5,1.7290431261062622,9.046676635742188,0.009878172539174557,20.952363967895508
4567.0,1.669289231300354,8.559745788574219,0.009732767939567566,20.952363967895508
4568.5,1.6466045379638672,8.259716987609863,0.00977802649140358,20.952363967895508
4570.0,1.6909161806106567,8.465798377990723,0.009872396476566792,20.952363967895508
4571.5,1.6145962476730347,7.6772260665893555,0.009721068665385246,20.952363967895508
4573.0,1.5450791120529175,8.126432418823242,0.009446920827031136,20.952363967895508
4574.5,1.5548300743103027,7.772387981414795,0.009554240852594376,20.952363967895508
4576.0,1.54343843460083,7.939541816711426,0.009538759477436543,20.952363967895508
4577.5,1.6608166694641113,8.310365676879883,0.0097109479829669,20.952363967895508
4579.0,1.6474977731704712,8.75113296508789,0.009698521345853806,20.952363967895508
4580.5,1.5227606296539307,7.504920959472656,0.009416286833584309,20.952363967895508
4582.0,1.316360592842102,6.676459312438965,0.008985687978565693,20.952362060546875
4583.5,1.2910878658294678,6.5040693283081055,0.008885069750249386,20.952362060546875
4585.0,1.2396425008773804,6.659543991088867,0.008744915947318077,20.952362060546875
4586.5,1.4364720582962036,7.215080261230469,0.009119794704020023,20.952362060546875
4588.0,1.4347610473632812,7.216156005859375,0.009224013425409794,20.952362060546875
4589.5,1.5613969564437866,7.954321384429932,0.00945383682847023,20.952363967895508
4591.0,1.5429834127426147,8.203407287597656,0.009473352693021297,20.952363967895508
4592.5,1.6061819791793823,8.123806953430176,0.00950701255351305,20.952363967895508
4594.0,1.6188397407531738,8.27444839477539,0.009516439400613308,20.952362060546875
4595.5,1.6455059051513672,8.071041107177734,0.009615423157811165,20.952362060546875
4597.0,1.7308558225631714,8.586223602294922,0.009729049168527126,20.952362060546875
4598.5,1.7026869058609009,8.417798042297363,0.009687894023954868,20.952362060546875
4600.0,1.6348581314086914,8.43671989440918,0.009555787779390812,20.952362060546875
4601.5,1.5584959983825684,7.673727035522461,0.009367650374770164,20.952362060546875
4603.0,1.5134351253509521,7.364808559417725,0.009272253140807152,20.952360153198242
4604.5,1.469808578491211,7.438131332397461,0.009200483560562134,20.952362060546875
4606.0,1.4250521659851074,7.497540473937988,0.009112740866839886,20.952362060546875
4607.5,1.4831339120864868,7.607633113861084,0.0091858534142375,20.952360153198242
4609.0,1.5604139566421509,7.664509296417236,0.009400947019457817,20.952362060546875
4610.5,1.6316540241241455,8.185590744018555,0.009659268893301487,20.952363967895508
4612.0,1.7469584941864014,9.008699417114258,0.009849794209003448,20.952363967895508
4613.5,1.7321447134017944,8.537554740905762,0.00981349777430296,20.952362060546875
4615.0,1.6178981065750122,8.650177001953125,0.009517491795122623,20.952363967895508
4616.5,1.6177958250045776,7.985195636749268,0.009545324370265007,20.952362060546875
4618.0,1.6267449855804443,8.509218215942383,0.009597542695701122,20.952363967895508
4619.5,1.690132975578308,8.393991470336914,0.009696222841739655,20.952362060546875
4621.0,1.6860295534133911,8.311460494995117,0.009728075936436653,20.952362060546875
4622.5,1.745753526687622,8.963823318481445,0.009809893555939198,20.952363967895508
4624.0,1.692028522491455,8.206169128417969,0.009735177271068096,20.952362060546875
4625.5,1.6925723552703857,8.350042343139648,0.00968123134225607,20.952362060546875
4627.0,1.7068183422088623,8.799721717834473,0.009678279981017113,20.952363967895508
4628.5,1.7346123456954956,8.595266342163086,0.00977262668311596,20.952363967895508
4630.0,1.7408276796340942,8.70872974395752,0.009749321267008781,20.952363967895508
4631.5,1.7113440036773682,8.592902183532715,0.009673303924500942,20.976211547851562
4633.0,1.7316834926605225,8.475160598754883,0.009730435907840729,20.976211547851562
4634.5,1.6732560396194458,8.132966995239258,0.009580148383975029,20.97620964050293
4636.0,1.6111831665039062,7.903874397277832,0.009434725157916546,20.97620964050293
4637.5,1.6657360792160034,8.409035682678223,0.009535309858620167,20.97620964050293
4639.0,1.6813405752182007,8.350444793701172,0.009562959894537926,20.97620964050293
4640.5,1.8240963220596313,9.118106842041016,0.009846554137766361,20.97620964050293
4642.0,1.8276410102844238,9.21180248260498,0.009811215102672577,20.976211547851562
4643.5,1.7099663019180298,8.784364700317383,0.009656621143221855,20.976211547851562
4645.0,1.7044600248336792,8.884146690368652,0.009555271826684475,20.97620964050293
4646.5,1.705531120300293,8.227408409118652,0.009584175422787666,20.97620964050293
4648.0,1.8137794733047485,8.914825439453125,0.009721308946609497,20.97620964050293
4649.5,1.8617185354232788,9.135419845581055,0.009864511899650097,20.97620964050293
4651.0,1.8333336114883423,9.025833129882812,0.009769150987267494,20.97620964050293
4652.5,1.8318417072296143,9.192728042602539,0.009859899058938026,20.976211547851562
4654.0,1.8071829080581665,8.887067794799805,0.009746664203703403,20.97620964050293
4655.5,1.728075623512268,8.707218170166016,0.009561031125485897,20.97620964050293
4657.0,1.6714409589767456,8.416629791259766,0.009462353773415089,20.97620964050293
4658.5,1.6294244527816772,8.17159652709961,0.00947351660579443,20.952362060546875
4660.0,1.5812628269195557,8.421918869018555,0.009406094439327717,20.952363967895508
4661.5,1.5977187156677246,7.930212020874023,0.009450999088585377,20.952363967895508
4663.0,1.6010912656784058,8.442048072814941,0.009364526718854904,20.952363967895508
4664.5,1.5915112495422363,8.012456893920898,0.00936513114720583,20.952362060546875
4666.0,1.634081244468689,8.484135627746582,0.009440167807042599,20.952362060546875
4667.5,1.7297114133834839,8.71037483215332,0.00957297533750534,20.952360153198242
4669.0,1.6973178386688232,8.492332458496094,0.009543132968246937,20.952360153198242
4670.5,1.7270251512527466,8.756065368652344,0.009583643637597561,20.952362060546875
4672.0,1.7019827365875244,8.55189323425293,0.009586092084646225,20.952362060546875
4673.5,1.7602124214172363,8.633813858032227,0.009686548262834549,20.952363967895508
4675.0,1.782259464263916,8.646056175231934,0.009784619323909283,20.952363967895508
4676.5,1.8995256423950195,9.466131210327148,0.00997417513281107,20.976213455200195
4678.0,1.9118280410766602,9.288615226745605,0.009990612044930458,20.976213455200195
4679.5,1.9610414505004883,10.017202377319336,0.010043339803814888,20.976213455200195
4681.0,1.9414976835250854,9.305034637451172,0.009952553547918797,20.976211547851562
4682.5,1.8925745487213135,9.391340255737305,0.009895197115838528,20.976211547851562
4684.0,1.7987746000289917,9.076326370239258,0.009709605947136879,20.976211547851562
4685.5,1.7679919004440308,8.876228332519531,0.009618790820240974,20.976211547851562
4687.0,1.7904090881347656,9.223491668701172,0.00971144624054432,20.976211547851562
4688.5,1.881881833076477,9.574125289916992,0.009808525443077087,20.976211547851562
4690.0,1.9669523239135742,9.599573135375977,0.009942338801920414,20.976211547851562
4691.5,1.9274027347564697,9.535104751586914,0.009886213578283787,20.976211547851562
4693.0,1.8448117971420288,9.015703201293945,0.009728177450597286,20.97620964050293
4694.5,1.8153860569000244,9.020072937011719,0.009649135172367096,20.97620964050293
4696.0,1.7822446823120117,8.875672340393066,0.009636827744543552,20.97620964050293
4697.5,1.8388848304748535,9.219104766845703,0.009664226323366165,20.97620964050293
4699.0,1.7614071369171143,8.940069198608398,0.00953710824251175,20.97620964050293
4700.5,1.7605990171432495,8.62423324584961,0.009440773166716099,20.97620964050293
4702.0,1.8232841491699219,9.219942092895508,0.009585665538907051,20.97620964050293
4703.5,1.8820037841796875,9.25022029876709,0.009674604050815105,20.97620964050293
4705.0,1.8698935508728027,9.406061172485352,0.009611597284674644,20.97620964050293
4706.5,1.895448088645935,9.201326370239258,0.009690525941550732,20.97620964050293
4708.0,1.996914029121399,9.86380386352539,0.009887550957500935,20.97620964050293
4709.5,1.9610483646392822,9.492706298828125,0.009816407226026058,20.97620964050293
4711.0,2.067335605621338,9.836405754089355,0.010047717951238155,20.97620964050293
4712.5,1.9671207666397095,9.69172477722168,0.009877015836536884,20.97620964050293
4714.0,1.9277689456939697,9.541479110717773,0.00974844116717577,20.97620964050293
4715.5,1.9739038944244385,9.910489082336426,0.009842312894761562,20.97620964050293
4717.0,1.9726499319076538,9.723302841186523,0.009915602393448353,20.97620964050293
4718.5,1.9417400360107422,9.392321586608887,0.009837651625275612,20.97620964050293
4720.0,1.929053544998169,9.302713394165039,0.009838317520916462,20.97620964050293
4721.5,1.861153244972229,9.316545486450195,0.009702610783278942,20.97620964050293
4723.0,1.922931432723999,9.304986953735352,0.009796717204153538,20.97620964050293
4724.5,1.962363600730896,9.428466796875,0.009892323985695839,20.97620964050293
4726.0,1.9484283924102783,9.879823684692383,0.009869586676359177,20.97620964050293
4727.5,1.9245542287826538,9.514060974121094,0.009805449284613132,20.97620964050293
4729.0,1.8386802673339844,9.492801666259766,0.009599597193300724,20.97620964050293
4730.5,1.8331009149551392,9.007781982421875,0.009570995345711708,20.97620964050293
4732.0,1.758454442024231,8.373754501342773,0.009481364861130714,20.95235824584961
4733.5,1.6730645895004272,8.494670867919922,0.00922594778239727,20.95235824584961
4735.0,1.6641662120819092,8.047882080078125,0.009244500659406185,20.95235824584961
4736.5,1.6794482469558716,8.419669151306152,0.009330671280622482,20.952360153198242
4738.0,1.648754358291626,8.235306739807129,0.009251383133232594,20.95235824584961
4739.5,1.7053418159484863,8.214282989501953,0.00941966101527214,20.952360153198242
4741.0,1.7141737937927246,8.62308120727539,0.009451222606003284,20.952360153198242
4742.5,1.753988265991211,8.624606132507324,0.009552523493766785,20.952360153198242
4744.0,1.857075810432434,9.100589752197266,0.009811092168092728,20.952362060546875
4745.5,1.9012700319290161,9.227805137634277,0.00990070216357708,20.952362060546875
4747.0,1.8752281665802002,9.621877670288086,0.00981966219842434,20.952362060546875
4748.5,1.8908581733703613,9.292966842651367,0.009794583544135094,20.952360153198242
4750.0,1.8478400707244873,9.336540222167969,0.009716926142573357,20.952360153198242
4751.5,1.869592308998108,9.254840850830078,0.009746111929416656,20.952360153198242
4753.0,1.8421825170516968,9.182531356811523,0.009763381443917751,20.952360153198242
4754.5,1.817551612854004,8.768860816955566,0.009600464254617691,20.952360153198242
4756.0,1.7915929555892944,9.284856796264648,0.009557124227285385,20.952360153198242
4757.5,1.8181824684143066,8.77511978149414,0.009567923843860626,20.95235824584961
4759.0,1.7981775999069214,9.106552124023438,0.009464150294661522,20.95235824584961
4760.5,1.759186863899231,8.737347602844238,0.009413379244506359,20.95235824584961
4762.0,1.7653617858886719,8.823695182800293,0.009416508488357067,20.95235824584961
4763.5,1.8150830268859863,9.041412353515625,0.009456612169742584,20.95235824584961
4765.0,1.9165574312210083,9.42837905883789,0.009728366509079933,20.95235824584961
4766.5,2.036116600036621,10.021844863891602,0.009867117740213871,20.95235824584961
4768.0,1.9936907291412354,9.746383666992188,0.00978786963969469,20.95235824584961
4769.5,1.9588109254837036,9.621150970458984,0.009681832045316696,20.95235824584961
4771.0,1.866837739944458,9.316080093383789,0.009600447490811348,20.952360153198242
4772.5,1.9068812131881714,9.343147277832031,0.009668654762208462,20.95235824584961
4774.0,1.970942735671997,9.68278980255127,0.009766830131411552,20.95235824584961
4775.5,2.0243051052093506,9.555061340332031,0.009880336001515388,20.95235824584961
4777.0,2.0183863639831543,9.84489631652832,0.009852316230535507,20.952360153198242
4778.5,1.8797987699508667,9.772631645202637,0.009591016918420792,20.95235824584961
4780.0,1.9115432500839233,9.388858795166016,0.009644456207752228,20.952360153198242
4781.5,1.95677649974823,9.594112396240234,0.009746328927576542,20.952360153198242
4783.0,1.974095344543457,9.996026992797852,0.009708763100206852,20.95235824584961
4784.5,1.969377040863037,9.727959632873535,0.009677043184638023,20.95235824584961
4786.0,1.9630463123321533,10.032975196838379,0.009627674706280231,20.95235824584961
4787.5,1.872787594795227,9.280397415161133,0.009419101290404797,20.95235824584961
4789.0,1.8385263681411743,9.281508445739746,0.00937475822865963,20.95235824584961
4790.5,1.8273029327392578,8.809713363647461,0.009425101801753044,20.952356338500977
4792.0,1.888792872428894,9.363438606262207,0.009494190104305744,20.95235824584961
4793.5,1.863378882408142,9.040107727050781,0.009460747241973877,20.95235824584961
4795.0,1.8844523429870605,9.188440322875977,0.009539675898849964,20.95235824584961
4796.5,1.86194908618927,9.407877922058105,0.009475905448198318,20.95235824584961
4798.0,1.9339951276779175,9.539520263671875,0.010010002180933952,20.95235824584961
4799.5,1.9508509635925293,9.616790771484375,0.010049335658550262,20.95235824584961
4801.0,1.8967247009277344,9.542619705200195,0.009879685938358307,20.95235824584961
4802.5,1.9250459671020508,9.262725830078125,0.009922187775373459,20.95235824584961
4804.0,1.833976149559021,9.220072746276855,0.009769432246685028,20.95235824584961
4805.5,1.8480274677276611,9.19117259979248,0.009618881158530712,20.95235824584961
4807.0,1.936637282371521,9.41927719116211,0.009551984257996082,20.95235824584961
4808.5,1.8743964433670044,9.290802955627441,0.009450269863009453,20.95235824584961
4810.0,1.899725079536438,9.224729537963867,0.009464087896049023,20.95235824584961
4811.5,1.9115500450134277,9.57779312133789,0.009482990019023418,20.95235824584961
4813.0,1.8358298540115356,9.21000862121582,0.009355924092233181,20.95235824584961
4814.5,1.9406930208206177,9.556140899658203,0.009569982066750526,20.95235824584961
4816.0,1.9249191284179688,9.961515426635742,0.009552489966154099,20.95235824584961
4817.5,2.0300369262695312,10.176301956176758,0.00981818325817585,20.952360153198242
4819.0,2.0967977046966553,10.381206512451172,0.009906686842441559,20.952360153198242
4820.5,2.0457239151000977,9.929889678955078,0.009872369468212128,20.952360153198242
4822.0,2.0535478591918945,9.89185905456543,0.009894433431327343,20.952362060546875
4823.5,1.9983052015304565,9.648214340209961,0.009800985455513,20.952360153198242
4825.0,2.022372245788574,9.858084678649902,0.009748052805662155,20.952360153198242
4826.5,2.085418462753296,9.964479446411133,0.009883820079267025,20.97620964050293
4828.0,2.000373601913452,9.679710388183594,0.009726122952997684,20.97620964050293
4829.5,2.0259227752685547,9.975809097290039,0.009782636538147926,20.97620964050293
4831.0,1.978592038154602,10.186225891113281,0.009720586240291595,20.976211547851562
4832.5,2.0838372707366943,10.395976066589355,0.009885111823678017,20.97620964050293
4834.0,2.0226705074310303,9.852869033813477,0.009818091988563538,20.97620964050293
4835.5,2.0224437713623047,10.198447227478027,0.009788556955754757,20.976211547851562
4837.0,2.0068893432617188,10.188432693481445,0.009789995849132538,20.97620964050293
4838.5,2.0393898487091064,9.878022193908691,0.009864060208201408,20.97620964050293
4840.0,2.0242056846618652,10.383136749267578,0.009825770743191242,20.976211547851562
4841.5,2.0996344089508057,10.251657485961914,0.009967316873371601,20.976211547851562
4843.0,2.02378249168396,10.23957633972168,0.009786576963961124,20.976211547851562
4844.5,1.9803444147109985,9.84054946899414,0.009673074819147587,20.97620964050293
4846.0,1.9723522663116455,10.033903121948242,0.009681353345513344,20.97620964050293
4847.5,1.9563755989074707,9.925607681274414,0.009623651392757893,20.97620964050293
4849.0,1.9525939226150513,9.51344108581543,0.009656443260610104,20.97620964050293
4850.5,1.9549020528793335,9.550274848937988,0.009751423262059689,20.97620964050293
4852.0,1.934893250465393,9.623666763305664,0.0098289018496871,20.976207733154297
4853.5,1.95216703414917,9.728187561035156,0.00984235666692257,20.97620964050293
4855.0,1.8974336385726929,9.62004280090332,0.009773043915629387,20.97620964050293
4856.5,1.8631234169006348,9.50493335723877,0.009591138921678066,20.976207733154297
4858.0,1.8097548484802246,9.278078079223633,0.009233159944415092,20.976205825805664
4859.5,1.8053226470947266,8.958562850952148,0.009172000922262669,20.976205825805664
4861.0,1.8740928173065186,9.792781829833984,0.009338533505797386,20.976207733154297
4862.5,1.9458410739898682,10.954080581665039,0.009621333330869675,20.976211547851562
4864.0,1.9780330657958984,11.034366607666016,0.009644399397075176,20.976211547851562
4865.5,1.9424986839294434,9.867719650268555,0.009450024925172329,20.976207733154297
4867.0,1.913625955581665,9.445236206054688,0.009367886930704117,20.976205825805664
4868.5,1.943740725517273,9.740354537963867,0.009480757638812065,20.976207733154297
4870.0,2.0238871574401855,9.788850784301758,0.009640424512326717,20.976207733154297
4871.5,2.023285388946533,10.287829399108887,0.009626890532672405,20.976207733154297
4873.0,2.0365262031555176,10.218559265136719,0.00963226705789566,20.976207733154297
4874.5,2.0093984603881836,10.048808097839355,0.009540162049233913,20.976207733154297
4876.0,1.9041959047317505,9.856979370117188,0.00936854351311922,20.976207733154297
4877.5,1.8672988414764404,9.376222610473633,0.009268567897379398,20.976207733154297
4879.0,1.75028657913208,8.953250885009766,0.009112448431551456,20.976207733154297
4880.5,1.7468907833099365,8.810383796691895,0.009105829522013664,20.976207733154297
4882.0,1.8073149919509888,8.906448364257812,0.009267453104257584,20.976207733154297
4883.5,1.8985283374786377,9.095054626464844,0.00942398514598608,20.976207733154297
4885.0,1.9535993337631226,9.310020446777344,0.009526056237518787,20.976207733154297
4886.5,1.977947473526001,9.705169677734375,0.009527483023703098,20.976207733154297
4888.0,1.9407358169555664,9.530332565307617,0.009418198838829994,20.976207733154297
4889.5,1.97823166847229,9.778894424438477,0.009482191875576973,20.976207733154297
4891.0,1.9171745777130127,9.295427322387695,0.00937848910689354,20.976207733154297
4892.5,1.9118123054504395,9.18192195892334,0.009375214576721191,20.976207733154297
4894.0,1.8907164335250854,9.21065616607666,0.009307095780968666,20.976207733154297
4895.5,1.9194601774215698,9.478038787841797,0.009412907995283604,20.976207733154297
4897.0,1.919690489768982,9.841864585876465,0.009446182288229465,20.95235824584961
4898.5,1.9331520795822144,9.789259910583496,0.009427541866898537,20.95235824584961
4900.0,1.9577769041061401,9.54507827758789,0.009401476010680199,20.95235824584961
4901.5,1.933800220489502,9.50543212890625,0.009376183152198792,20.95235824584961
4903.0,1.956182599067688,9.414742469787598,0.009394540451467037,20.95235824584961
4904.5,1.8820708990097046,9.17663288116455,0.009279768913984299,20.952356338500977
4906.0,1.9975924491882324,9.55760669708252,0.009428535588085651,20.95235824584961
4907.5,1.951104998588562,9.605056762695312,0.009404356591403484,20.95235824584961
4909.0,1.9136273860931396,9.560807228088379,0.00926041416823864,20.95235824584961
4910.5,1.9271119832992554,9.568625450134277,0.009261352010071278,20.952356338500977
4912.0,1.924708604812622,9.347318649291992,0.00925491563975811,20.952356338500977
4913.5,1.8510452508926392,9.092057228088379,0.009121352806687355,20.952354431152344
4915.0,1.8622870445251465,9.404176712036133,0.009077890776097775,20.952356338500977
4916.5,1.8047308921813965,9.049522399902344,0.009013538248836994,20.952356338500977
4918.0,1.8415403366088867,8.89400577545166,0.009045570157468319,20.952356338500977
4919.5,1.8547136783599854,9.141942024230957,0.009077438153326511,20.952354431152344
4921.0,1.8518065214157104,9.102468490600586,0.009008469060063362,20.95235252380371
4922.5,1.8224167823791504,9.0309419631958,0.008981929160654545,20.95235252380371
4924.0,1.8645350933074951,9.354500770568848,0.009102663956582546,20.952356338500977
4925.5,1.8679780960083008,9.47372817993164,0.009153607301414013,20.952356338500977
4927.0,1.9084571599960327,9.17282772064209,0.009173995815217495,20.952356338500977
4928.5,1.8999193906784058,9.563594818115234,0.009248853661119938,20.952356338500977
4930.0,1.9636685848236084,9.734688758850098,0.009461500681936741,20.952356338500977
4931.5,1.9909554719924927,10.05274772644043,0.009550726041197777,20.95235824584961
4933.0,2.103257179260254,10.218347549438477,0.009622866287827492,20.95235824584961
4934.5,2.0826940536499023,10.0784273147583,0.00954892672598362,20.952356338500977
4936.0,2.091580390930176,10.070669174194336,0.009539528749883175,20.952356338500977
4937.5,2.0358166694641113,10.00550651550293,0.00944976881146431,20.952356338500977
4939.0,2.0401690006256104,10.114110946655273,0.009467008523643017,20.95235824584961
4940.5,1.9830005168914795,9.627229690551758,0.009332331828773022,20.952356338500977
4942.0,1.9684213399887085,9.544909477233887,0.009308365173637867,20.952356338500977
4943.5,1.8947196006774902,9.367422103881836,0.009195813909173012,20.952356338500977
4945.0,1.8384087085723877,9.19134521484375,0.009062265045940876,20.952356338500977
4946.5,1.8666057586669922,9.123547554016113,0.009116344153881073,20.952356338500977
4948.0,1.9124088287353516,9.565174102783203,0.009189541451632977,20.952356338500977
4949.5,1.9565824270248413,9.822576522827148,0.009263950400054455,20.952356338500977
4951.0,1.961307406425476,9.695796966552734,0.009324001148343086,20.952356338500977
4952.5,1.9508250951766968,9.407247543334961,0.009279817342758179,20.952356338500977
4954.0,1.9638385772705078,9.539952278137207,0.009378267452120781,20.95235824584961
4955.5,2.0173325538635254,9.944585800170898,0.009424923919141293,20.95235824584961
4957.0,1.956802248954773,9.758675575256348,0.009288507513701916,20.952356338500977
4958.5,2.051375389099121,10.422067642211914,0.00937669537961483,20.952356338500977
4960.0,2.073925018310547,11.56351089477539,0.009478233754634857,20.95235824584961
4961.5,2.1267378330230713,11.11029052734375,0.009563769213855267,20.95235824584961
4963.0,2.0251877307891846,10.120563507080078,0.00939619354903698,20.952356338500977
4964.5,2.037655830383301,10.29515266418457,0.00936969555914402,20.95235824584961
4966.0,1.9926198720932007,10.031049728393555,0.009349607862532139,20.95235824584961
4967.5,1.995603084564209,10.144729614257812,0.009321454912424088,20.95235824584961
4969.0,1.9702297449111938,9.634441375732422,0.00930282287299633,20.95235824584961
4970.5,1.9698349237442017,9.774293899536133,0.009263628162443638,20.95235824584961
4972.0,1.9494754076004028,9.617794036865234,0.009278376586735249,20.95235824584961
4973.5,1.9806556701660156,9.843404769897461,0.009347261860966682,20.95235824584961
4975.0,1.9767305850982666,9.545882225036621,0.009394294582307339,20.95235824584961
4976.5,1.9555786848068237,9.760467529296875,0.009304682724177837,20.95235824584961
4978.0,1.9193801879882812,9.868043899536133,0.009219490922987461,20.95235824584961
4979.5,1.8950856924057007,9.495295524597168,0.009182275272905827,20.95235824584961
4981.0,1.8814241886138916,9.246414184570312,0.009182387962937355,20.95235824584961
4982.5,1.8117215633392334,8.95743465423584,0.009050956927239895,20.95235824584961
4984.0,1.8883200883865356,9.255733489990234,0.009180242195725441,20.95235824584961
4985.5,2.0165741443634033,9.810306549072266,0.00941456574946642,20.95235824584961
4987.0,1.986859917640686,9.867620468139648,0.009389976970851421,20.95235824584961
4988.5,1.9806050062179565,9.79608154296875,0.009355185553431511,20.97620964050293
4990.0,1.980604887008667,9.708332061767578,0.0093622375279665,20.976207733154297
4991.5,1.9961878061294556,9.803966522216797,0.009352362714707851,20.976207733154297
4993.0,2.023181438446045,10.162343978881836,0.009394542314112186,20.976207733154297
4994.5,2.0328357219696045,10.237715721130371,0.009387110359966755,20.976207733154297
4996.0,2.0484094619750977,10.097150802612305,0.009377682581543922,20.976207733154297
4997.5,2.0565080642700195,9.914926528930664,0.00939862709492445,20.952356338500977
4999.0,1.9591624736785889,9.811145782470703,0.009219980798661709,20.952356338500977
5000.5,1.9705044031143188,9.770524024963379,0.009179651737213135,20.952356338500977
5002.0,1.9170026779174805,9.577402114868164,0.009062536060810089,20.952354431152344
5003.5,1.9350073337554932,9.271799087524414,0.009100781753659248,20.952354431152344
5005.0,1.948246717453003,9.669598579406738,0.009102674201130867,20.952356338500977
5006.5,1.9388558864593506,10.685351371765137,0.0091226976364851,20.952356338500977
5008.0,2.0622997283935547,13.97767162322998,0.009368262253701687,20.952362060546875
5009.5,2.10064697265625,13.094991683959961,0.009449195116758347,20.952360153198242
5011.0,2.0173966884613037,10.2870454788208,0.009275481104850769,20.952356338500977
5012.5,2.018691062927246,10.08637523651123,0.009221244603395462,20.952356338500977
5014.0,2.0247342586517334,10.184199333190918,0.009224317036569118,20.952354431152344
5015.5,2.0661725997924805,10.199047088623047,0.009299867786467075,20.952354431152344
5017.0,2.0725314617156982,9.801162719726562,0.009347861632704735,20.952354431152344
5018.5,2.0236878395080566,9.668939590454102,0.009239757433533669,20.952354431152344
5020.0,2.0303094387054443,9.843893051147461,0.009264742955565453,20.952354431152344
5021.5,2.0429904460906982,10.167505264282227,0.009270759299397469,20.952356338500977
5023.0,1.9652931690216064,9.550037384033203,0.009168451651930809,20.952354431152344
5024.5,1.9961955547332764,9.925239562988281,0.009179304353892803,20.952354431152344
5026.0,1.9741098880767822,9.543384552001953,0.009148454293608665,20.952354431152344
5027.5,1.997124195098877,9.807130813598633,0.009190667420625687,20.952354431152344
5029.0,1.9716933965682983,9.67055892944336,0.009153474122285843,20.952354431152344
5030.5,2.004711389541626,9.766112327575684,0.009218858554959297,20.952354431152344
5032.0,2.0204360485076904,9.7258939743042,0.009291638620197773,20.952356338500977
5033.5,2.0470950603485107,10.178743362426758,0.009341375902295113,20.952356338500977
5035.0,2.0915780067443848,9.972622871398926,0.009408156387507915,20.952356338500977
5036.5,2.069031238555908,10.169113159179688,0.009328643791377544,20.952354431152344
5038.0,2.0857954025268555,10.116146087646484,0.00931975431740284,20.952354431152344
5039.5,2.0755255222320557,9.825559616088867,0.009343522600829601,20.952354431152344
5041.0,2.050785779953003,9.746552467346191,0.009239052422344685,20.952354431152344
5042.5,1.993656873703003,9.766500473022461,0.00911471527069807,20.95235252380371
5044.0,1.9361704587936401,9.643157958984375,0.009000387974083424,20.952354431152344
5045.5,1.9657450914382935,9.516026496887207,0.00912430603057146,20.928476333618164
5047.0,1.9977370500564575,9.596979141235352,0.009189838543534279,20.928478240966797
5048.5,2.0000534057617188,9.629192352294922,0.009199789725244045,20.928476333618164
5050.0,1.9404494762420654,9.639737129211426,0.009107476100325584,20.928476333618164
5051.5,1.9880837202072144,9.585041046142578,0.009145563468337059,20.928476333618164
5053.0,2.014240264892578,9.714519500732422,0.009191964752972126,20.928476333618164
5054.5,1.9978889226913452,9.994884490966797,0.009139545261859894,20.928476333618164
5056.0,1.9671924114227295,9.840044975280762,0.009122704155743122,20.928478240966797
5057.5,1.9624027013778687,9.451986312866211,0.00914456695318222,20.928476333618164
5059.0,1.9489187002182007,9.60470199584961,0.009089380502700806,20.928478240966797
5060.5,1.9287261962890625,9.51437759399414,0.00908750481903553,20.928478240966797
5062.0,1.9517526626586914,9.93648910522461,0.009087740443646908,20.928478240966797
5063.5,1.90306556224823,9.567319869995117,0.009039679542183876,20.928478240966797
5065.0,1.959525227546692,9.941434860229492,0.009084229357540607,20.904573440551758
5066.5,1.9687690734863281,9.87808609008789,0.00912173930555582,20.904573440551758
5068.0,1.9812402725219727,9.680458068847656,0.009133690036833286,20.904573440551758
5069.5,1.9609605073928833,9.599468231201172,0.009092206135392189,20.904573440551758
5071.0,1.9213273525238037,9.744691848754883,0.009035229682922363,20.904573440551758
5072.5,1.9440702199935913,9.56825065612793,0.009081879630684853,20.904573440551758
5074.0,1.9254653453826904,9.274604797363281,0.008977259509265423,20.904573440551758
5075.5,1.8434053659439087,8.829204559326172,0.008819257840514183,20.904571533203125
5077.0,1.7886039018630981,8.409504890441895,0.008696258999407291,20.904571533203125
5078.5,1.7116751670837402,8.326921463012695,0.008517631329596043,20.928476333618164
5080.0,1.604511022567749,7.819208145141602,0.008294113911688328,20.904569625854492
5081.5,1.5306966304779053,7.427310943603516,0.008185850456357002,20.904569625854492
5083.0,1.4773555994033813,7.293791770935059,0.00811853539198637,20.904571533203125
5084.5,1.505786418914795,7.313281536102295,0.008263151161372662,20.904573440551758
5086.0,1.6356703042984009,8.194499969482422,0.008578157983720303,20.904573440551758
5087.5,1.788522481918335,8.770289421081543,0.008901968598365784,20.90457534790039
5089.0,1.8556127548217773,8.914796829223633,0.009051037952303886,20.90457534790039
5090.5,1.8136340379714966,8.900805473327637,0.008873282931745052,20.904573440551758
5092.0,1.7735908031463623,8.905467987060547,0.008726632222533226,20.904573440551758
5093.5,1.7720954418182373,8.90794563293457,0.0087520070374012,20.904573440551758
5095.0,1.7659902572631836,9.001578330993652,0.008704218082129955,20.904573440551758
5096.5,1.8493163585662842,9.219011306762695,0.008880803361535072,20.904573440551758
5098.0,1.892093539237976,9.116085052490234,0.008989694528281689,20.904573440551758
5099.5,1.92485773563385,9.219419479370117,0.009001570753753185,20.904573440551758
5101.0,1.9720101356506348,9.832490921020508,0.009096726775169373,20.904573440551758
5102.5,1.9479044675827026,9.530494689941406,0.009057355113327503,20.904573440551758
5104.0,1.9808684587478638,9.762557983398438,0.009044680744409561,20.904573440551758
5105.5,1.9004952907562256,9.317934036254883,0.008888988755643368,20.904573440551758
5107.0,1.8542101383209229,9.126726150512695,0.008795634843409061,20.904573440551758
5108.5,1.8764798641204834,9.171337127685547,0.008813242428004742,20.904571533203125
5110.0,1.813753604888916,8.922658920288086,0.008755470626056194,20.904571533203125
5111.5,1.8082239627838135,8.951908111572266,0.008737167343497276,20.904571533203125
5113.0,1.8432321548461914,8.807635307312012,0.0088499141857028,20.904571533203125
5114.5,1.8741084337234497,9.27389144897461,0.008910500444471836,20.904573440551758
5116.0,2.004016637802124,9.311275482177734,0.00913186278194189,20.904573440551758
5117.5,2.0552079677581787,9.997745513916016,0.009286601096391678,20.904573440551758
5119.0,2.1285970211029053,10.672719955444336,0.009349409490823746,20.90457534790039
5120.5,2.1165950298309326,10.432469367980957,0.009356261231005192,20.90457534790039
5122.0,2.0799784660339355,10.387035369873047,0.009277913719415665,20.904573440551758
5123.5,2.0268571376800537,10.07860279083252,0.00916097778826952,20.904573440551758
5125.0,2.01530385017395,9.853811264038086,0.00911902729421854,20.904571533203125
5126.5,2.0115673542022705,9.743906021118164,0.009141759015619755,20.904571533203125
5128.0,2.0068390369415283,9.973615646362305,0.00915456935763359,20.904571533203125
5129.5,2.0560247898101807,9.85107707977295,0.009272247552871704,20.904571533203125
5131.0,2.058446168899536,9.960807800292969,0.009262623265385628,20.904573440551758
5132.5,1.9514156579971313,9.646966934204102,0.00908908061683178,20.904573440551758
5134.0,1.9345622062683105,9.447525024414062,0.009077743627130985,20.904573440551758
5135.5,1.9530731439590454,9.607656478881836,0.009081861935555935,20.904573440551758
5137.0,2.048475980758667,9.862419128417969,0.009189779870212078,20.904573440551758
5138.5,2.0283122062683105,10.10464859008789,0.00917710829526186,20.904573440551758
5140.0,1.9571033716201782,9.610038757324219,0.00903613492846489,20.904573440551758
5141.5,1.867427945137024,9.184225082397461,0.00882359966635704,20.904573440551758
5143.0,1.7846602201461792,8.943870544433594,0.00874042883515358,20.904573440551758
5144.5,1.7594982385635376,8.729695320129395,0.008725658059120178,20.904573440551758
5146.0,1.8189538717269897,8.873967170715332,0.008940455503761768,20.904573440551758
5147.5,1.8737400770187378,9.184040069580078,0.009246163070201874,20.88064193725586
5149.0,1.9495733976364136,9.755437850952148,0.009534446522593498,20.88064193725586
5150.5,1.9796429872512817,9.75587272644043,0.00941312313079834,20.88064193725586
5152.0,2.0682125091552734,10.375508308410645,0.009213041514158249,20.880643844604492
5153.5,2.050023078918457,10.015472412109375,0.009194768965244293,20.904573440551758
5155.0,2.057612180709839,9.93740463256836,0.009244306944310665,20.90457534790039
5156.5,2.0392439365386963,9.756454467773438,0.00920107215642929,20.90457534790039
5158.0,1.9603161811828613,9.75613021850586,0.00905781053006649,20.90457534790039
5159.5,1.9692704677581787,9.730581283569336,0.009040722623467445,20.90457534790039
5161.0,1.9161328077316284,9.407402992248535,0.008942353539168835,20.904573440551758
5162.5,1.896764874458313,9.465248107910156,0.008879126980900764,20.904573440551758
5164.0,1.9042198657989502,9.320561408996582,0.008910758420825005,20.904573440551758
5165.5,1.91435706615448,9.323787689208984,0.008848050609230995,20.904573440551758
5167.0,1.9950649738311768,10.069710731506348,0.008989228866994381,20.904571533203125
5168.5,2.0415005683898926,10.153039932250977,0.00900662038475275,20.904569625854492
5170.0,2.092879295349121,10.163446426391602,0.009090137667953968,20.904569625854492
5171.5,2.098065137863159,10.05543327331543,0.009133727289736271,20.904571533203125
5173.0,2.1089560985565186,10.211637496948242,0.009114877320826054,20.904569625854492
5174.5,2.147547483444214,10.36773681640625,0.009171540848910809,20.92847442626953
5176.0,2.1439931392669678,10.488748550415039,0.009244786575436592,20.928476333618164
5177.5,2.0902206897735596,10.302005767822266,0.009151444770395756,20.928476333618164
5179.0,2.0196032524108887,10.083208084106445,0.009058688767254353,20.928476333618164
5180.5,1.9703316688537598,9.921525001525879,0.008950606919825077,20.928476333618164
5182.0,1.9396127462387085,9.527589797973633,0.00883039552718401,20.95235252380371
5183.5,1.861693263053894,9.298595428466797,0.008682826533913612,20.95235252380371
5185.0,1.961512565612793,9.647560119628906,0.008763360790908337,20.952350616455078
5186.5,1.9941619634628296,9.84982681274414,0.008885504677891731,20.9762020111084
5188.0,2.0248162746429443,9.919013977050781,0.009031478315591812,20.97620391845703
5189.5,2.0492730140686035,10.192459106445312,0.009144908748567104,20.976205825805664
5191.0,1.9777511358261108,10.0445556640625,0.009034529328346252,20.976205825805664
5192.5,1.947214126586914,9.721076011657715,0.00894109532237053,20.97620391845703
5194.0,1.9742891788482666,9.881166458129883,0.008920618332922459,20.97620391845703
5195.5,1.943591833114624,9.606809616088867,0.008909530937671661,20.97620391845703
5197.0,1.9910119771957397,9.803337097167969,0.008951522409915924,20.97620391845703
5198.5,2.0442795753479004,10.070934295654297,0.009172871708869934,20.976205825805664
5200.0,2.049121379852295,10.310786247253418,0.00926612876355648,20.976207733154297
5201.5,2.0590176582336426,10.163190841674805,0.009258092381060123,20.976207733154297
5203.0,2.0413193702697754,10.26395320892334,0.009227565489709377,20.976207733154297
5204.5,1.9605093002319336,9.82576847076416,0.009046494029462337,20.976207733154297
5206.0,1.861910104751587,9.216100692749023,0.008806010708212852,20.952354431152344
5207.5,1.7960599660873413,9.106035232543945,0.008598868735134602,20.95235252380371
5209.0,1.8148165941238403,9.349868774414062,0.008612978272140026,20.95235252380371
5210.5,1.7816271781921387,8.855117797851562,0.008624473586678505,20.95235252380371
5212.0,1.8385812044143677,9.19831371307373,0.008767367340624332,20.952354431152344
5213.5,1.9186878204345703,9.431476593017578,0.008902886882424355,20.952354431152344
5215.0,1.9425742626190186,9.464507102966309,0.008939339779317379,20.952354431152344
5216.5,1.9774502515792847,9.910369873046875,0.008958680555224419,20.952354431152344
5218.0,1.9745358228683472,9.842390060424805,0.008965522982180119,20.952354431152344
5219.5,1.9983240365982056,9.45930290222168,0.009052095003426075,20.952354431152344
5221.0,2.0001907348632812,9.486288070678711,0.00904566328972578,20.952354431152344
5222.5,2.017545700073242,9.873884201049805,0.00906948558986187,20.952354431152344
5224.0,1.9700326919555664,9.964826583862305,0.008953757584095001,20.952356338500977
5225.5,1.9393668174743652,9.708930015563965,0.008940382860600948,20.952356338500977
5227.0,1.9715676307678223,9.662836074829102,0.008946963585913181,20.952354431152344
5228.5,1.8475762605667114,9.095911026000977,0.008652095682919025,20.95235252380371
5230.0,1.8224377632141113,9.275590896606445,0.008519127033650875,20.95235252380371
5231.5,1.805382490158081,9.100662231445312,0.00856844149529934,20.952354431152344
5233.0,1.8253496885299683,9.250999450683594,0.008703024126589298,20.952356338500977
5234.5,1.8577399253845215,9.268316268920898,0.008686607703566551,20.952354431152344
5236.0,1.8687045574188232,9.371842384338379,0.008699553087353706,20.95235252380371
5237.5,1.8930487632751465,9.385669708251953,0.008768383413553238,20.952354431152344
5239.0,1.8576048612594604,9.448709487915039,0.008780290372669697,20.952356338500977
5240.5,1.8082448244094849,8.795144081115723,0.008790049701929092,20.95235824584961
5242.0,1.8042447566986084,8.626556396484375,0.008710854686796665,20.952354431152344
5243.5,1.7770264148712158,8.689455032348633,0.008572356775403023,20.952354431152344
5245.0,1.7336140871047974,8.828571319580078,0.008483019657433033,20.95235252380371
5246.5,1.813177466392517,8.799088478088379,0.008644986897706985,20.95235252380371
5248.0,1.825125813484192,8.786930084228516,0.00869420263916254,20.952354431152344
5249.5,1.8640190362930298,9.297002792358398,0.008740455843508244,20.952354431152344
5251.0,1.8668853044509888,9.248333930969238,0.008800569921731949,20.952354431152344
5252.5,1.8544753789901733,9.097740173339844,0.008754958398640156,20.952354431152344
5254.0,1.8456676006317139,9.131481170654297,0.008718517608940601,20.952354431152344
5255.5,1.9255472421646118,9.346027374267578,0.00889749638736248,20.952354431152344
5257.0,1.938051462173462,9.686317443847656,0.00902792252600193,20.952356338500977
5258.5,1.9730808734893799,9.785017013549805,0.009098813869059086,20.95235824584961
5260.0,1.964927077293396,9.732383728027344,0.009005382657051086,20.952356338500977
5261.5,1.9790817499160767,9.653707504272461,0.008989875204861164,20.952354431152344
5263.0,2.0824503898620605,10.071927070617676,0.009064514189958572,20.952354431152344
5264.5,1.9648237228393555,9.689691543579102,0.008845455944538116,20.928476333618164
5266.0,1.8399536609649658,9.044721603393555,0.00862179510295391,20.92847442626953
5267.5,1.8180015087127686,8.947736740112305,0.008507801219820976,20.92847442626953
5269.0,1.718544602394104,8.696829795837402,0.008391057141125202,20.92847442626953
5270.5,1.760225772857666,8.52970027923584,0.008452359586954117,20.92847442626953
5272.0,1.8109463453292847,8.934147834777832,0.008578568696975708,20.928476333618164
5273.5,1.9274652004241943,9.901198387145996,0.008790860883891582,20.928476333618164
5275.0,1.979596734046936,9.823260307312012,0.008952648378908634,20.928476333618164
5276.5,1.9956377744674683,9.790279388427734,0.008989100344479084,20.928478240966797
5278.0,1.9563493728637695,9.891201972961426,0.009025446139276028,20.92848014831543
5279.5,1.872747540473938,8.998769760131836,0.00879355426877737,20.928478240966797
5281.0,1.8504890203475952,9.233320236206055,0.008770743384957314,20.928478240966797
5282.5,1.9052984714508057,9.742733001708984,0.008783219382166862,20.928478240966797
5284.0,1.967160701751709,9.613015174865723,0.008929070085287094,20.904573440551758
5285.5,2.0447158813476562,10.102749824523926,0.00905552040785551,20.904573440551758
5287.0,2.0338330268859863,9.673135757446289,0.009081460535526276,20.904573440551758
5288.5,2.079468250274658,10.087149620056152,0.009208478964865208,20.904573440551758
5290.0,2.080052614212036,10.283296585083008,0.009185275994241238,20.904573440551758
5291.5,2.09386944770813,10.435705184936523,0.009232942014932632,20.90457534790039
5293.0,2.0363283157348633,9.823850631713867,0.009108769707381725,20.904573440551758
5294.5,1.974537968635559,9.878567695617676,0.00901300273835659,20.904573440551758
5296.0,1.900922417640686,9.281401634216309,0.008866957388818264,20.904573440551758
5297.5,1.946484923362732,9.634943008422852,0.00895788986235857,20.904573440551758
5299.0,1.973476767539978,10.006462097167969,0.0089840367436409,20.904573440551758
5300.5,1.9375683069229126,9.862442016601562,0.00895833969116211,20.92848014831543
5302.0,1.9092864990234375,9.54892349243164,0.008878185413777828,20.90457534790039
5303.5,1.9249459505081177,9.355907440185547,0.008919733576476574,20.904573440551758
5305.0,1.9249712228775024,9.605972290039062,0.00888201966881752,20.904573440551758
5306.5,1.9357401132583618,9.466959953308105,0.008953007869422436,20.904573440551758
5308.0,1.9319775104522705,9.482673645019531,0.008915886282920837,20.904573440551758
5309.5,1.8890496492385864,9.349409103393555,0.008837997913360596,20.904573440551758
5311.0,1.7579783201217651,9.148551940917969,0.008649067021906376,20.904573440551758
5312.5,1.8201075792312622,8.924529075622559,0.008722499012947083,20.904573440551758
5314.0,1.8480991125106812,9.378342628479004,0.008816252462565899,20.90457534790039
5315.5,1.8782079219818115,9.375295639038086,0.00887481402605772,20.90457534790039
5317.0,2.01025128364563,9.77793025970459,0.009048945270478725,20.904573440551758
5318.5,1.9921481609344482,9.720149993896484,0.00901028886437416,20.904573440551758
5320.0,1.9768650531768799,9.57691764831543,0.008982415311038494,20.904573440551758
5321.5,1.9975427389144897,10.029568672180176,0.009038795717060566,20.904573440551758
5323.0,1.9908990859985352,9.915005683898926,0.00905549805611372,20.90457534790039
5324.5,2.0300400257110596,9.857213973999023,0.00907957088202238,20.90457534790039
5326.0,2.056828498840332,9.841861724853516,0.009180188179016113,20.90457534790039
5327.5,1.984818935394287,9.76742172241211,0.00902816653251648,20.904573440551758
5329.0,1.9061229228973389,9.429266929626465,0.008788992650806904,20.904573440551758
5330.5,1.8776328563690186,9.380414962768555,0.008764293044805527,20.904573440551758
5332.0,1.8959966897964478,9.305669784545898,0.008858572691679,20.904573440551758
5333.5,1.8780241012573242,9.607929229736328,0.008826936595141888,20.90457534790039
5335.0,1.9192277193069458,9.765329360961914,0.008908196352422237,20.904573440551758
5336.5,1.9489014148712158,9.582117080688477,0.008921840228140354,20.904573440551758
5338.0,1.9249045848846436,9.557043075561523,0.008859691210091114,20.904573440551758
5339.5,1.8560174703598022,9.531657218933105,0.008748839609324932,20.904573440551758
5341.0,1.8107976913452148,9.268314361572266,0.008652878925204277,20.904573440551758
5342.5,1.8672505617141724,9.253362655639648,0.00875901523977518,20.904573440551758
5344.0,1.8828972578048706,9.343019485473633,0.008802216500043869,20.904573440551758
5345.5,1.9476984739303589,9.609851837158203,0.00893075205385685,20.90457534790039
5347.0,1.9911115169525146,9.809688568115234,0.008988725952804089,20.90457534790039
5348.5,2.029923677444458,9.894301414489746,0.009070566855370998,20.90457534790039
5350.0,2.006645917892456,10.169742584228516,0.009101774543523788,20.90457534790039
5351.5,2.034334897994995,9.96967887878418,0.009183572605252266,20.904577255249023
5353.0,1.9882853031158447,9.731868743896484,0.009106452576816082,20.90457534790039
5354.5,1.977513074874878,9.52039623260498,0.008991564624011517,20.904573440551758
5356.0,1.8505377769470215,9.589542388916016,0.00883019994944334,20.90457534790039
5357.5,1.8638529777526855,9.27717113494873,0.008862428367137909,20.90457534790039
5359.0,1.863762617111206,9.066776275634766,0.008850375190377235,20.90457534790039
5360.5,1.831787347793579,8.822659492492676,0.008740473538637161,20.904573440551758
5362.0,1.8047927618026733,8.936479568481445,0.008655807003378868,20.904573440551758
5363.5,1.8433620929718018,9.046928405761719,0.00869078654795885,20.904573440551758
5365.0,1.9142826795578003,8.996007919311523,0.008809367194771767,20.904573440551758
5366.5,1.942084789276123,9.502767562866211,0.008865034207701683,20.904573440551758
5368.0,1.9428149461746216,9.423378944396973,0.008849778212606907,20.904573440551758
5369.5,1.909189224243164,9.495139122009277,0.008801999501883984,20.904573440551758
5371.0,1.878085970878601,9.21108627319336,0.008753953501582146,20.904573440551758
5372.5,1.8466787338256836,9.262849807739258,0.008647667244076729,20.904573440551758
5374.0,1.8242323398590088,9.035476684570312,0.008671599440276623,20.904573440551758
5375.5,1.838915467262268,9.019667625427246,0.008692593313753605,20.904573440551758
5377.0,1.841481328010559,9.36606216430664,0.00874317716807127,20.904573440551758
5378.5,1.836469054222107,8.936352729797363,0.00874997302889824,20.904573440551758
5380.0,1.8865405321121216,9.044978141784668,0.008824755437672138,20.904573440551758
5381.5,1.8555432558059692,9.413787841796875,0.008741363883018494,20.904573440551758
5383.0,1.8735214471817017,9.254922866821289,0.00875468272715807,20.904573440551758
5384.5,1.8385761976242065,9.217037200927734,0.008684585802257061,20.904573440551758
5386.0,1.8531403541564941,9.20012378692627,0.008747865445911884,20.904573440551758
5387.5,1.8437618017196655,9.2410249710083,0.008727489970624447,20.904573440551758
5389.0,1.8341020345687866,9.279251098632812,0.008719118312001228,20.904573440551758
5390.5,1.9124526977539062,9.276754379272461,0.008825168944895267,20.904573440551758
5392.0,1.9609028100967407,9.85503101348877,0.008946198038756847,20.904573440551758
5393.5,1.964477777481079,9.78503131866455,0.00893665011972189,20.904573440551758
5395.0,1.9848928451538086,9.847192764282227,0.008974737487733364,20.904573440551758
5396.5,1.9577860832214355,9.654306411743164,0.008887426927685738,20.904573440551758
5398.0,1.816582441329956,8.92782974243164,0.008625815622508526,20.904573440551758
5399.5,1.7102878093719482,8.590749740600586,0.008401608094573021,20.904573440551758
5401.0,1.6229157447814941,8.11825180053711,0.008251585997641087,20.904573440551758
5402.5,1.4949402809143066,7.570713996887207,0.007999492809176445,20.904573440551758
5404.0,1.4456050395965576,7.331878662109375,0.007908349856734276,20.904571533203125
5405.5,1.4460482597351074,7.191125869750977,0.007854076102375984,20.904569625854492
5407.0,1.4581034183502197,7.066803932189941,0.007860744372010231,20.904571533203125
5408.5,1.5114185810089111,7.88520622253418,0.008012073114514351,20.904571533203125
5410.0,1.629069447517395,8.047800064086914,0.008227312937378883,20.904573440551758
5411.5,1.7442277669906616,8.618654251098633,0.008476491086184978,20.928478240966797
5413.0,1.8412871360778809,8.947797775268555,0.008712973445653915,20.928478240966797
5414.5,1.8172283172607422,9.018523216247559,0.008676420897245407,20.928478240966797
5416.0,1.77303147315979,9.01240062713623,0.008675570599734783,20.928478240966797
5417.5,1.6698521375656128,8.010846138000488,0.008460006676614285,20.928478240966797
5419.0,1.5310908555984497,7.750354290008545,0.008254594169557095,20.928478240966797
5420.5,1.5730029344558716,7.883190155029297,0.008300893008708954,20.928478240966797
5422.0,1.6801449060440063,8.652740478515625,0.008483502082526684,20.92848014831543
5423.5,1.8229663372039795,8.910402297973633,0.008755834773182869,20.92848014831543
5425.0,1.8806384801864624,9.252690315246582,0.008822598494589329,20.928478240966797
5426.5,1.8518964052200317,9.077527046203613,0.008797399699687958,20.92848014831543
5428.0,1.811275839805603,9.02640151977539,0.008728214539587498,20.92848014831543
5429.5,1.7524245977401733,9.008967399597168,0.008601168170571327,20.92848014831543
5431.0,1.8030105829238892,8.878657341003418,0.008689030073583126,20.928478240966797
5432.5,1.8592596054077148,9.350656509399414,0.008766332641243935,20.92848014831543
5434.0,1.9052865505218506,9.2448148727417,0.008883152157068253,20.92848014831543
5435.5,1.9643049240112305,9.527406692504883,0.008967429399490356,20.92848014831543
5437.0,1.9093679189682007,9.515226364135742,0.0089093754068017,20.92848014831543
5438.5,1.8864600658416748,9.697792053222656,0.008878674358129501,20.92848014831543
5440.0,1.8763456344604492,9.461799621582031,0.008889424614608288,20.92848014831543
5441.5,1.7772324085235596,8.972750663757324,0.008769094944000244,20.92848014831543
5443.0,1.6909085512161255,8.804024696350098,0.008604154922068119,20.92848014831543
5444.5,1.741246223449707,8.555989265441895,0.008696511387825012,20.92848014831543
5446.0,1.7586971521377563,8.713550567626953,0.008719253353774548,20.92848014831543
5447.5,1.8231855630874634,9.310935020446777,0.008807805366814137,20.92848014831543
5449.0,1.8941956758499146,9.229639053344727,0.008917911909520626,20.904577255249023
5450.5,1.8871068954467773,9.508918762207031,0.008892765268683434,20.904577255249023
5452.0,1.9538859128952026,9.565032958984375,0.009040968492627144,20.904577255249023
5453.5,1.9324744939804077,9.471145629882812,0.009004826657474041,20.904577255249023
5455.0,1.9987952709197998,9.782479286193848,0.009078850038349628,20.904577255249023
5456.5,1.9855340719223022,9.737853050231934,0.009058364666998386,20.90457534790039
5458.0,2.06583571434021,10.349926948547363,0.009193647652864456,20.904577255249023
5459.5,2.0161757469177246,10.282049179077148,0.009246883913874626,20.904579162597656
5461.0,1.933496356010437,10.085271835327148,0.009567512199282646,20.904590606689453
5462.5,1.8826253414154053,9.529277801513672,0.010300272144377232,20.904611587524414
5464.0,1.7863928079605103,8.585145950317383,0.009721938520669937,20.904598236083984
5465.5,1.765974760055542,8.99649429321289,0.009095442481338978,20.904584884643555
5467.0,1.88972806930542,9.556112289428711,0.008983433246612549,20.904579162597656
5468.5,1.9217324256896973,9.229717254638672,0.009014463983476162,20.904577255249023
5470.0,1.9253499507904053,9.495307922363281,0.008978242054581642,20.904577255249023
5471.5,1.9514729976654053,9.578695297241211,0.009028870612382889,20.904577255249023
5473.0,1.9458327293395996,9.595756530761719,0.00906522385776043,20.904577255249023
5474.5,2.0083274841308594,10.122215270996094,0.00908215343952179,20.904577255249023
5476.0,2.0095646381378174,9.658147811889648,0.009126151911914349,20.904577255249023
5477.5,2.062887191772461,9.954425811767578,0.009179893881082535,20.90457534790039
5479.0,2.0927820205688477,10.3727445602417,0.009219296276569366,20.904577255249023
5480.5,2.075813055038452,10.252238273620605,0.009189928881824017,20.904577255249023
5482.0,2.0395476818084717,10.014852523803711,0.00917490292340517,20.90457534790039
5483.5,2.0142335891723633,9.829696655273438,0.00915551744401455,20.904577255249023
5485.0,2.0033111572265625,9.654985427856445,0.00919353123754263,20.904577255249023
5486.5,1.9534457921981812,9.675285339355469,0.009101234376430511,20.904577255249023
5488.0,1.9309121370315552,9.497977256774902,0.009062699042260647,20.904577255249023
5489.5,1.9263293743133545,9.47555923461914,0.008973022922873497,20.90457534790039
5491.0,1.9117425680160522,9.608882904052734,0.008965923450887203,20.90457534790039
5492.5,1.9655911922454834,9.80118179321289,0.009049303829669952,20.95235824584961
5494.0,1.9600706100463867,9.828634262084961,0.009080754593014717,20.95235824584961
5495.5,2.0313565731048584,10.28198528289795,0.009141027927398682,20.95235824584961
5497.0,2.0684101581573486,9.84531021118164,0.009234856814146042,20.95235824584961
5498.5,2.0456881523132324,10.191144943237305,0.009181315079331398,20.95235824584961
5500.0,1.9942702054977417,9.956683158874512,0.009099585935473442,20.904577255249023
5501.5,1.8384196758270264,9.131036758422852,0.00885782204568386,20.904577255249023
5503.0,1.7702690362930298,8.589177131652832,0.008683884516358376,20.90457534790039
5504.5,1.7074326276779175,8.355052947998047,0.008615099824965,20.90457534790039
5506.0,1.705393671989441,8.284454345703125,0.008526325225830078,20.90457534790039
5507.5,1.668351411819458,8.32061767578125,0.008543645031750202,20.90457534790039
5509.0,1.708980679512024,8.542917251586914,0.008561703376471996,20.90457534790039
5510.5,1.725660800933838,8.42066478729248,0.008648798801004887,20.90457534790039
5512.0,1.802946925163269,8.649406433105469,0.008761699311435223,20.90457534790039
5513.5,1.8482513427734375,9.442432403564453,0.008862761780619621,20.904577255249023
5515.0,1.9540878534317017,9.589444160461426,0.009063689038157463,20.904577255249023
5516.5,2.0097978115081787,9.725072860717773,0.009194742888212204,20.904577255249023
5518.0,2.0198891162872314,9.986589431762695,0.009186920709908009,20.880645751953125
5519.5,1.9963064193725586,9.943987846374512,0.009151317179203033,20.880645751953125
5521.0,2.0234220027923584,9.964277267456055,0.009245868772268295,20.880645751953125
5522.5,2.031750440597534,9.849740982055664,0.009258151985704899,20.880645751953125
5524.0,1.9845941066741943,9.758574485778809,0.009199609979987144,20.880645751953125
5525.5,2.0333611965179443,10.060773849487305,0.009203264489769936,20.880645751953125
5527.0,2.127305269241333,10.14719009399414,0.009368924424052238,20.880645751953125
5528.5,2.1732778549194336,10.286977767944336,0.00944649986922741,20.880645751953125
5530.0,2.1529579162597656,10.4118070602417,0.009382995776832104,20.880643844604492
5531.5,2.1464295387268066,10.750356674194336,0.009350449778139591,20.880645751953125
5533.0,2.183443307876587,10.87479019165039,0.009429079480469227,20.856685638427734
5534.5,2.1492819786071777,10.681758880615234,0.009394734166562557,20.856685638427734
5536.0,2.0593788623809814,9.925155639648438,0.009264065884053707,20.856685638427734
5537.5,1.972566843032837,9.825803756713867,0.009091554209589958,20.856685638427734
5539.0,1.9485889673233032,10.018363952636719,0.009032982401549816,20.856687545776367
5540.5,1.97400963306427,9.836793899536133,0.009094269014894962,20.856687545776367
5542.0,1.971873164176941,9.568204879760742,0.009188461117446423,20.856687545776367
5543.5,2.0677270889282227,9.981130599975586,0.009359503164887428,20.856689453125
5545.0,2.143122673034668,10.615471839904785,0.009572585113346577,20.856691360473633
5546.5,2.124364137649536,10.371784210205078,0.00954454392194748,20.856691360473633
5548.0,2.1480801105499268,10.792620658874512,0.009532257914543152,20.856689453125
5549.5,2.2159879207611084,10.85787582397461,0.0095744077116251,20.880645751953125
5551.0,2.2434098720550537,10.901870727539062,0.009619374759495258,20.880647659301758
5552.5,2.2131524085998535,10.765314102172852,0.009540573693811893,20.880647659301758
5554.0,2.2070059776306152,10.632829666137695,0.009491216391324997,20.880645751953125
5555.5,2.125180244445801,10.509791374206543,0.00937319453805685,20.880645751953125
5557.0,2.1313998699188232,10.546089172363281,0.009321528486907482,20.880645751953125
5558.5,2.1168525218963623,10.232540130615234,0.00931417103856802,20.880645751953125
5560.0,2.1439168453216553,10.736223220825195,0.009389913640916348,20.880645751953125
5561.5,2.0945169925689697,10.392243385314941,0.009272661991417408,20.880645751953125
5563.0,2.048936605453491,10.022823333740234,0.00921368133276701,20.880645751953125
5564.5,2.0729806423187256,10.12774658203125,0.009340798482298851,20.88064956665039
5566.0,2.0154027938842773,9.825174331665039,0.009330332279205322,20.880651473999023
5567.5,1.9019969701766968,9.441768646240234,0.009036211296916008,20.880647659301758
5569.0,1.801679253578186,9.193978309631348,0.008787312544882298,20.880645751953125
5570.5,1.7976715564727783,9.109014511108398,0.008768617175519466,20.880645751953125
5572.0,1.8572957515716553,9.060802459716797,0.008887339383363724,20.880645751953125
5573.5,1.9496338367462158,9.584283828735352,0.009138264693319798,20.88064956665039
5575.0,2.08192777633667,9.9557523727417,0.009600669145584106,20.88065528869629
5576.5,1.9430128335952759,12.066789627075195,0.014287575148046017,20.88079261779785
5578.0,2.671773672103882,18.775545120239258,0.028722135350108147,20.881702423095703
5579.5,1.809868574142456,5.858039855957031,0.038093384355306625,20.882596969604492
5581.0,1.4125609397888184,3.4633164405822754,0.02463817223906517,20.88140869140625
5582.5,2.160585880279541,11.465227127075195,0.013027953915297985,20.88074493408203
5584.0,1.9729593992233276,9.629281044006348,0.009462657384574413,20.880653381347656
5585.5,2.01304030418396,10.03084945678711,0.00916228536516428,20.880645751953125
5587.0,2.0306954383850098,9.62791633605957,0.009218502789735794,20.880645751953125
5588.5,2.069760799407959,10.304484367370605,0.009254569187760353,20.880645751953125
5590.0,2.038022041320801,10.184438705444336,0.009301134385168552,20.88064956665039
5591.5,2.034639835357666,10.179926872253418,0.009329735301434994,20.88064956665039
5593.0,2.0434789657592773,10.269987106323242,0.009277919307351112,20.88064956665039
5594.5,2.1030755043029785,10.372418403625488,0.00931035727262497,20.880645751953125
5596.0,2.1709136962890625,10.736745834350586,0.009397171437740326,20.880645751953125
5597.5,2.1654953956604004,10.454828262329102,0.009425799362361431,20.880645751953125
5599.0,2.2217557430267334,10.693329811096191,0.009567184373736382,20.880647659301758
5600.5,2.239881753921509,10.67177963256836,0.00962082576006651,20.880647659301758
5602.0,2.2489728927612305,10.912870407104492,0.009575465694069862,20.880645751953125
5603.5,2.2100861072540283,10.862107276916504,0.009489002637565136,20.880645751953125
5605.0,2.1583149433135986,10.426118850708008,0.009452645666897297,20.880645751953125
5606.5,2.123575448989868,10.441917419433594,0.00957561656832695,20.880651473999023
5608.0,2.0821268558502197,9.923493385314941,0.009500090964138508,20.880651473999023
5609.5,2.06447434425354,10.403034210205078,0.009324450977146626,20.880647659301758
5611.0,2.060584783554077,10.082578659057617,0.009221707470715046,20.880647659301758
5612.5,2.0132367610931396,10.030128479003906,0.009197356179356575,20.880645751953125
5614.0,2.0011579990386963,9.68514633178711,0.009157412685453892,20.880645751953125
5615.5,1.9549946784973145,9.842367172241211,0.009041586890816689,20.880645751953125
5617.0,2.0357491970062256,9.856975555419922,0.009156005457043648,20.880645751953125
5618.5,2.0692532062530518,9.773984909057617,0.009277989156544209,20.880645751953125
5620.0,2.126725196838379,10.37375259399414,0.009454164654016495,20.880647659301758
5621.5,2.1500091552734375,10.667938232421875,0.009401398710906506,20.880645751953125
5623.0,2.1483724117279053,10.673455238342285,0.009431766346096992,20.880645751953125
5624.5,2.17475962638855,10.674539566040039,0.009556291624903679,20.88064956665039
5626.0,2.1429004669189453,10.069681167602539,0.009544610977172852,20.88064956665039
5627.5,2.107111930847168,10.304428100585938,0.009443561546504498,20.880647659301758
5629.0,2.105806350708008,10.41748046875,0.009313156828284264,20.880645751953125
5630.5,2.1150009632110596,10.462468147277832,0.00937892496585846,20.880645751953125
5632.0,2.1328787803649902,10.537919998168945,0.00941625889390707,20.880647659301758
5633.5,2.080080986022949,10.094762802124023,0.009328227490186691,20.880645751953125
5635.0,2.0793333053588867,10.135400772094727,0.009331357665359974,20.880645751953125
5636.5,2.044631004333496,10.097017288208008,0.009280389174818993,20.880645751953125
5638.0,2.0492093563079834,9.923091888427734,0.009226975962519646,20.880645751953125
5639.5,1.9833108186721802,9.956978797912598,0.009185123257339,20.880645751953125
5641.0,1.9831949472427368,9.76976490020752,0.00921720266342163,20.880647659301758
5642.5,2.000229835510254,9.519919395446777,0.0092397416010499,20.880647659301758
5644.0,2.014871597290039,9.69597053527832,0.009270615875720978,20.880645751953125
5645.5,2.0284440517425537,9.807052612304688,0.009265563450753689,20.880647659301758
5647.0,2.0001935958862305,9.871140480041504,0.00933383870869875,20.88064956665039
5648.5,2.013960123062134,9.711923599243164,0.009319412522017956,20.880647659301758
5650.0,1.9261713027954102,9.552392959594727,0.009073559194803238,20.880647659301758
5651.5,1.8831995725631714,9.294286727905273,0.009056082926690578,20.880645751953125
5653.0,1.9215160608291626,9.272867202758789,0.009137686342000961,20.880645751953125
5654.5,1.9237796068191528,9.515105247497559,0.009115150198340416,20.880647659301758
5656.0,1.9298709630966187,9.895946502685547,0.009106277488172054,20.880647659301758
5657.5,2.0133280754089355,9.686052322387695,0.009235803969204426,20.880647659301758
5659.0,2.0718300342559814,10.11269760131836,0.009291260503232479,20.880647659301758
5660.5,2.0768284797668457,10.26846981048584,0.009305443614721298,20.880645751953125
5662.0,2.133997678756714,10.30380630493164,0.009388811886310577,20.880647659301758
5663.5,2.0748043060302734,10.383707046508789,0.009360083378851414,20.880647659301758
5665.0,2.1425607204437256,10.354701042175293,0.009481358341872692,20.880647659301758
5666.5,2.1494815349578857,10.380548477172852,0.009558673948049545,20.88064956665039
5668.0,2.1354708671569824,10.51630973815918,0.009593499824404716,20.88064956665039
5669.5,2.1051218509674072,10.423287391662598,0.00952972937375307,20.880651473999023
5671.0,2.112553358078003,10.267675399780273,0.009611760266125202,20.880651473999023
5672.5,2.0841217041015625,10.349603652954102,0.00963294506072998,20.880653381347656
5674.0,2.0564825534820557,10.486899375915527,0.009611140936613083,20.880653381347656
5675.5,2.0922961235046387,10.371307373046875,0.009584454819560051,20.880651473999023
5677.0,2.0218937397003174,10.064374923706055,0.009425682947039604,20.880651473999023
5678.5,2.0205910205841064,9.873800277709961,0.009425023570656776,20.880651473999023
5680.0,1.9568995237350464,9.661592483520508,0.00931588839739561,20.880651473999023
5681.5,2.0068776607513428,9.898033142089844,0.009447435848414898,20.880653381347656
5683.0,2.0282044410705566,9.803108215332031,0.009572342969477177,20.880653381347656
5684.5,2.091963529586792,10.049687385559082,0.009776821359992027,20.880657196044922
5686.0,2.15311336517334,10.490753173828125,0.009976981207728386,20.880659103393555
5687.5,2.189091444015503,10.68612003326416,0.01002168282866478,20.880661010742188
5689.0,2.1805105209350586,10.90641975402832,0.010203775949776173,20.880664825439453
5690.5,2.193873643875122,10.415924072265625,0.010187915526330471,20.880664825439453
5692.0,2.108844518661499,10.272216796875,0.00997131783515215,20.88066291809082
5693.5,2.0709359645843506,10.111968040466309,0.009922652505338192,20.88066291809082
5695.0,2.023052453994751,10.026378631591797,0.009841390885412693,20.880664825439453
5696.5,2.028585433959961,10.003536224365234,0.009663218632340431,20.88065528869629
5962.0,2.008772373199463,9.89050579071045,0.00972078088670969,20.784658432006836
5963.5,2.0415778160095215,10.43366527557373,0.009831774048507214,20.78466033935547
5965.0,2.035332202911377,10.06592082977295,0.009727654978632927,20.784658432006836
5966.5,1.9906409978866577,9.767158508300781,0.009733432903885841,20.784658432006836
5968.0,1.9804383516311646,9.76565170288086,0.009723393246531487,20.784658432006836
5969.5,1.9892765283584595,9.662948608398438,0.00973136443644762,20.78466033935547
5971.0,1.9647612571716309,9.864700317382812,0.009790003299713135,20.7846622467041
5972.5,2.051222801208496,10.190031051635742,0.009972856380045414,20.784664154052734
5974.0,2.036496639251709,10.398409843444824,0.009859397076070309,20.7846622467041
5975.5,2.0946578979492188,10.347745895385742,0.009876460768282413,20.78466033935547
5977.0,2.1024181842803955,10.387775421142578,0.009967953898012638,20.78466033935547
5978.5,2.144590139389038,10.435737609863281,0.010193973779678345,20.784666061401367
5980.0,2.169321298599243,10.574853897094727,0.01020888239145279,20.78466796875
5981.5,2.209637403488159,10.588774681091309,0.010134339332580566,20.784666061401367
5983.0,2.1985416412353516,10.597299575805664,0.00994677934795618,20.7846622467041
5984.5,2.171612024307251,10.673755645751953,0.009961804375052452,20.784664154052734
5986.0,2.2120039463043213,10.940404891967773,0.009940548799932003,20.78466033935547
5987.5,2.193650484085083,10.8297700881958,0.009954889304935932,20.784658432006836
5989.0,2.14552640914917,10.589818000793457,0.00983169674873352,20.784658432006836
5990.5,2.1472463607788086,10.485544204711914,0.00987126026302576,20.784658432006836
5992.0,2.170297145843506,10.365865707397461,0.00985706690698862,20.784656524658203
5993.5,2.1406641006469727,10.657554626464844,0.009832700714468956,20.784658432006836
5995.0,2.183614492416382,10.731836318969727,0.009856969118118286,20.784658432006836
5996.5,2.2076303958892822,10.759469985961914,0.00992574542760849,20.784656524658203
5998.0,2.155320644378662,10.925142288208008,0.009779547341167927,20.784658432006836
5999.5,2.094672203063965,10.404233932495117,0.009822295047342777,20.784658432006836
6001.0,2.133890151977539,10.349056243896484,0.00992452260106802,20.78466033935547
6002.5,2.111534595489502,10.573709487915039,0.010425152257084846,20.808704376220703
6004.0,2.105541229248047,10.979583740234375,0.010374017991125584,20.808706283569336
6005.5,2.120518207550049,10.344660758972168,0.01047902088612318,20.80870819091797
6007.0,2.181065320968628,10.550992012023926,0.010687175206840038,20.784666061401367
6008.5,2.157134771347046,10.672507286071777,0.009804168716073036,20.784658432006836
6010.0,2.1264376640319824,10.475406646728516,0.00964768324047327,20.784656524658203
6011.5,2.1389808654785156,10.427762985229492,0.009683098644018173,20.784656524658203
6013.0,2.129430055618286,10.297106742858887,0.009695888496935368,20.78465461730957
6014.5,2.0662841796875,9.972982406616211,0.00956942792981863,20.78465461730957
6016.0,2.0501749515533447,9.91872787475586,0.009501330554485321,20.78465461730957
6017.5,2.0843052864074707,10.321523666381836,0.009572520852088928,20.76058578491211
6019.0,2.1665711402893066,10.465660095214844,0.009663611650466919,20.760583877563477
6020.5,2.147550582885742,10.509664535522461,0.009653661400079727,20.76058578491211
6022.0,2.105562210083008,10.554197311401367,0.009543013758957386,20.760583877563477
6023.5,2.062749147415161,10.28380012512207,0.009459976106882095,20.760583877563477
6025.0,2.0757992267608643,10.013740539550781,0.009474653750658035,20.760583877563477
6026.5,2.094627857208252,10.123693466186523,0.009512633085250854,20.760583877563477
6028.0,2.1555635929107666,10.599666595458984,0.009617874398827553,20.760583877563477
6029.5,2.149825096130371,10.404407501220703,0.009639058262109756,20.760583877563477
6031.0,2.1183319091796875,10.039163589477539,0.00962888915091753,20.760583877563477
6032.5,2.128809690475464,9.983619689941406,0.00956534780561924,20.760583877563477
6034.0,2.124311685562134,10.042813301086426,0.009632236324250698,20.760581970214844
6035.5,2.1893763542175293,10.437026977539062,0.009734570980072021,20.76058578491211
6037.0,2.2032670974731445,10.65130615234375,0.009743104688823223,20.76058578491211
6038.5,2.116018056869507,10.461637496948242,0.009596997871994972,20.760583877563477
6040.0,2.1546742916107178,10.332637786865234,0.009626658633351326,20.760581970214844
6041.5,2.149165630340576,10.13865852355957,0.0095676826313138,20.760581970214844
6043.0,2.0842344760894775,10.439789772033691,0.009459499269723892,20.760581970214844
6044.5,2.0135552883148193,9.820487976074219,0.009327980689704418,20.760581970214844
6046.0,1.9337838888168335,9.437803268432617,0.009203902445733547,20.76058006286621
6047.5,2.045083522796631,9.781112670898438,0.009340597316622734,20.76058006286621
6049.0,2.0559308528900146,9.90342903137207,0.009374422952532768,20.76058006286621
6050.5,2.0208070278167725,10.097243309020996,0.00930302869528532,20.760581970214844
6052.0,2.0154290199279785,10.29119873046875,0.00929450523108244,20.73648452758789
6053.5,2.14688777923584,10.242525100708008,0.00964052602648735,20.736482620239258
6055.0,2.1608529090881348,9.74077033996582,0.009660288691520691,20.736482620239258
6056.5,2.1140565872192383,10.166027069091797,0.00957934558391571,20.73648452758789
6058.0,2.1608808040618896,10.534601211547852,0.009466445073485374,20.73648452758789
6059.5,2.0946977138519287,10.128244400024414,0.009382504038512707,20.736482620239258
6061.0,2.096484422683716,10.113777160644531,0.009392116218805313,20.736482620239258
6062.5,2.171882390975952,10.356653213500977,0.009480106644332409,20.736482620239258
6064.0,2.1473562717437744,10.51822566986084,0.009481677785515785,20.73648452758789
6065.5,2.1431467533111572,10.553086280822754,0.009431874379515648,20.736486434936523
6067.0,2.136873483657837,10.301229476928711,0.009406015276908875,20.736486434936523
6068.5,2.113845109939575,10.355655670166016,0.009385229088366032,20.736486434936523
6070.0,2.152780771255493,10.07994556427002,0.00945423636585474,20.736488342285156
6071.5,2.130593776702881,10.437490463256836,0.009449126198887825,20.73648452758789
6073.0,2.1597235202789307,11.063610076904297,0.009476510807871819,20.736482620239258
6074.5,2.173859119415283,10.544038772583008,0.009459014981985092,20.736482620239258
6076.0,2.177206516265869,10.69879150390625,0.009508640505373478,20.736482620239258
6077.5,2.1966288089752197,10.520271301269531,0.00958514679223299,20.736482620239258
6079.0,2.1353068351745605,10.234575271606445,0.009511723183095455,20.736480712890625
6080.5,2.121640205383301,10.459671974182129,0.009420476853847504,20.736480712890625
6082.0,2.110258102416992,10.136714935302734,0.009453964419662952,20.736480712890625
6083.5,2.151822328567505,10.2431058883667,0.009391616098582745,20.736480712890625
6085.0,2.1173760890960693,10.185134887695312,0.009283332154154778,20.736480712890625
6086.5,2.1201512813568115,10.315274238586426,0.009284849278628826,20.736480712890625
6088.0,2.1371712684631348,10.19670295715332,0.009305651299655437,20.736480712890625
6089.5,2.1469388008117676,10.130830764770508,0.009373888373374939,20.736480712890625
6091.0,2.1305837631225586,10.496553421020508,0.009310165420174599,20.736482620239258
6092.5,2.1608054637908936,10.613459587097168,0.009387980215251446,20.736480712890625
6094.0,2.172703742980957,10.411014556884766,0.009356748312711716,20.736480712890625
6095.5,2.178791046142578,10.611845016479492,0.00942326057702303,20.736480712890625
6097.0,2.2275078296661377,10.945173263549805,0.00952058844268322,20.736482620239258
6098.5,2.2161176204681396,10.473567962646484,0.009522119536995888,20.736482620239258
6100.0,2.1350438594818115,10.310388565063477,0.00939975306391716,20.784650802612305
6101.5,2.1552913188934326,10.452077865600586,0.009419568814337254,20.784650802612305
6103.0,2.156857490539551,10.262823104858398,0.00937095656991005,20.784648895263672
6104.5,2.1596548557281494,10.497138977050781,0.009392977692186832,20.784650802612305
6106.0,2.2401113510131836,10.789989471435547,0.009472878649830818,20.736482620239258
6107.5,2.1515142917633057,10.401391983032227,0.009405985474586487,20.736482620239258
6109.0,2.1186776161193848,10.356880187988281,0.009345520287752151,20.736482620239258
6110.5,2.1325018405914307,10.418668746948242,0.009513160213828087,20.73648452758789
6112.0,2.1094486713409424,10.092937469482422,0.009535536170005798,20.73648452758789
6113.5,2.1536529064178467,10.705015182495117,0.009608333930373192,20.736486434936523
6115.0,2.160554885864258,10.545494079589844,0.00954216904938221,20.736486434936523
6116.5,2.139460325241089,10.05528450012207,0.00947472732514143,20.736486434936523
6118.0,2.117370367050171,10.353262901306152,0.009319564327597618,20.73648452758789
6119.5,2.0642788410186768,9.885890007019043,0.009234320372343063,20.736482620239258
6121.0,2.075070381164551,9.768515586853027,0.009165909141302109,20.736480712890625
6122.5,2.004573106765747,9.883896827697754,0.009078063070774078,20.736480712890625
6124.0,2.011383295059204,9.702520370483398,0.009046093560755253,20.736478805541992
6125.5,2.0704615116119385,9.605785369873047,0.009152757935225964,20.736478805541992
6127.0,2.073216438293457,9.751388549804688,0.00916132889688015,20.736478805541992
6128.5,2.0725178718566895,10.04788589477539,0.009118136018514633,20.736478805541992
6130.0,2.054352283477783,10.124706268310547,0.009051155298948288,20.736478805541992
6131.5,2.0876846313476562,9.973882675170898,0.009128019213676453,20.736478805541992
6133.0,2.069544553756714,10.088520050048828,0.009059951640665531,20.736478805541992
6134.5,2.0789201259613037,9.904996871948242,0.009091207757592201,20.736478805541992
6136.0,2.1345748901367188,10.156715393066406,0.009203632362186909,20.736480712890625
6137.5,2.1003730297088623,10.251900672912598,0.009135737083852291,20.736480712890625
6139.0,2.0941526889801025,9.88687515258789,0.009263084270060062,20.736482620239258
6140.5,2.143514633178711,10.335174560546875,0.009290995076298714,20.736482620239258
6142.0,2.1597907543182373,10.586945533752441,0.009324354119598866,20.736482620239258
6143.5,2.0590453147888184,9.684651374816895,0.009151707403361797,20.736480712890625
6145.0,2.1041364669799805,9.909361839294434,0.009231503121554852,20.736482620239258
6146.5,2.076849937438965,10.143321990966797,0.00923506636172533,20.73648452758789
6148.0,2.0526111125946045,9.859975814819336,0.009140484035015106,20.736482620239258
6149.5,2.072732448577881,9.874998092651367,0.009074118919670582,20.736478805541992
6151.0,2.0112087726593018,9.587778091430664,0.009042002260684967,20.736478805541992
6152.5,2.0062918663024902,9.882662773132324,0.008976902812719345,20.736480712890625
6154.0,2.0378551483154297,9.567740440368652,0.00920085608959198,20.736478805541992
6155.5,1.9152411222457886,9.104987144470215,0.00904510822147131,20.736478805541992
6157.0,1.7946217060089111,9.055625915527344,0.008870081044733524,20.73648452758789
6271.0,2.131169080734253,10.052655220031738,0.008914761245250702,20.736478805541992
6272.5,2.09238338470459,10.110212326049805,0.008810232393443584,20.73647689819336
6274.0,2.0974154472351074,10.139989852905273,0.008783683180809021,20.73647689819336
6275.5,2.1130754947662354,10.255685806274414,0.008820734918117523,20.736478805541992
6277.0,2.081266164779663,10.521698951721191,0.008840138092637062,20.736478805541992
6278.5,2.0059478282928467,10.029058456420898,0.008759282529354095,20.736478805541992
6280.0,2.008978843688965,9.532777786254883,0.008777320384979248,20.736478805541992
6281.5,2.0015223026275635,9.531156539916992,0.008688371628522873,20.73647689819336
6283.0,2.0528290271759033,9.72153091430664,0.008659310638904572,20.736474990844727
6284.5,2.0901124477386475,9.423553466796875,0.008749398402869701,20.736474990844727
6286.0,2.05466365814209,9.665787696838379,0.008804967626929283,20.73647689819336
6287.5,2.103065013885498,10.022214889526367,0.00903424434363842,20.736482620239258
6289.0,2.1178219318389893,9.986282348632812,0.009495093487203121,20.736494064331055
6290.5,2.0867631435394287,10.140726089477539,0.009452552534639835,20.736494064331055
6292.0,2.0547120571136475,9.897733688354492,0.009007054381072521,20.736482620239258
6293.5,2.040112018585205,9.605003356933594,0.008633224293589592,20.736474990844727
6295.0,2.025869131088257,9.592456817626953,0.008607468567788601,20.736474990844727
6296.5,2.0468175411224365,9.654850006103516,0.00866171345114708,20.73647689819336
6298.0,2.0652921199798584,9.513283729553223,0.008843610994517803,20.736480712890625
6299.5,2.002307176589966,9.115777015686035,0.010250024497509003,20.736509323120117
6301.0,2.127445697784424,9.71268081665039,0.013792509213089943,20.73661994934082
6302.5,2.189394474029541,11.35552978515625,0.015981344506144524,20.73670768737793
6304.0,2.2105839252471924,12.336522102355957,0.014385160990059376,20.736635208129883
6305.5,2.1693966388702393,9.203849792480469,0.011197916232049465,20.73651885986328
6307.0,2.179187774658203,8.999702453613281,0.010129638947546482,20.736492156982422
6308.5,2.2158851623535156,10.408997535705566,0.010532405227422714,20.73650360107422
6310.0,2.1748852729797363,10.566731452941895,0.010508163832128048,20.73650550842285
6311.5,2.156589984893799,10.296213150024414,0.00969688780605793,20.736488342285156
6313.0,2.1179862022399902,9.331035614013672,0.009305642917752266,20.73647689819336
6314.5,2.1196200847625732,9.84420394897461,0.009179020300507545,20.736474990844727
6316.0,2.093752861022949,9.858367919921875,0.00909351371228695,20.736474990844727
6317.5,2.073133707046509,9.874166488647461,0.009019730612635612,20.73647689819336
6319.0,2.1301727294921875,10.492227554321289,0.008986902423202991,20.736474990844727
6320.5,2.1384387016296387,10.199291229248047,0.00895984098315239,20.736474990844727
6322.0,2.152334451675415,10.31557846069336,0.00903287809342146,20.736478805541992
6323.5,2.1542937755584717,10.302082061767578,0.009157605469226837,20.736482620239258
6325.0,2.1322216987609863,10.565404891967773,0.008999431505799294,20.736480712890625
6326.5,2.186410665512085,10.560354232788086,0.008877734653651714,20.736474990844727
6328.0,2.1781165599823,10.24412727355957,0.008745551109313965,20.736473083496094
6329.5,2.0806479454040527,9.587430953979492,0.008985436521470547,20.736480712890625
6331.0,2.10223650932312,10.17547607421875,0.009573778137564659,20.736492156982422
6332.5,2.1531739234924316,11.161935806274414,0.009487800300121307,20.736492156982422
6334.0,2.1544783115386963,10.65568733215332,0.00907573476433754,20.736482620239258
6335.5,2.1171975135803223,9.929094314575195,0.0086808567866683,20.736473083496094
6337.0,2.1119329929351807,9.740556716918945,0.008551127277314663,20.73647117614746
6338.5,2.1214728355407715,10.033052444458008,0.00851442664861679,20.73647117614746
6340.0,2.088789463043213,10.129045486450195,0.008472464978694916,20.73647117614746
6341.5,2.1111857891082764,9.962879180908203,0.0084830978885293,20.73647117614746
6343.0,2.1011033058166504,9.864447593688965,0.00844833254814148,20.73647117614746
6344.5,2.1062543392181396,9.904547691345215,0.008437792770564556,20.73647117614746
6346.0,2.1577587127685547,10.2955322265625,0.008527368307113647,20.73647117614746
6347.5,2.15667724609375,10.204251289367676,0.00852630753070116,20.73647117614746
6349.0,2.1742324829101562,10.270136833190918,0.008634618483483791,20.736473083496094
6350.5,2.1745333671569824,10.39276123046875,0.008738787844777107,20.736474990844727
6352.0,2.1983346939086914,10.166080474853516,0.008726239204406738,20.736474990844727
6353.5,2.16569447517395,10.363947868347168,0.008487588725984097,20.73647117614746
6355.0,2.0851247310638428,9.710693359375,0.008320952765643597,20.73647117614746
6356.5,2.077143430709839,9.956083297729492,0.008481301367282867,20.736474990844727
6358.0,2.070054769515991,10.2756929397583,0.00874074175953865,20.736482620239258
6359.5,2.0845398902893066,10.056254386901855,0.008680730126798153,20.736480712890625
6361.0,2.1072328090667725,10.19803237915039,0.008572587743401527,20.73647689819336
6362.5,2.1067633628845215,9.620406150817871,0.008608827367424965,20.73647689819336
6364.0,2.079207181930542,9.22883415222168,0.009185878559947014,20.73649024963379
6365.5,2.07409405708313,10.161396026611328,0.010117889381945133,20.736515045166016
6367.0,2.076873302459717,10.932099342346191,0.010105326771736145,20.736515045166016
6368.5,2.1055169105529785,9.914308547973633,0.009003806859254837,20.73648452758789
6370.0,2.070690393447876,9.59698486328125,0.00822504237294197,20.736469268798828
6371.5,2.092172384262085,10.145159721374512,0.008158959448337555,20.736467361450195
6373.0,2.1771018505096436,10.012544631958008,0.008217222057282925,20.736467361450195
6374.5,2.1041805744171143,10.109354019165039,0.008125812746584415,20.736467361450195
6376.0,2.083042860031128,10.040760040283203,0.008092320524156094,20.736467361450195
6377.5,2.053424596786499,9.787538528442383,0.00803871639072895,20.736467361450195
6379.0,1.9913530349731445,9.74853801727295,0.007975870743393898,20.736467361450195
6380.5,2.02290678024292,9.551353454589844,0.008097628131508827,20.736469268798828
6382.0,2.0108859539031982,9.613689422607422,0.008118104189634323,20.73647117614746
6383.5,2.0717241764068604,9.89340591430664,0.00813367124646902,20.736469268798828
6385.0,2.0971639156341553,9.713664054870605,0.008087319321930408,20.736467361450195
6386.5,2.0669846534729004,9.847758293151855,0.008135121315717697,20.73647117614746
6388.0,2.0905840396881104,10.104955673217773,0.008313929662108421,20.736473083496094
6389.5,2.139519214630127,10.50091552734375,0.008357695303857327,20.736473083496094
6391.0,2.109405040740967,10.6482515335083,0.008162926882505417,20.73647117614746
6392.5,2.1076905727386475,10.161877632141113,0.008041358552873135,20.736467361450195
6394.0,2.152519464492798,9.994819641113281,0.008068562485277653,20.736465454101562
6395.5,2.1033153533935547,9.964607238769531,0.00799039751291275,20.736467361450195
6397.0,2.0607800483703613,10.076601028442383,0.007903019897639751,20.736467361450195
6398.5,2.0536296367645264,9.889120101928711,0.007872657850384712,20.736467361450195
6400.0,1.9998646974563599,9.399096488952637,0.007776866666972637,20.736467361450195
6401.5,1.998518705368042,9.593347549438477,0.007764369715005159,20.736465454101562
6403.0,2.043337106704712,9.918567657470703,0.007832919247448444,20.736467361450195
6404.5,2.086458206176758,10.045807838439941,0.007862565107643604,20.736467361450195
6406.0,2.0521767139434814,9.647668838500977,0.007829321548342705,20.736465454101562
6407.5,2.041412830352783,9.848064422607422,0.007792910095304251,20.736465454101562
6409.0,2.0809826850891113,10.078989028930664,0.007842054590582848,20.76056480407715
6410.5,2.052414655685425,9.748300552368164,0.008091473020613194,20.80867576599121
6412.0,2.018947124481201,9.424276351928711,0.008076779544353485,20.856678009033203
6413.5,1.9914511442184448,9.317658424377441,0.00812111608684063,20.856678009033203
6415.0,1.9754127264022827,9.466506958007812,0.008173302747309208,20.856679916381836
6416.5,1.9715722799301147,9.529487609863281,0.00816086120903492,20.856679916381836
6418.0,1.9720834493637085,9.362650871276855,0.008103801868855953,20.784635543823242
6419.5,1.9834210872650146,9.41954231262207,0.008095361292362213,20.784635543823242
6421.0,2.074331045150757,9.675888061523438,0.008029530756175518,20.736467361450195
6422.5,2.0537118911743164,9.744848251342773,0.00801833439618349,20.736469268798828
6424.0,2.07560396194458,10.017586708068848,0.008092313073575497,20.736467361450195
6425.5,2.1193294525146484,10.104669570922852,0.008311129175126553,20.736465454101562
6427.0,2.148942470550537,10.157684326171875,0.008411523886024952,20.736465454101562
6428.5,2.0953991413116455,9.857412338256836,0.0082563366740942,20.736465454101562
6430.0,2.104762315750122,9.768829345703125,0.008425688371062279,20.736465454101562
6431.5,2.0454459190368652,9.489818572998047,0.008327572606503963,20.736465454101562
6433.0,2.0127060413360596,9.582270622253418,0.008083652704954147,20.736465454101562
6434.5,2.0684406757354736,9.640044212341309,0.008118708617985249,20.736465454101562
6436.0,2.0420761108398438,9.570348739624023,0.008134542964398861,20.736465454101562
6437.5,1.9798572063446045,9.532663345336914,0.00799736101180315,20.736465454101562
6439.0,1.97319757938385,9.358942031860352,0.007595615461468697,20.73646354675293
6440.5,1.911267638206482,9.093140602111816,0.007480229251086712,20.73646354675293
6442.0,1.8438934087753296,8.80759334564209,0.007411231752485037,20.73646354675293
6443.5,1.8252054452896118,8.771821975708008,0.00735953263938427,20.73646354675293
6445.0,1.907393455505371,9.088033676147461,0.007449689786881208,20.73646354675293
6446.5,1.8929377794265747,8.910757064819336,0.0074602398090064526,20.73646354675293
6448.0,1.9289630651474,9.313605308532715,0.007455561310052872,20.73646354675293
6449.5,1.9166736602783203,9.215461730957031,0.0074860877357423306,20.73646354675293
6451.0,1.9462060928344727,8.874967575073242,0.0075310650281608105,20.73646354675293
6452.5,2.0229482650756836,9.38303279876709,0.007671082857996225,20.73646354675293
6454.0,1.9953703880310059,9.71905517578125,0.007657981477677822,20.736465454101562
6455.5,1.9409109354019165,9.496515274047852,0.007559416349977255,20.736465454101562
6457.0,1.9761985540390015,9.520864486694336,0.0075727803632617,20.73646354675293
6458.5,2.0399668216705322,9.612171173095703,0.007682459894567728,20.736465454101562
6460.0,1.998090147972107,9.597003936767578,0.007663649041205645,20.712339401245117
6461.5,2.006277322769165,9.606016159057617,0.007646976038813591,20.712339401245117
6463.0,2.04249906539917,9.56130313873291,0.007698334753513336,20.712337493896484
6464.5,2.042518138885498,9.697751998901367,0.00786659773439169,20.71234130859375
6466.0,2.0212290287017822,9.736106872558594,0.00805087573826313,20.760570526123047
6467.5,2.009080410003662,9.85690975189209,0.00814979337155819,20.760574340820312
6469.0,1.962881326675415,9.69361686706543,0.007915272377431393,20.76057243347168
6470.5,1.9368363618850708,9.502920150756836,0.007830238901078701,20.760570526123047
6472.0,1.8890697956085205,9.113569259643555,0.007798073347657919,20.760570526123047
6473.5,1.9228169918060303,9.509187698364258,0.00790470466017723,20.76057243347168
6475.0,1.9723823070526123,9.6754789352417,0.007781764026731253,20.76056671142578
6476.5,1.9943822622299194,9.515632629394531,0.00762685714289546,20.712339401245117
6478.0,2.0366034507751465,9.813570976257324,0.007632172200828791,20.712339401245117
6479.5,2.0546460151672363,9.602285385131836,0.007745740469545126,20.712339401245117
6481.0,2.0347647666931152,9.528604507446289,0.007744196802377701,20.712339401245117
6482.5,2.0177433490753174,9.606731414794922,0.007618083618581295,20.712337493896484
6484.0,1.9681979417800903,9.47412395477295,0.0074892244301736355,20.712337493896484
6485.5,2.0516204833984375,9.537434577941895,0.007642704993486404,20.712337493896484
6487.0,2.0870816707611084,9.86158561706543,0.007706842850893736,20.712337493896484
6488.5,2.0924925804138184,9.895764350891113,0.007746177259832621,20.760560989379883
6490.0,2.110689163208008,9.579235076904297,0.0076951030641794205,20.760560989379883
6491.5,2.075796127319336,9.679749488830566,0.007665298879146576,20.760560989379883
6493.0,1.9966565370559692,9.433355331420898,0.007484789937734604,20.760560989379883
6494.5,1.9613890647888184,9.111068725585938,0.0074558076448738575,20.760560989379883
6496.0,1.9515796899795532,9.145967483520508,0.007539554499089718,20.760562896728516
6497.5,1.9320793151855469,9.145456314086914,0.007645713165402412,20.76056480407715
6499.0,1.8631696701049805,9.034234046936035,0.007831871509552002,20.71234893798828
6500.5,1.9068540334701538,9.443204879760742,0.008224071003496647,20.712356567382812
6502.0,1.913097858428955,9.794590950012207,0.008178800344467163,20.71235466003418
6503.5,1.9276305437088013,9.322471618652344,0.007731546647846699,20.712345123291016
6505.0,1.9905613660812378,9.354002952575684,0.007583138532936573,20.712339401245117
6506.5,1.986832857131958,9.449830055236816,0.007691406644880772,20.71234130859375
6508.0,1.937081217765808,9.384435653686523,0.0076225632801651955,20.712343215942383
6509.5,1.9509694576263428,9.662544250488281,0.007484620437026024,20.712339401245117
6511.0,1.957865834236145,9.114748001098633,0.007324825972318649,20.71233558654785
6512.5,1.9183611869812012,8.837135314941406,0.007282601669430733,20.71233558654785
6514.0,1.911618947982788,9.063629150390625,0.007301342207938433,20.71233558654785
6515.5,1.901615023612976,9.02865219116211,0.007304160390049219,20.712337493896484
6517.0,1.8953431844711304,9.021026611328125,0.007337147369980812,20.712337493896484
6518.5,1.9309227466583252,9.396743774414062,0.007289979141205549,20.71233558654785
6520.0,1.946388602256775,9.471765518188477,0.0073089441284537315,20.71233558654785
6521.5,1.939537763595581,9.302511215209961,0.007267400156706572,20.71233558654785
6523.0,1.8952752351760864,9.105669021606445,0.0073736621998250484,20.712337493896484
6524.5,1.9151238203048706,9.28580093383789,0.007453508675098419,20.712339401245117
6526.0,1.9044910669326782,9.232696533203125,0.007432650774717331,20.712339401245117
6527.5,1.9118506908416748,8.96691608428955,0.007302056532353163,20.712337493896484
6529.0,1.8995516300201416,8.972160339355469,0.00721447030082345,20.71233558654785
6530.5,1.9114911556243896,9.086008071899414,0.007206695154309273,20.71233558654785
6532.0,1.9282217025756836,9.192699432373047,0.007283900864422321,20.712337493896484
6533.5,1.920485496520996,9.014337539672852,0.007611200679093599,20.712343215942383
6535.0,1.9351098537445068,9.704019546508789,0.007916719652712345,20.71234893798828
6536.5,1.9518271684646606,10.012397766113281,0.007806231267750263,20.71234703063965
6538.0,1.9231523275375366,9.17861557006836,0.007511588279157877,20.712339401245117
6539.5,1.8243004083633423,8.629344940185547,0.0071779596619307995,20.71233558654785
6541.0,1.8316479921340942,8.736655235290527,0.007175317499786615,20.71233558654785
6542.5,1.8792963027954102,8.90945816040039,0.007247325032949448,20.712337493896484
6544.0,1.876794695854187,8.584113121032715,0.007383958902209997,20.712337493896484
6545.5,1.8917208909988403,8.731839179992676,0.0075105223804712296,20.71234130859375
6547.0,1.9437646865844727,9.366643905639648,0.0075732870027422905,20.71234130859375
6548.5,1.9535000324249268,9.438467979431152,0.0074246348813176155,20.712339401245117
6550.0,1.944177508354187,9.55491828918457,0.007298595737665892,20.712337493896484
6551.5,1.970720648765564,9.640745162963867,0.00727859977632761,20.71233558654785
6553.0,1.9320926666259766,9.35432243347168,0.007347102276980877,20.712337493896484
6554.5,1.9583015441894531,9.259729385375977,0.00787409022450447,20.71234703063965
6556.0,2.022500991821289,9.99659538269043,0.008282706141471863,20.712356567382812
6557.5,2.0251903533935547,10.462179183959961,0.007924491539597511,20.71234703063965
6559.0,2.007035970687866,9.540133476257324,0.007469160482287407,20.712337493896484
6560.5,1.9861490726470947,9.275697708129883,0.0072560436092317104,20.71233558654785
6562.0,1.9794058799743652,9.788654327392578,0.007334601599723101,20.712337493896484
6563.5,2.032606601715088,11.563395500183105,0.007735739462077618,20.712345123291016
6565.0,2.0999221801757812,12.91201400756836,0.008097248151898384,20.712352752685547
6566.5,2.035694122314453,11.706262588500977,0.007871875539422035,20.71234893798828
6568.0,1.9722870588302612,9.837432861328125,0.0074433754198253155,20.712339401245117
6569.5,1.991104006767273,9.584539413452148,0.007503981236368418,20.712339401245117
6571.0,2.04362154006958,9.992977142333984,0.007771716918796301,20.71234130859375
6572.5,2.0412726402282715,9.879012107849121,0.0076679447665810585,20.712339401245117
6574.0,2.069730281829834,9.527936935424805,0.007588192354887724,20.712337493896484
6575.5,2.06990647315979,9.722953796386719,0.007525882683694363,20.712337493896484
6577.0,2.0120551586151123,9.605676651000977,0.007639213465154171,20.712339401245117
6578.5,2.0446791648864746,9.512904167175293,0.008055646903812885,20.71234703063965
6580.0,2.0342657566070557,10.000268936157227,0.008159241639077663,20.712350845336914
6581.5,1.9891443252563477,9.53801155090332,0.007690803147852421,20.712343215942383
6583.0,1.9960874319076538,9.584701538085938,0.007432555314153433,20.712337493896484
6584.5,2.022922992706299,10.580889701843262,0.007424348499625921,20.712339401245117
6586.0,1.9834147691726685,10.705081939697266,0.0074206767603755,20.712339401245117
6587.5,1.952113151550293,10.05853271484375,0.007225850597023964,20.712337493896484
6589.0,1.9671502113342285,9.4024658203125,0.00720790633931756,20.71233558654785
6590.5,1.991478443145752,9.30148696899414,0.007224685978144407,20.71233367919922
6592.0,1.9892956018447876,9.323600769042969,0.007211776450276375,20.71233558654785
6593.5,2.021749258041382,9.345880508422852,0.0073077683337032795,20.71233367919922
6595.0,2.0294809341430664,9.53864860534668,0.0072692628018558025,20.71233558654785
6596.5,2.005812883377075,9.464658737182617,0.007308792322874069,20.71233558654785
6598.0,1.9918231964111328,9.368612289428711,0.007396848872303963,20.712337493896484
6599.5,2.009571075439453,9.756767272949219,0.00741546181961894,20.712337493896484
6601.0,1.9797797203063965,9.457284927368164,0.007327743340283632,20.712337493896484
6602.5,1.9517213106155396,9.235895156860352,0.0071856435388326645,20.71233558654785
6604.0,1.9142532348632812,9.322259902954102,0.007253055926412344,20.712337493896484
6605.5,1.9389771223068237,9.431055068969727,0.007506524212658405,20.71234130859375
6607.0,1.9749506711959839,9.582282066345215,0.007604978047311306,20.712345123291016
6608.5,1.9566013813018799,9.642215728759766,0.007411190774291754,20.712339401245117
6610.0,1.9822971820831299,9.581533432006836,0.007246429566293955,20.712337493896484
6611.5,2.0046546459198,9.610448837280273,0.007244042120873928,20.71233558654785
6613.0,2.0275096893310547,9.622154235839844,0.00726225133985281,20.71233558654785
6614.5,2.035468578338623,9.597346305847168,0.007266154978424311,20.71233367919922
6616.0,2.0526833534240723,9.75450325012207,0.007309152744710445,20.71233558654785
6617.5,2.0731754302978516,9.723470687866211,0.0073013147339224815,20.71233367919922
6619.0,2.0562329292297363,9.696243286132812,0.0072955964133143425,20.71233367919922
6620.5,2.0081357955932617,9.756790161132812,0.007208854425698519,20.71233367919922
6622.0,1.9535939693450928,9.62879467010498,0.00712941586971283,20.71233367919922
6623.5,1.9455093145370483,9.237381935119629,0.007115731481462717,20.71233367919922
6625.0,1.9731202125549316,9.32516098022461,0.007155091967433691,20.71233367919922
6626.5,2.012526512145996,9.389728546142578,0.007226534187793732,20.71233367919922
6628.0,2.01096773147583,9.464190483093262,0.007319382391870022,20.71233558654785
6629.5,1.990630865097046,9.67568302154541,0.007310898974537849,20.71233558654785
6631.0,1.9650167226791382,9.528022766113281,0.007270399481058121,20.712337493896484
6632.5,1.9873020648956299,9.481426239013672,0.007258506491780281,20.736461639404297
6634.0,1.9890875816345215,9.527742385864258,0.007253437768667936,20.736461639404297
6635.5,2.0224545001983643,9.702995300292969,0.007404985837638378,20.73646354675293
6637.0,2.01908802986145,9.68880844116211,0.007390265818685293,20.73646354675293
6638.5,2.0446579456329346,9.857122421264648,0.007342948112636805,20.73646354675293
6640.0,2.0478317737579346,9.766887664794922,0.0072622839361429214,20.736461639404297
6641.5,2.025876045227051,9.522150039672852,0.00729774497449398,20.736461639404297
6643.0,2.0318477153778076,9.664009094238281,0.00729671586304903,20.736461639404297
6644.5,2.0056304931640625,9.655109405517578,0.007395387627184391,20.736459732055664
6646.0,1.987250566482544,9.252419471740723,0.007538153789937496,20.71233367919922
6647.5,1.9900786876678467,8.959179878234863,0.007510427851229906,20.71233367919922
6649.0,1.9222617149353027,9.088266372680664,0.007443227805197239,20.71233367919922
6650.5,1.9131492376327515,9.176795959472656,0.00737467547878623,20.71233367919922
6652.0,1.9100241661071777,9.066509246826172,0.0073167416267097,20.71233367919922
6653.5,1.903342843055725,9.229869842529297,0.007318428251892328,20.71233558654785
6655.0,1.9687345027923584,9.370519638061523,0.00713355140760541,20.71233558654785
6656.5,1.972854495048523,9.187224388122559,0.007108718156814575,20.71233367919922
6658.0,1.9893372058868408,9.415297508239746,0.007124136667698622,20.71233367919922
6659.5,2.015822172164917,9.684959411621094,0.007158446591347456,20.71233367919922
6661.0,2.026639699935913,9.75948715209961,0.00716824596747756,20.71233367919922
6662.5,2.05094313621521,9.612051010131836,0.0072529804892838,20.71233558654785
6664.0,2.0752112865448,9.73153305053711,0.007277787197381258,20.71233558654785
6665.5,2.0629661083221436,9.880212783813477,0.007266521453857422,20.688180923461914
6667.0,2.046783447265625,9.755544662475586,0.0072290487587451935,20.688180923461914
6668.5,2.045475482940674,9.604351043701172,0.007249676622450352,20.688180923461914
6670.0,2.020893096923828,9.662603378295898,0.007259345147758722,20.688180923461914
6671.5,2.0158751010894775,9.628498077392578,0.007188267540186644,20.688180923461914
6673.0,1.9957152605056763,9.637632369995117,0.007129159290343523,20.688180923461914
6674.5,2.002267599105835,9.786280632019043,0.007125347852706909,20.688180923461914
6676.0,2.0393831729888916,9.774492263793945,0.007158854976296425,20.688180923461914
6677.5,2.0692527294158936,9.84033489227295,0.007237688172608614,20.688180923461914
6679.0,2.0869433879852295,9.792436599731445,0.007227208465337753,20.688180923461914
6680.5,2.047351360321045,9.623191833496094,0.007199701387435198,20.688180923461914
6682.0,2.029893636703491,9.51250171661377,0.007149767596274614,20.688180923461914
6683.5,2.039412498474121,9.722957611083984,0.007158462889492512,20.688180923461914
6685.0,2.0271570682525635,9.755138397216797,0.007128193974494934,20.688180923461914
6686.5,2.019695520401001,9.506173133850098,0.007138040382415056,20.68817901611328
6688.0,1.9948076009750366,9.475288391113281,0.007114166393876076,20.68817901611328
6689.5,1.9927939176559448,9.518216133117676,0.007111600134521723,20.688180923461914
6691.0,2.026176929473877,9.52972412109375,0.007128550671041012,20.688180923461914
6692.5,1.9856382608413696,9.385526657104492,0.0070689404383301735,20.688180923461914
6694.0,1.9973483085632324,9.314528465270996,0.0070850239135324955,20.688180923461914
6695.5,2.0554616451263428,9.818830490112305,0.007140647154301405,20.688180923461914
6697.0,2.045910596847534,9.63238525390625,0.007143494673073292,20.688180923461914
6698.5,2.018529176712036,9.649147033691406,0.007107594516128302,20.688180923461914
6700.0,2.0220744609832764,10.02337646484375,0.00713057117536664,20.688180923461914
6701.5,2.024883270263672,9.61650276184082,0.007268383167684078,20.688180923461914
6703.0,2.0189476013183594,9.402423858642578,0.00724287424236536,20.688180923461914
6704.5,2.028203010559082,9.577608108520508,0.007301292847841978,20.688180923461914
6706.0,2.049987554550171,9.651601791381836,0.00737158814445138,20.688180923461914
6707.5,2.0219662189483643,9.639946937561035,0.007472986821085215,20.688180923461914
6709.0,1.920900821685791,9.460737228393555,0.007482397370040417,20.688180923461914
6710.5,1.9251261949539185,9.495299339294434,0.007458512671291828,20.688180923461914
6712.0,1.945288896560669,9.43736457824707,0.007482042536139488,20.688180923461914
6713.5,1.8985402584075928,9.195432662963867,0.007335700560361147,20.688180923461914
6715.0,1.8817758560180664,9.097837448120117,0.007236411329358816,20.688180923461914
6716.5,1.9311232566833496,9.632917404174805,0.007383973803371191,20.688180923461914
6718.0,1.9707227945327759,10.464284896850586,0.0074218083173036575,20.688182830810547
6719.5,2.033127784729004,10.56637954711914,0.00735405832529068,20.688182830810547
6721.0,2.0370543003082275,10.046485900878906,0.007142308168113232,20.688180923461914
6722.5,2.000718355178833,9.551656723022461,0.007054275833070278,20.68817901611328
6724.0,2.0111656188964844,9.466466903686523,0.00704985810443759,20.68817901611328
6725.5,2.0306122303009033,9.635966300964355,0.007065372075885534,20.68817901611328
6727.0,2.0237245559692383,9.560844421386719,0.007083066739141941,20.68817901611328
6728.5,1.986792802810669,9.312372207641602,0.006992763839662075,20.68817901611328
6730.0,2.0031216144561768,9.488265991210938,0.007039176300168037,20.68817901611328
6731.5,2.0506880283355713,9.929662704467773,0.007114536128938198,20.688180923461914
6733.0,2.0290260314941406,10.266515731811523,0.007121925707906485,20.688180923461914
6734.5,2.067061185836792,10.219146728515625,0.007127414457499981,20.688180923461914
6736.0,2.1023406982421875,9.953107833862305,0.00716703524813056,20.688180923461914
6737.5,2.0799405574798584,9.766791343688965,0.007092784158885479,20.68817901611328
6739.0,2.0603415966033936,9.712820053100586,0.007080578710883856,20.68817901611328
6740.5,2.0217831134796143,9.57666015625,0.007053424138575792,20.68817901611328
6742.0,2.0455055236816406,9.442365646362305,0.0070612565614283085,20.688180923461914
6743.5,1.9921841621398926,9.464795112609863,0.007022262085229158,20.68817901611328
6745.0,1.946616768836975,9.25849723815918,0.006935086101293564,20.68817901611328
6746.5,1.990438461303711,9.427172660827637,0.007113362196832895,20.688180923461914
6748.0,2.007840871810913,9.597406387329102,0.007221109699457884,20.68817901611328
6749.5,2.0160233974456787,9.472075462341309,0.007214926648885012,20.68817901611328
6751.0,2.0367438793182373,9.614405632019043,0.007214750163257122,20.68817901611328
6752.5,2.0580103397369385,9.631702423095703,0.007251474540680647,20.68817901611328
6754.0,2.02390456199646,9.334136962890625,0.0071900468319654465,20.68817901611328
6755.5,2.007054090499878,9.615262985229492,0.007086577359586954,20.68817901611328
6757.0,1.9874738454818726,9.865791320800781,0.006912535056471825,20.68817901611328
6758.5,1.9964998960494995,9.523886680603027,0.006948116235435009,20.68817901611328
6760.0,1.9909838438034058,9.683738708496094,0.0069133564829826355,20.68817901611328
6761.5,2.054521083831787,9.74121379852295,0.007007399573922157,20.68817901611328
6763.0,2.073557138442993,9.565179824829102,0.007031294982880354,20.68817901611328
6764.5,2.0109920501708984,9.564847946166992,0.006945590488612652,20.68817901611328
6766.0,2.0405921936035156,9.668642044067383,0.006973515264689922,20.68817901611328
6767.5,2.0557703971862793,9.842105865478516,0.006995391566306353,20.68817901611328
6769.0,2.072655439376831,9.830648422241211,0.007044076919555664,20.68817901611328
6770.5,2.070709466934204,9.862071990966797,0.007024351041764021,20.68817901611328
6772.0,2.017958641052246,9.571907043457031,0.006981280632317066,20.68817710876465
6773.5,2.041179895401001,9.689404487609863,0.006974741816520691,20.68817901611328
6775.0,2.0631802082061768,9.889209747314453,0.007009521592408419,20.68817901611328
6776.5,2.0576670169830322,9.817814826965332,0.006984008941799402,20.68817710876465
6778.0,2.0644466876983643,9.702818870544434,0.006995585281401873,20.68817901611328
6779.5,2.0337636470794678,9.75082015991211,0.006957025732845068,20.68817901611328
6781.0,2.0391595363616943,9.7053861618042,0.006967003457248211,20.68817901611328
6782.5,2.035860300064087,9.566431045532227,0.006937128491699696,20.68817901611328
6784.0,2.018646240234375,9.533496856689453,0.006929376162588596,20.66399574279785
6785.5,1.9841688871383667,9.538511276245117,0.0068631721660494804,20.66399574279785
6787.0,1.9582099914550781,9.37070083618164,0.006840170361101627,20.66399574279785
6788.5,1.897940754890442,8.98182487487793,0.0067678638733923435,20.66399574279785
6790.0,1.8488458395004272,9.028020858764648,0.006644110195338726,20.66399574279785
6791.5,1.8420281410217285,9.023975372314453,0.006682799197733402,20.66399574279785
6793.0,1.836621642112732,8.791866302490234,0.006657649762928486,20.66399383544922
6794.5,1.896357536315918,8.901001930236816,0.006726665887981653,20.66399574279785
6796.0,1.9566519260406494,9.236900329589844,0.006813769228756428,20.66399574279785
6797.5,2.0021603107452393,9.385519981384277,0.006871441844850779,20.66399574279785
6799.0,2.0152320861816406,9.260173797607422,0.006896214559674263,20.639785766601562
6800.5,2.000913381576538,9.349065780639648,0.006879335269331932,20.639785766601562
6802.0,2.028303384780884,9.805883407592773,0.006910052616149187,20.63978385925293
6803.5,2.0740127563476562,10.085321426391602,0.006956687197089195,20.639785766601562
6805.0,2.0783770084381104,9.732049942016602,0.006961309816688299,20.63978385925293
6806.5,2.0712342262268066,9.592679023742676,0.006949604954570532,20.63978385925293
6808.0,2.0767877101898193,9.679725646972656,0.00698069017380476,20.63978385925293
6809.5,2.0415737628936768,9.63334846496582,0.006884987466037273,20.63978385925293
6811.0,2.0152206420898438,9.470466613769531,0.006864883471280336,20.63978385925293
6812.5,2.0143754482269287,9.553020477294922,0.006855227518826723,20.63978385925293
6814.0,2.024385690689087,9.74134635925293,0.006853631231933832,20.63978385925293
6815.5,2.032851457595825,9.709940910339355,0.006885716691613197,20.63978385925293
6817.0,2.0387940406799316,9.539562225341797,0.006860075052827597,20.63978385925293
6818.5,2.046375274658203,9.56478214263916,0.006927697453647852,20.63978385925293
6820.0,2.0824098587036133,9.772018432617188,0.006963653024286032,20.63978385925293
6821.5,2.055870532989502,9.821090698242188,0.006931829731911421,20.63978385925293
6823.0,2.0472795963287354,9.68254280090332,0.006936834659427404,20.63978385925293
6824.5,2.0631699562072754,9.878155708312988,0.006926339119672775,20.63978385925293
6826.0,2.060116767883301,9.829950332641602,0.006945497822016478,20.639785766601562
6827.5,2.0602729320526123,9.587017059326172,0.00718318996950984,20.639789581298828
6829.0,2.0804333686828613,9.622161865234375,0.007639724295586348,20.63979721069336
6830.5,2.0758612155914307,10.237464904785156,0.008285914547741413,20.63981056213379
6832.0,2.0701911449432373,10.714420318603516,0.008453384041786194,20.639816284179688
6833.5,2.0839953422546387,9.954109191894531,0.008176872506737709,20.639808654785156
6835.0,2.0863025188446045,9.596151351928711,0.008147585205733776,20.639806747436523
6836.5,2.1033565998077393,10.250313758850098,0.008254090324044228,20.63981056213379
6838.0,2.094693660736084,10.762346267700195,0.007897647097706795,20.63980484008789
6839.5,2.0251941680908203,9.765863418579102,0.0071953474543988705,20.639789581298828
6841.0,1.9902665615081787,9.2394380569458,0.006911111995577812,20.639785766601562
6842.5,2.016486167907715,9.765421867370605,0.007043267600238323,20.639789581298828
6844.0,2.015404224395752,10.089595794677734,0.007179829757660627,20.63979148864746
6845.5,2.004390239715576,9.932903289794922,0.007116216234862804,20.639789581298828
6847.0,2.0341784954071045,9.822128295898438,0.006962963845580816,20.639785766601562
6848.5,2.0234971046447754,9.778263092041016,0.006815159693360329,20.63978385925293
6850.0,2.0130574703216553,9.94045352935791,0.006811666768044233,20.63978385925293
6851.5,2.0115342140197754,9.91752815246582,0.006866117939352989,20.639785766601562
6853.0,1.995093822479248,9.709064483642578,0.006846372503787279,20.639785766601562
6854.5,1.9697091579437256,9.44916820526123,0.0067917704582214355,20.63978385925293
6856.0,1.8800808191299438,8.936389923095703,0.006629763171076775,20.63978385925293
6857.5,1.8180351257324219,8.68039321899414,0.006556191947311163,20.63978385925293
6859.0,1.762809157371521,8.413883209228516,0.006412823218852282,20.63978385925293
6860.5,1.661947250366211,7.994770526885986,0.006313360296189785,20.63978385925293
6862.0,1.6215145587921143,7.5123372077941895,0.00631454074755311,20.63978385925293
6863.5,1.6676825284957886,7.137856483459473,0.006927960552275181,20.639793395996094
6865.0,1.7824885845184326,8.135499954223633,0.008217030204832554,20.639820098876953
6866.5,1.8803337812423706,10.266937255859375,0.008747528307139874,20.639833450317383
6868.0,1.9496617317199707,10.389091491699219,0.008493546396493912,20.639820098876953
6869.5,1.9283168315887451,8.912561416625977,0.007955529727041721,20.639801025390625
6871.0,1.9030773639678955,8.599359512329102,0.008074359968304634,20.63979721069336
6872.5,1.9152281284332275,8.912345886230469,0.008364714682102203,20.639802932739258
6874.0,1.9444109201431274,9.641725540161133,0.008306274190545082,20.639802932739258
6875.5,1.9391403198242188,9.498300552368164,0.007947484031319618,20.639795303344727
6877.0,1.9831569194793701,9.177440643310547,0.007641842123121023,20.639789581298828
6878.5,2.0464720726013184,9.618270874023438,0.0076316832564771175,20.639789581298828
6880.0,2.035597562789917,9.481501579284668,0.007431152276694775,20.639787673950195
6881.5,2.0396311283111572,9.410577774047852,0.007419227156788111,20.639789581298828
6883.0,2.0728659629821777,9.662635803222656,0.007402212359011173,20.63979148864746
6884.5,2.0655157566070557,9.671379089355469,0.007297899108380079,20.63979148864746
6886.0,2.022030830383301,9.562554359436035,0.007175590377300978,20.639787673950195
6887.5,2.0337066650390625,9.599300384521484,0.0071844118647277355,20.639787673950195
6889.0,2.0174057483673096,9.341919898986816,0.007392937317490578,20.639789581298828
6890.5,1.9495598077774048,9.211160659790039,0.007621530909091234,20.63979721069336
6892.0,1.9714229106903076,9.619146347045898,0.007759444415569305,20.639799118041992
6893.5,1.971672534942627,9.468130111694336,0.0075313625857234,20.639793395996094
6895.0,1.9485951662063599,9.032190322875977,0.007210214156657457,20.639789581298828
6896.5,1.9510939121246338,9.370386123657227,0.007134010549634695,20.639787673950195
6898.0,1.9455876350402832,9.584650039672852,0.007086289580911398,20.639787673950195
6899.5,2.00009822845459,9.42959976196289,0.007196665275841951,20.639789581298828
6901.0,1.9819543361663818,9.400521278381348,0.007264021784067154,20.63979148864746
6902.5,2.014371871948242,9.818143844604492,0.007631609681993723,20.63979721069336
6904.0,2.096383571624756,10.136957168579102,0.007773047778755426,20.639799118041992
6905.5,2.025012493133545,9.614744186401367,0.00734348502010107,20.63979148864746
6907.0,1.973350167274475,8.995233535766602,0.007041159085929394,20.639785766601562
6908.5,1.9772827625274658,9.217344284057617,0.00693092355504632,20.639785766601562
6910.0,1.9812394380569458,9.488637924194336,0.006890192162245512,20.61554527282715
6911.5,2.003685712814331,9.365363121032715,0.007019710727035999,20.61554718017578
6913.0,2.0238935947418213,9.434812545776367,0.007320375647395849,20.61555290222168
6914.5,2.039811134338379,10.223501205444336,0.0076438263058662415,20.61556053161621
6916.0,2.0373802185058594,10.482362747192383,0.007598862983286381,20.61556053161621
6917.5,2.0234341621398926,9.47610855102539,0.007206265348941088,20.615550994873047
6919.0,2.051617383956909,9.190967559814453,0.006921994034200907,20.61554527282715
6920.5,2.055722951889038,9.407258987426758,0.006937462370842695,20.61554527282715
6922.0,2.016636371612549,9.18526840209961,0.006937218829989433,20.61554718017578
6923.5,2.0065276622772217,9.465885162353516,0.007355249486863613,20.615556716918945
6925.0,2.0029144287109375,10.143098831176758,0.008037269115447998,20.615570068359375
6926.5,2.0413074493408203,10.155292510986328,0.008027545176446438,20.615570068359375
6928.0,2.01653790473938,9.379968643188477,0.007420768495649099,20.615556716918945
6929.5,1.9838957786560059,8.852069854736328,0.006870689801871777,20.61554718017578
6931.0,2.0074212551116943,9.213937759399414,0.006765403319150209,20.61554527282715
6932.5,1.987912654876709,9.326427459716797,0.006791260559111834,20.61554527282715
6934.0,1.9491411447525024,9.11408805847168,0.006681065075099468,20.61554527282715
6935.5,1.9633365869522095,9.170395851135254,0.006684126798063517,20.61554527282715
6937.0,2.0149381160736084,9.49161434173584,0.006772896740585566,20.61554527282715
6938.5,1.9711782932281494,9.425914764404297,0.006788142025470734,20.61554527282715
6940.0,1.9387967586517334,9.237214088439941,0.007097088731825352,20.615550994873047
6941.5,2.0100276470184326,9.730417251586914,0.007618340663611889,20.61556053161621
6943.0,2.016611337661743,10.023124694824219,0.00752490758895874,20.615558624267578
6944.5,2.018747329711914,9.521222114562988,0.0071647451259195805,20.615550994873047
6946.0,2.029905319213867,9.187461853027344,0.006806743331253529,20.61554527282715
6947.5,1.9808738231658936,9.132135391235352,0.006727952044457197,20.61554527282715
6949.0,1.9697651863098145,8.736091613769531,0.00708581879734993,20.615550994873047
6950.5,2.0121095180511475,9.329204559326172,0.008022835478186607,20.615568161010742
6952.0,2.0371856689453125,10.292240142822266,0.008397003635764122,20.615577697753906
6953.5,2.011291265487671,9.702169418334961,0.007576087489724159,20.61556053161621
6955.0,1.95711088180542,9.020915031433105,0.006823183503001928,20.61554718017578
6956.5,1.9806491136550903,9.282005310058594,0.0067227743566036224,20.61554527282715
6958.0,2.007019519805908,9.408634185791016,0.006792411673814058,20.61554527282715
6959.5,1.9762604236602783,9.346739768981934,0.006885448470711708,20.61554527282715
6961.0,1.9471906423568726,9.29533863067627,0.007066632620990276,20.61554527282715
6962.5,1.9207507371902466,9.240411758422852,0.007000111509114504,20.61554527282715
6964.0,1.9179130792617798,9.290480613708496,0.006908507086336613,20.61554527282715
6965.5,1.9144017696380615,9.256843566894531,0.006925424560904503,20.61554527282715
6967.0,1.912192702293396,9.111932754516602,0.0068936157040297985,20.61554527282715
6968.5,1.9117677211761475,8.920211791992188,0.006795039400458336,20.61554527282715
6970.0,1.9560751914978027,8.823707580566406,0.00682976795360446,20.61554718017578
6971.5,2.004411220550537,9.256341934204102,0.007162079215049744,20.615550994873047
6973.0,1.9877694845199585,9.700874328613281,0.007201647385954857,20.61555290222168
6974.5,1.9938926696777344,9.575569152832031,0.006887252442538738,20.615549087524414
6976.0,2.0156781673431396,9.29594898223877,0.006695844233036041,20.61554527282715
6977.5,1.9522608518600464,8.974468231201172,0.006708689499646425,20.61554527282715
6979.0,1.9547547101974487,9.225176811218262,0.007050690241158009,20.61555290222168
6980.5,1.9964540004730225,9.823907852172852,0.007535223383456469,20.615562438964844
6982.0,1.9819931983947754,9.845138549804688,0.007445792201906443,20.61556053161621
6983.5,1.9454909563064575,9.230206489562988,0.006917288526892662,20.615550994873047
6985.0,1.9458565711975098,8.995279312133789,0.006631728261709213,20.61554527282715
6986.5,1.992271065711975,9.396591186523438,0.006655287928879261,20.61554527282715
6988.0,1.984006404876709,9.366361618041992,0.0066518704406917095,20.61554527282715
6989.5,1.9568860530853271,9.185256004333496,0.00661555677652359,20.61554527282715
6991.0,1.970059871673584,9.249730110168457,0.0066079190000891685,20.591276168823242
6992.5,1.9934362173080444,9.247854232788086,0.006634349934756756,20.591276168823242
6994.0,1.9876595735549927,9.43266773223877,0.006612548604607582,20.591276168823242
6995.5,1.9695541858673096,9.298568725585938,0.006590407807379961,20.591276168823242
6997.0,1.9520018100738525,9.063895225524902,0.006582172121852636,20.591276168823242
6998.5,1.974928855895996,9.4708833694458,0.006606843322515488,20.591276168823242
7000.0,1.9348441362380981,9.51506233215332,0.006562459282577038,20.591276168823242
7001.5,1.9221545457839966,9.199161529541016,0.006545858923345804,20.591276168823242
7003.0,1.9479063749313354,9.103805541992188,0.006587715819478035,20.591276168823242
7004.5,1.945166826248169,9.169342041015625,0.0066911340691149235,20.591278076171875
7006.0,1.9514601230621338,9.516572952270508,0.006813509855419397,20.59128189086914
7007.5,1.932364821434021,9.556768417358398,0.0067268256098032,20.591279983520508
7009.0,1.9536755084991455,9.373701095581055,0.0066355327144265175,20.591278076171875
7010.5,1.9765782356262207,9.355709075927734,0.006626483052968979,20.591276168823242
7012.0,1.9439632892608643,9.243951797485352,0.006784209981560707,20.59128189086914
7013.5,1.9638786315917969,9.386423110961914,0.007043862249702215,20.591285705566406
7015.0,1.9882241487503052,9.369226455688477,0.006999585311859846,20.591283798217773
7016.5,1.9384949207305908,8.97463321685791,0.006673696916550398,20.591278076171875
7018.0,1.929367184638977,8.882128715515137,0.006473396439105272,20.591276168823242
7019.5,1.930781364440918,8.995924949645996,0.006444408092647791,20.591276168823242
7021.0,1.882225751876831,9.088561058044434,0.006392163690179586,20.591276168823242
7022.5,1.883168339729309,9.25027847290039,0.006421127822250128,20.591276168823242
7024.0,1.8785400390625,9.14786148071289,0.006402718368917704,20.59127426147461
7025.5,1.8798450231552124,9.210238456726074,0.006410065572708845,20.59127426147461
7027.0,1.899019718170166,9.021744728088379,0.006398644298315048,20.59127426147461
7028.5,1.9101811647415161,8.823184967041016,0.00645096879452467,20.591276168823242
7030.0,1.92332923412323,8.822461128234863,0.006442638114094734,20.591276168823242
7031.5,1.9245805740356445,9.117865562438965,0.006458738353103399,20.591276168823242
7033.0,1.955865740776062,9.361030578613281,0.006466213148087263,20.591276168823242
7034.5,1.9364039897918701,9.266216278076172,0.006475713569670916,20.591276168823242
7036.0,1.9419208765029907,9.301712036132812,0.006456646602600813,20.591276168823242
7037.5,1.9747071266174316,9.279722213745117,0.0064903185702860355,20.591276168823242
7039.0,1.938493013381958,9.140381813049316,0.00643373467028141,20.59127426147461
7040.5,1.9267947673797607,9.104912757873535,0.0064504723995924,20.59127426147461
7042.0,1.95475172996521,9.198997497558594,0.006529462058097124,20.591276168823242
7043.5,1.9412689208984375,9.372304916381836,0.006583749316632748,20.591278076171875
7045.0,1.9450116157531738,9.54330825805664,0.006588480435311794,20.591278076171875
7046.5,1.9306120872497559,9.15510368347168,0.006518739275634289,20.591278076171875
7048.0,1.896063208580017,8.999889373779297,0.006574996281415224,20.591278076171875
7049.5,1.922719120979309,9.20245361328125,0.0067703924141824245,20.59128189086914
7051.0,1.9094709157943726,9.091272354125977,0.006853848230093718,20.591283798217773
7052.5,1.9233262538909912,9.16832160949707,0.006741635967046022,20.59128189086914
7054.0,1.9331361055374146,9.26230239868164,0.006618262734264135,20.591279983520508
7055.5,1.8683615922927856,9.009193420410156,0.006447686813771725,20.591278076171875
7057.0,1.8645914793014526,8.87267780303955,0.006439054850488901,20.591276168823242
7058.5,1.9284263849258423,8.967386245727539,0.006458536721765995,20.591276168823242
7060.0,1.9057855606079102,9.15329360961914,0.006409636233001947,20.591278076171875
7061.5,1.891938328742981,9.17377758026123,0.006408421788364649,20.591276168823242
7063.0,1.9261301755905151,9.384899139404297,0.006444171071052551,20.591278076171875
7064.5,1.9399902820587158,9.275148391723633,0.0065237688831985,20.591278076171875
7066.0,1.956562876701355,9.247522354125977,0.006538256071507931,20.591278076171875
7067.5,1.962200403213501,9.491661071777344,0.00656478526070714,20.591278076171875
7069.0,1.9742196798324585,9.533638954162598,0.006587222684174776,20.591278076171875
7070.5,1.9744102954864502,9.36069107055664,0.0065665096044540405,20.591278076171875
7072.0,1.9412899017333984,9.364679336547852,0.006550321821123362,20.591278076171875
7073.5,1.9372845888137817,9.275947570800781,0.006506726145744324,20.591276168823242
7075.0,1.9434252977371216,9.303247451782227,0.006508141756057739,20.591276168823242
7076.5,1.9502148628234863,9.37739372253418,0.006514487788081169,20.591276168823242
7078.0,1.9294339418411255,9.125667572021484,0.006469677202403545,20.591276168823242
7079.5,1.9087135791778564,9.027199745178223,0.006462278310209513,20.591276168823242
7081.0,1.9158896207809448,8.968439102172852,0.006449317559599876,20.591276168823242
7082.5,1.9169483184814453,9.047597885131836,0.006504522170871496,20.591276168823242
7084.0,1.9467406272888184,9.534299850463867,0.00653868168592453,20.591278076171875
7085.5,1.9668779373168945,9.523696899414062,0.0065977731719613075,20.591278076171875
7087.0,1.9484764337539673,9.334485054016113,0.006533874664455652,20.591276168823242
7088.5,1.9604756832122803,9.234383583068848,0.006522631738334894,20.591276168823242
7090.0,1.89884614944458,8.997587203979492,0.006511759012937546,20.591278076171875
7091.5,1.8803315162658691,9.17474365234375,0.00655593816190958,20.591279983520508
7093.0,1.9278901815414429,9.163328170776367,0.006536621134728193,20.591278076171875
7094.5,1.922702670097351,9.039068222045898,0.0064855655655264854,20.591276168823242
7096.0,1.914242148399353,9.038724899291992,0.006421910133212805,20.591276168823242
7097.5,1.935693383216858,9.202052116394043,0.006428934168070555,20.591276168823242
7099.0,1.9428421258926392,9.226102828979492,0.006434855051338673,20.591276168823242
7100.5,1.9173035621643066,9.083809852600098,0.006401502527296543,20.591276168823242
7102.0,1.9251090288162231,9.147502899169922,0.0064210062846541405,20.591276168823242
7103.5,1.9344362020492554,9.169349670410156,0.006425161845982075,20.591276168823242
7105.0,1.9239822626113892,9.257796287536621,0.006414634641259909,20.591276168823242
7106.5,1.9172945022583008,9.258517265319824,0.006406113505363464,20.591276168823242
7108.0,1.941292405128479,9.090867042541504,0.0064545366913080215,20.591276168823242
7109.5,1.9662737846374512,9.189888000488281,0.00645872950553894,20.591276168823242
7111.0,1.939354419708252,9.211708068847656,0.006448221858590841,20.591276168823242
7112.5,1.9226847887039185,9.368896484375,0.006406941916793585,20.591276168823242
7114.0,1.9402155876159668,9.385171890258789,0.006431587040424347,20.59127426147461
7115.5,1.9617280960083008,9.2477445602417,0.0064392308704555035,20.591276168823242
7117.0,1.914903163909912,9.211690902709961,0.006384116131812334,20.591276168823242
7118.5,1.91048002243042,9.121574401855469,0.006381830666214228,20.59127426147461
7120.0,1.9332786798477173,9.137222290039062,0.006397014018148184,20.591276168823242
7121.5,1.928003191947937,9.23930835723877,0.006380185484886169,20.591276168823242
7123.0,1.9423555135726929,9.393770217895508,0.006394155323505402,20.59127426147461
7124.5,1.9380788803100586,9.167673110961914,0.006385508459061384,20.591276168823242
7126.0,1.9483094215393066,9.228721618652344,0.00642821192741394,20.59127426147461
7127.5,1.9487364292144775,9.2940092086792,0.006436393596231937,20.591276168823242
7129.0,1.9455093145370483,9.276015281677246,0.0065073114819824696,20.591276168823242
7130.5,1.965145230293274,9.328306198120117,0.006532192230224609,20.591276168823242
7132.0,1.93183171749115,9.146432876586914,0.006459149997681379,20.591276168823242
7133.5,1.9367687702178955,9.097329139709473,0.006476962007582188,20.591276168823242
7135.0,1.9499059915542603,9.120491027832031,0.0065333363600075245,20.63978385925293
7136.5,1.942562222480774,9.155611038208008,0.0065035130828619,20.63978385925293
7138.0,1.9620224237442017,9.340940475463867,0.006486324593424797,20.63978385925293
7139.5,1.9317829608917236,9.342702865600586,0.006405658554285765,20.63978385925293
7141.0,1.9365392923355103,9.167250633239746,0.006413834169507027,20.63978385925293
7142.5,1.945724368095398,9.073204040527344,0.006473840679973364,20.63978385925293
7144.0,1.9533257484436035,9.208993911743164,0.006553951185196638,20.591278076171875
7145.5,1.9619768857955933,9.251923561096191,0.006611713673919439,20.591278076171875
7147.0,1.9289017915725708,9.410993576049805,0.006581583060324192,20.591278076171875
7148.5,1.9256399869918823,9.249787330627441,0.006580965127795935,20.591278076171875
7150.0,1.9334431886672974,9.019206047058105,0.006575587671250105,20.591278076171875
7151.5,1.9182873964309692,9.016332626342773,0.006498490925878286,20.591276168823242
7153.0,1.9141008853912354,9.108682632446289,0.006481464486569166,20.591276168823242
7154.5,1.9071698188781738,9.080666542053223,0.006419873330742121,20.591276168823242
7156.0,1.9091020822525024,9.052736282348633,0.006390285678207874,20.591276168823242
7157.5,1.9378330707550049,9.116253852844238,0.0064405701123178005,20.591276168823242
7159.0,1.983717441558838,9.16591739654541,0.00651215435937047,20.591276168823242
7160.5,1.9675474166870117,9.131207466125488,0.0065490491688251495,20.591276168823242
7162.0,1.9700711965560913,9.042969703674316,0.0065356106497347355,20.591276168823242
7163.5,1.9447154998779297,9.183094024658203,0.006531808525323868,20.591276168823242
7165.0,1.8991219997406006,9.040230751037598,0.006415070965886116,20.591276168823242
7166.5,1.8984225988388062,8.83150863647461,0.0064786868169903755,20.591276168823242
7168.0,1.9121686220169067,9.063322067260742,0.006521492265164852,20.591276168823242
7169.5,1.9380770921707153,9.066303253173828,0.006619851104915142,20.591278076171875
7171.0,1.917118787765503,8.870500564575195,0.006611259188503027,20.591276168823242
7172.5,1.9056284427642822,8.897735595703125,0.00659260805696249,20.591278076171875
7174.0,1.893322229385376,8.94599723815918,0.00664287805557251,20.591278076171875
7175.5,1.9062727689743042,9.108743667602539,0.006694464012980461,20.591278076171875
7177.0,1.9422672986984253,9.141647338867188,0.006752841640263796,20.591278076171875
7178.5,1.9577820301055908,9.156782150268555,0.006788741797208786,20.591278076171875
7180.0,1.9644558429718018,9.23922348022461,0.006776443216949701,20.591278076171875
7181.5,1.9683195352554321,9.310001373291016,0.006741201039403677,20.591278076171875
7183.0,1.9522567987442017,9.438434600830078,0.0067655835300683975,20.591278076171875
7184.5,1.9693875312805176,9.408943176269531,0.00678394315764308,20.591278076171875
7186.0,1.9550927877426147,9.172277450561523,0.006859880872070789,20.591278076171875
7187.5,1.9270724058151245,9.005146026611328,0.006920265033841133,20.591278076171875
7189.0,1.9565320014953613,9.072772979736328,0.0069629354402422905,20.591278076171875
7190.5,1.991573452949524,9.19106388092041,0.0069433776661753654,20.591276168823242
7192.0,1.9977434873580933,9.095101356506348,0.006803594529628754,20.591276168823242
7193.5,2.0006766319274902,9.173783302307129,0.0068472400307655334,20.591276168823242
7195.0,1.9764081239700317,9.332098007202148,0.006883218884468079,20.591278076171875
7196.5,1.9652148485183716,9.281087875366211,0.0068720425479114056,20.591276168823242
7198.0,1.9616034030914307,9.191640853881836,0.0067884488962590694,20.591276168823242
7199.5,1.9915164709091187,9.2510986328125,0.0067752148024737835,20.591276168823242
7201.0,2.0140011310577393,9.46171760559082,0.006862829905003309,20.591276168823242
7202.5,2.002875566482544,9.50373649597168,0.006926183123141527,20.591278076171875
7204.0,2.0235581398010254,9.41494369506836,0.006991715170443058,20.591278076171875
7205.5,2.03090500831604,9.271087646484375,0.006938751321285963,20.591276168823242
7207.0,2.0011558532714844,9.242115020751953,0.006880220025777817,20.591276168823242
7208.5,2.028527021408081,9.540600776672363,0.0068936701864004135,20.591276168823242
7210.0,2.0256588459014893,9.526734352111816,0.006813599728047848,20.591276168823242
7211.5,2.0045197010040283,9.288800239562988,0.006734226364642382,20.61554527282715
7213.0,2.01381516456604,9.300369262695312,0.006718363147228956,20.63978385925293
7214.5,1.9913475513458252,9.388747215270996,0.0066527570597827435,20.63978385925293
7216.0,1.972985863685608,9.397275924682617,0.006544384639710188,20.66399383544922
7217.5,1.934696912765503,9.401652336120605,0.006608931347727776,20.66399383544922
7219.0,1.89203679561615,9.346449851989746,0.006700470112264156,20.66399383544922
7220.5,1.9475303888320923,9.24093246459961,0.006737478077411652,20.66399383544922
7222.0,1.9479968547821045,9.185577392578125,0.0067167435772717,20.63978385925293
7223.5,1.9392788410186768,9.298835754394531,0.006733383052051067,20.63978385925293
7225.0,1.9198482036590576,9.51161003112793,0.006738643161952496,20.591278076171875
7226.5,1.8830560445785522,9.065950393676758,0.006721786689013243,20.591276168823242
7228.0,1.856711745262146,8.792728424072266,0.006691709626466036,20.591276168823242
7229.5,1.8521409034729004,8.823893547058105,0.006664079148322344,20.591276168823242
7231.0,1.8394438028335571,8.926933288574219,0.00688300933688879,20.591278076171875
7232.5,1.8439706563949585,9.021442413330078,0.006894959602504969,20.591276168823242
7234.0,1.844171166419983,9.006348609924316,0.006979282014071941,20.591278076171875
7235.5,1.8914943933486938,9.21440601348877,0.007272704038769007,20.591279983520508
7237.0,1.8898752927780151,8.934455871582031,0.007351762615144253,20.591279983520508
7238.5,1.9722977876663208,8.225577354431152,0.007651461288332939,20.591283798217773
7240.0,1.9766271114349365,7.804753303527832,0.00800721999257803,20.59130096435547
7241.5,2.072336435317993,8.841309547424316,0.00967172347009182,20.591339111328125
7243.0,2.058871269226074,10.257149696350098,0.010451807640492916,20.59136199951172
7244.5,1.98551344871521,8.870945930480957,0.0099025322124362,20.591344833374023
7246.0,1.9380911588668823,7.393288612365723,0.00988677516579628,20.591346740722656
7247.5,1.9558587074279785,9.414937973022461,0.010185935534536839,20.591354370117188
7249.0,1.9712234735488892,11.059452056884766,0.009617757052183151,20.591337203979492
7250.5,1.9761922359466553,9.430471420288086,0.008016634732484818,20.591299057006836
7252.0,1.969727635383606,8.620441436767578,0.0071464404463768005,20.59128189086914
7253.5,1.944979190826416,8.98286247253418,0.00719194021075964,20.591283798217773
7255.0,1.9566153287887573,9.393613815307617,0.007405625190585852,20.591289520263672
7256.5,1.9736614227294922,9.89372444152832,0.007593563292175531,20.591293334960938
7258.0,1.9686634540557861,9.863618850708008,0.007224934175610542,20.59128761291504
7259.5,1.956694483757019,9.307920455932617,0.006858500652015209,20.59128189086914
7261.0,1.9612082242965698,9.055387496948242,0.00669114338234067,20.591278076171875
7262.5,1.9759951829910278,9.091353416442871,0.006658627185970545,20.591278076171875
7264.0,1.966106653213501,9.19729995727539,0.006601066794246435,20.591278076171875
7265.5,1.9617139101028442,9.4275484085083,0.006679336074739695,20.591278076171875
7267.0,1.9668443202972412,9.368856430053711,0.006730352994054556,20.591278076171875
7388.5,1.831619143486023,8.674819946289062,0.006154743488878012,20.59127426147461
7390.0,1.8444228172302246,8.76085090637207,0.006232506595551968,20.591276168823242
7391.5,1.8584774732589722,8.684671401977539,0.006409807596355677,20.591279983520508
7393.0,1.8861823081970215,8.853611946105957,0.006900011096149683,20.59128761291504
7394.5,1.933249831199646,9.614459991455078,0.007508652284741402,20.59130096435547
7396.0,1.9432309865951538,9.897174835205078,0.007381684612482786,20.59129524230957
7397.5,1.916547417640686,9.261703491210938,0.0066553582437336445,20.59128189086914
7399.0,1.915405035018921,9.453770637512207,0.006320748012512922,20.591276168823242
7400.5,1.9047303199768066,8.918214797973633,0.00642417324706912,20.591278076171875
7402.0,1.874860405921936,8.162635803222656,0.007006790954619646,20.59128761291504
7403.5,1.917763352394104,9.285489082336426,0.008298126980662346,20.59131622314453
7405.0,1.9422346353530884,10.470426559448242,0.008528930135071278,20.59132194519043
7406.5,1.8756977319717407,9.211262702941895,0.007424170151352882,20.591297149658203
7408.0,1.8218255043029785,8.035630226135254,0.006406670901924372,20.591278076171875
7409.5,1.804524302482605,8.353551864624023,0.006104843225330114,20.59127426147461
7411.0,1.8044233322143555,8.506772994995117,0.006093739066272974,20.59127426147461
7412.5,1.8150439262390137,8.474963188171387,0.006108452100306749,20.59127426147461
7414.0,1.7925806045532227,8.50658130645752,0.006117874290794134,20.59127426147461
7415.5,1.7712098360061646,8.349955558776855,0.006134790368378162,20.591276168823242
7417.0,1.8109664916992188,8.311688423156738,0.006169258616864681,20.591276168823242
7418.5,1.8483840227127075,8.534980773925781,0.006207785103470087,20.59127426147461
7420.0,1.813965082168579,8.547501564025879,0.0061694178730249405,20.59127426147461
7421.5,1.824173927307129,8.471902847290039,0.0061547113582491875,20.59127426147461
7423.0,1.8300985097885132,8.5444974899292,0.006140398792922497,20.59127426147461
7424.5,1.8423019647598267,8.753861427307129,0.006175409536808729,20.59127426147461
7426.0,1.8608478307724,8.905999183654785,0.006162567064166069,20.59127426147461
7427.5,1.8231357336044312,8.711456298828125,0.006145800929516554,20.59127426147461
7429.0,1.8060296773910522,8.306976318359375,0.00615469878539443,20.59127426147461
7430.5,1.839080572128296,8.508173942565918,0.006499856244772673,20.59128189086914
7432.0,1.842690348625183,9.123762130737305,0.0068357051350176334,20.59128761291504
7433.5,1.8311495780944824,9.210672378540039,0.00674551073461771,20.591285705566406
7435.0,1.8501043319702148,8.612871170043945,0.006417867727577686,20.591278076171875
7436.5,1.8365287780761719,8.210963249206543,0.006226812023669481,20.615543365478516
7438.0,1.8077856302261353,8.140682220458984,0.00636565824970603,20.61554527282715
7439.5,1.8297005891799927,8.712677955627441,0.007001596037298441,20.615558624267578
7441.0,1.897222638130188,9.783475875854492,0.007752703037112951,20.61557388305664
7442.5,1.8889297246932983,9.534724235534668,0.007348574697971344,20.615564346313477
7444.0,1.8600133657455444,8.557990074157715,0.006597590632736683,20.615549087524414
7445.5,1.8300062417984009,8.331758499145508,0.006248623598366976,20.591276168823242
7447.0,1.8230623006820679,8.613409996032715,0.006159023381769657,20.59127426147461
7448.5,1.805513858795166,8.59467887878418,0.00611170893535018,20.663991928100586
7450.0,1.7786322832107544,8.412643432617188,0.006064367946237326,20.712329864501953
7451.5,1.7772964239120483,8.226840019226074,0.006062474567443132,20.76055335998535
7453.0,1.782967209815979,8.192838668823242,0.0060686152428388596,20.76055335998535
7454.5,1.776219129562378,8.382564544677734,0.006081714760512114,20.76055335998535
7456.0,1.7760984897613525,8.556819915771484,0.006064153276383877,20.712329864501953
7457.5,1.7760076522827148,8.429656982421875,0.0060663544572889805,20.66399383544922
7459.0,1.7658268213272095,8.310163497924805,0.0060809156857430935,20.615543365478516
7460.5,1.773101806640625,8.291135787963867,0.006121977232396603,20.59127426147461
7462.0,1.786283254623413,8.354214668273926,0.006197639741003513,20.591276168823242
7463.5,1.81621515750885,8.702146530151367,0.006323476787656546,20.591278076171875
7465.0,1.8295873403549194,8.796590805053711,0.006434333510696888,20.591279983520508
7466.5,1.7949076890945435,8.50636100769043,0.006472561042755842,20.591279983520508
7468.0,1.789639949798584,8.399112701416016,0.00655764527618885,20.59128189086914
7469.5,1.7860515117645264,8.62462329864502,0.006545889191329479,20.59128189086914
7471.0,1.7970175743103027,8.549323081970215,0.00649888115003705,20.59128189086914
7472.5,1.794743299484253,8.328499794006348,0.006611746270209551,20.591283798217773
7474.0,1.762621283531189,8.333261489868164,0.006878930609673262,20.591289520263672
7475.5,1.799277901649475,8.852130889892578,0.007097762543708086,20.591293334960938
7477.0,1.8260879516601562,9.186050415039062,0.006958751007914543,20.591289520263672
7478.5,1.7895543575286865,8.450824737548828,0.006645346991717815,20.591285705566406
7480.0,1.7875105142593384,8.206449508666992,0.006544011645019054,20.59128189086914
7481.5,1.7993892431259155,8.815908432006836,0.006942360661923885,20.591289520263672
7483.0,1.8098652362823486,8.895687103271484,0.00716662360355258,20.59129524230957
7484.5,1.8368104696273804,8.487800598144531,0.007265321910381317,20.59129524230957
7486.0,1.820509433746338,8.759665489196777,0.0072167241014540195,20.59129524230957
7487.5,1.785463571548462,8.873334884643555,0.006907467730343342,20.591289520263672
7489.0,1.7990472316741943,8.351537704467773,0.006402663420885801,20.591279983520508
7490.5,1.8103368282318115,8.304192543029785,0.006214858498424292,20.591276168823242
7492.0,1.8012540340423584,8.554544448852539,0.006179410964250565,20.59127426147461
7493.5,1.7843222618103027,8.409588813781738,0.006187114864587784,20.591276168823242
7495.0,1.8206044435501099,8.708925247192383,0.00637044059112668,20.591278076171875
7496.5,1.8643275499343872,8.99767780303955,0.006517433095723391,20.591279983520508
7498.0,1.8748290538787842,8.784185409545898,0.006425714120268822,20.591278076171875
7499.5,1.8339263200759888,8.637944221496582,0.0062419697642326355,20.591276168823242
7501.0,1.8503565788269043,8.786861419677734,0.006198135204613209,20.59127426147461
7502.5,1.8338760137557983,8.63361930847168,0.006204857490956783,20.59127426147461
7504.0,1.7819182872772217,8.326525688171387,0.006155543029308319,20.59127426147461
7505.5,1.8047420978546143,8.442732810974121,0.006134111434221268,20.59127426147461
7507.0,1.8086912631988525,8.563215255737305,0.006163240410387516,20.59127426147461
7508.5,1.7858067750930786,8.473155975341797,0.006098438054323196,20.59127426147461
7510.0,1.7959312200546265,8.393840789794922,0.006112866569310427,20.59127426147461
7511.5,1.7958252429962158,8.394207954406738,0.006116130854934454,20.59127426147461
7513.0,1.7690731287002563,8.358738899230957,0.006076776888221502,20.59127426147461
7514.5,1.7786712646484375,8.265750885009766,0.00615572277456522,20.59127426147461
7516.0,1.7355233430862427,8.139573097229004,0.006374417804181576,20.59127426147461
7517.5,1.7022509574890137,8.205241203308105,0.006406864617019892,20.591276168823242
7519.0,1.6962772607803345,8.341655731201172,0.006557282526046038,20.591279983520508
7520.5,1.7503653764724731,8.491049766540527,0.00671087671071291,20.59128189086914
7522.0,1.743802547454834,8.104095458984375,0.006738628260791302,20.59128189086914
7523.5,1.7654787302017212,7.705623626708984,0.006825466640293598,20.59128761291504
7525.0,1.8438704013824463,8.591777801513672,0.00778193399310112,20.591306686401367
7526.5,1.8512259721755981,9.739389419555664,0.008787947706878185,20.591333389282227
7528.0,1.8032488822937012,9.532526016235352,0.008306466042995453,20.591318130493164
7529.5,1.7601426839828491,7.940332889556885,0.0071184830740094185,20.591291427612305
7531.0,1.8041805028915405,7.775238037109375,0.006591014098376036,20.59128189086914
7532.5,1.8475104570388794,8.723712921142578,0.006886214483529329,20.59128761291504
7534.0,1.8158951997756958,8.932430267333984,0.006872587837278843,20.59128761291504
7535.5,1.7787525653839111,8.415709495544434,0.006523619871586561,20.59128189086914
7537.0,1.76890230178833,8.250236511230469,0.006227530539035797,20.591276168823242
7538.5,1.7927461862564087,8.426307678222656,0.006161073222756386,20.59127426147461
7540.0,1.8050352334976196,8.485583305358887,0.006259501911699772,20.591276168823242
7541.5,1.8244268894195557,8.588500022888184,0.006365864537656307,20.591278076171875
7543.0,1.856014370918274,8.616531372070312,0.006499722599983215,20.591279983520508
7544.5,1.8339139223098755,8.622312545776367,0.006401342805474997,20.591278076171875
7546.0,1.799770474433899,8.624589920043945,0.006246121600270271,20.591276168823242
7547.5,1.8274061679840088,8.60039234161377,0.0062004514038562775,20.59127426147461
7549.0,1.8384006023406982,8.846664428710938,0.006227690726518631,20.59127426147461
7550.5,1.8113006353378296,8.902339935302734,0.006185131147503853,20.591276168823242
7552.0,1.8303077220916748,8.583488464355469,0.006204906851053238,20.59127426147461
7553.5,1.8344253301620483,8.478022575378418,0.006249540485441685,20.59127426147461
7555.0,1.827935814857483,8.752086639404297,0.006234339904040098,20.591276168823242
7556.5,1.8275874853134155,8.744738578796387,0.0062898797914385796,20.591276168823242
7558.0,1.8646488189697266,8.689115524291992,0.0065040807239711285,20.591279983520508
7559.5,1.8989933729171753,9.068094253540039,0.006755260284990072,20.591283798217773
7561.0,1.8805766105651855,9.291912078857422,0.006820186972618103,20.591283798217773
7562.5,1.847602367401123,8.970514297485352,0.006494870409369469,20.591279983520508
7564.0,1.8392504453659058,8.708053588867188,0.006290983874350786,20.591276168823242
7565.5,1.858677864074707,8.743626594543457,0.0062712086364626884,20.59127426147461
7567.0,1.8777008056640625,8.675919532775879,0.006285832729190588,20.591276168823242
7568.5,1.8586406707763672,8.802783012390137,0.006386422552168369,20.591278076171875
7570.0,1.8132712841033936,8.770079612731934,0.006388817448168993,20.591279983520508
7571.5,1.8135871887207031,8.017044067382812,0.006716411095112562,20.591283798217773
7573.0,1.9000911712646484,8.373153686523438,0.00750201428309083,20.591297149658203
7574.5,1.9270398616790771,10.341079711914062,0.008066074922680855,20.59130859375
7576.0,1.8699389696121216,10.323238372802734,0.007626079488545656,20.59130096435547
7577.5,1.8331917524337769,8.67805290222168,0.006872343830764294,20.591285705566406
7579.0,1.831417441368103,8.484703063964844,0.006343518849462271,20.591276168823242
7580.5,1.8315280675888062,8.682648658752441,0.006227044388651848,20.591276168823242
7582.0,1.8470720052719116,8.57177734375,0.006215555127710104,20.59127426147461
7583.5,1.866569995880127,8.892145156860352,0.0062406533397734165,20.59127426147461
7585.0,1.8715314865112305,8.716902732849121,0.006289015989750624,20.591276168823242
7586.5,1.875445008277893,8.432121276855469,0.0065433066338300705,20.591279983520508
7588.0,1.895865559577942,9.029926300048828,0.006861844565719366,20.591285705566406
7589.5,1.868202805519104,9.377159118652344,0.006863635964691639,20.59128761291504
7591.0,1.8210352659225464,8.844338417053223,0.0065206796862185,20.59128189086914
7592.5,1.8367180824279785,8.707513809204102,0.006322392262518406,20.591276168823242
7594.0,1.902724027633667,9.04696273803711,0.006475919857621193,20.591276168823242
7595.5,1.9089133739471436,8.872538566589355,0.006826134864240885,20.591278076171875
7597.0,1.8443084955215454,8.360464096069336,0.007614919915795326,20.591283798217773
7598.5,1.8328251838684082,8.350227355957031,0.009160936810076237,20.591304779052734
7600.0,1.9380642175674438,9.604156494140625,0.01134839653968811,20.591352462768555
7601.5,1.9448422193527222,10.949735641479492,0.013215718790888786,20.591394424438477
7603.0,1.8845638036727905,10.289859771728516,0.013550086878240108,20.591388702392578
7604.5,1.8958561420440674,8.588024139404297,0.013401278294622898,20.591360092163086
7606.0,1.9131709337234497,8.693102836608887,0.013431046158075333,20.591352462768555
7607.5,1.8837597370147705,9.222955703735352,0.01345787663012743,20.591354370117188
7609.0,1.8086559772491455,9.071561813354492,0.013269794173538685,20.591354370117188
7610.5,1.7919143438339233,8.766057968139648,0.012460382655262947,20.59134292602539
7612.0,1.835339903831482,8.76774787902832,0.011560510843992233,20.59133529663086
7613.5,1.831726312637329,8.898458480834961,0.01075752917677164,20.591323852539062
7615.0,1.8531363010406494,9.12110710144043,0.009836212731897831,20.591312408447266
7616.5,1.859461784362793,8.549759864807129,0.009052653796970844,20.59130096435547
7618.0,1.8461092710494995,8.117554664611816,0.00844891183078289,20.59129524230957
7619.5,1.8494032621383667,8.674139022827148,0.007933243177831173,20.639802932739258
7621.0,1.8534499406814575,9.361748695373535,0.007540487684309483,20.639801025390625
7622.5,1.867922306060791,9.233480453491211,0.007602418307214975,20.639799118041992
7624.0,1.8632107973098755,8.864856719970703,0.007937593385577202,20.639799118041992
7625.5,1.8685532808303833,8.67093276977539,0.008494974114000797,20.63980484008789
7627.0,1.857332468032837,8.574640274047852,0.008718514814972878,20.664018630981445
7628.5,1.8639417886734009,8.23028564453125,0.009164940565824509,20.615575790405273
7630.0,1.9180076122283936,8.822830200195312,0.010243017226457596,20.615602493286133
7631.5,1.9484585523605347,10.353143692016602,0.01074283942580223,20.615617752075195
7633.0,1.9346486330032349,10.324411392211914,0.010068187490105629,20.6156005859375
7634.5,1.9118727445602417,9.044193267822266,0.009230471216142178,20.61557388305664
7636.0,1.9006088972091675,8.825490951538086,0.00855050329118967,20.615562438964844
7637.5,1.9079669713974,8.990996360778809,0.008525090292096138,20.61556053161621
7639.0,1.9203509092330933,8.867727279663086,0.008512822911143303,20.61556053161621
7640.5,1.9113056659698486,8.971437454223633,0.008222196251153946,20.615558624267578
7642.0,1.9155298471450806,9.173532485961914,0.008227414451539516,20.591291427612305
7643.5,1.9284743070602417,9.048263549804688,0.008215825073421001,20.591289520263672
7645.0,1.9500290155410767,8.9854097366333,0.00791473314166069,20.59128761291504
7646.5,1.9345600605010986,8.879486083984375,0.007938330061733723,20.59128761291504
7648.0,1.9298834800720215,8.719161987304688,0.007936873473227024,20.591285705566406
7649.5,1.924106478691101,9.02440071105957,0.007517081219702959,20.591283798217773
7651.0,1.8922200202941895,9.090649604797363,0.007454677019268274,20.591283798217773
7652.5,1.8841112852096558,8.605365753173828,0.007512500509619713,20.591283798217773
7654.0,1.9036749601364136,8.694419860839844,0.007487190421670675,20.591285705566406
7655.5,1.9367291927337646,9.425567626953125,0.007510538212954998,20.59128761291504
7657.0,1.9318459033966064,9.477723121643066,0.007659970782697201,20.591289520263672
7658.5,1.8859703540802002,8.980203628540039,0.007271977607160807,20.591283798217773
7660.0,1.8706611394882202,8.751363754272461,0.006835423409938812,20.591278076171875
7661.5,1.902240514755249,8.65009880065918,0.0069569810293614864,20.591279983520508
7663.0,1.9502997398376465,8.895479202270508,0.007440861780196428,20.59128761291504
7664.5,1.9744751453399658,9.536338806152344,0.0076167588122189045,20.591293334960938
7666.0,1.9483027458190918,9.708520889282227,0.007384926546365023,20.591291427612305
7667.5,1.9141831398010254,9.163423538208008,0.007141710724681616,20.591285705566406
7669.0,1.9316706657409668,8.93091106414795,0.006834779866039753,20.591279983520508
7670.5,1.9755032062530518,9.184494018554688,0.006671479437500238,20.591276168823242
7672.0,1.9856348037719727,9.10200309753418,0.006583749316632748,20.591276168823242
7673.5,1.9515758752822876,8.908659934997559,0.006681880913674831,20.591276168823242
7675.0,1.933779239654541,9.081366539001465,0.006625077221542597,20.591276168823242
7676.5,1.9521629810333252,9.245197296142578,0.006492817774415016,20.591276168823242
7678.0,1.9360827207565308,9.088788032531738,0.006419868674129248,20.591276168823242
7679.5,1.9329633712768555,8.975886344909668,0.0065138633362948895,20.591276168823242
7681.0,1.9653186798095703,8.983686447143555,0.006487024948000908,20.591276168823242
7682.5,1.949076533317566,8.923988342285156,0.006492560729384422,20.591276168823242
7684.0,1.9317655563354492,9.04420280456543,0.006480502430349588,20.591276168823242
7685.5,1.9256194829940796,9.033514976501465,0.006559387315064669,20.591278076171875
7687.0,1.9202589988708496,8.818720817565918,0.006556522101163864,20.591278076171875
7688.5,1.9213261604309082,8.903650283813477,0.006576609797775745,20.591278076171875
7690.0,1.8960517644882202,9.027381896972656,0.006582046393305063,20.591279983520508
7691.5,1.8890894651412964,8.934648513793945,0.006587358191609383,20.591279983520508
7693.0,1.9111998081207275,9.005098342895508,0.0067026917822659016,20.591279983520508
7694.5,1.9461909532546997,9.24741268157959,0.006743140053004026,20.59128189086914
7696.0,1.9378479719161987,9.171804428100586,0.006657348480075598,20.591279983520508
7697.5,1.8982539176940918,8.825942993164062,0.006543992552906275,20.591278076171875
7699.0,1.91443932056427,8.678264617919922,0.006599117536097765,20.56698226928711
7700.5,1.9223201274871826,8.94431209564209,0.006703739520162344,20.566986083984375
7702.0,1.9543105363845825,9.511260986328125,0.006838818546384573,20.566987991333008
7703.5,1.9666049480438232,9.549854278564453,0.0068108863197267056,20.566987991333008
7705.0,1.9415494203567505,9.116111755371094,0.006592870689928532,20.56698226928711
7706.5,1.9584053754806519,8.992204666137695,0.00643311720341444,20.566980361938477
7708.0,1.9843473434448242,9.168073654174805,0.006452938076108694,20.566978454589844
7709.5,1.982066035270691,9.296407699584961,0.006410297472029924,20.566978454589844
7711.0,1.936199426651001,8.50365924835205,0.00645066611468792,20.566980361938477
7712.5,1.9356578588485718,7.7014312744140625,0.0076333507895469666,20.56699562072754
7714.0,2.017033338546753,8.961687088012695,0.00985445361584425,20.567047119140625
7715.5,2.003321409225464,10.29698371887207,0.010870197787880898,20.567073822021484
7717.0,1.943200945854187,9.161818504333496,0.011891346424818039,20.567089080810547
7718.5,1.9455431699752808,9.198213577270508,0.01153953094035387,20.56709098815918
7720.0,1.9606094360351562,11.017300605773926,0.01117467600852251,20.56708335876465
7721.5,1.906733512878418,9.59754753112793,0.009404496289789677,20.56703758239746
7723.0,1.8635355234146118,7.516393184661865,0.007351947482675314,20.566997528076172
7724.5,1.8783031702041626,7.771466255187988,0.006901462562382221,20.56698989868164
7726.0,1.9108543395996094,8.656755447387695,0.007288012653589249,20.56699562072754
7727.5,1.9127401113510132,9.19139289855957,0.007660059258341789,20.567005157470703
7729.0,1.9112639427185059,9.335155487060547,0.007620810065418482,20.56700325012207
7730.5,1.9531419277191162,9.09895133972168,0.007070767227560282,20.566991806030273
7732.0,1.9743142127990723,8.894317626953125,0.006621794309467077,20.56698226928711
7733.5,1.9331097602844238,8.867923736572266,0.006443143356591463,20.566980361938477
7735.0,1.9485033750534058,8.863977432250977,0.006532927975058556,20.56698226928711
7736.5,1.9792424440383911,9.031391143798828,0.00668793311342597,20.566984176635742
7738.0,1.990199327468872,9.485272407531738,0.0067906430922448635,20.566986083984375
7739.5,1.9818089008331299,9.370941162109375,0.006716160103678703,20.566984176635742
7741.0,1.9771925210952759,9.018349647521973,0.006577398162335157,20.56698226928711
7742.5,1.9685261249542236,9.006807327270508,0.006557486951351166,20.56698226928711
7744.0,1.964829683303833,9.008479118347168,0.0065558310598134995,20.56698226928711
7745.5,1.9560167789459229,9.032634735107422,0.006458621006458998,20.566980361938477
7747.0,1.9233434200286865,9.019143104553223,0.006458797957748175,20.566980361938477
7748.5,1.8888161182403564,8.310077667236328,0.006488895509392023,20.56698226928711
7750.0,1.830588459968567,6.814228057861328,0.007213672623038292,20.56699562072754
7751.5,1.8629529476165771,7.835016250610352,0.010009962134063244,20.567058563232422
7753.0,1.9673486948013306,12.122957229614258,0.012485264800488949,20.56715965270996
7754.5,1.9786101579666138,12.148292541503906,0.010973657481372356,20.567094802856445
7756.0,1.8811266422271729,8.025672912597656,0.008496355265378952,20.5670223236084
7757.5,1.8623119592666626,7.3938212394714355,0.006935023702681065,20.56698989868164
7759.0,1.907792329788208,8.484195709228516,0.006720358971506357,20.566986083984375
7760.5,1.9059550762176514,8.599164009094238,0.007413452956825495,20.566999435424805
7762.0,1.9620475769042969,9.704658508300781,0.008164367638528347,20.567018508911133
7763.5,1.9734679460525513,10.185664176940918,0.008225657045841217,20.567018508911133
7765.0,1.9403353929519653,8.959822654724121,0.0074713570065796375,20.566997528076172
7766.5,1.9977478981018066,8.54712200164795,0.0066633825190365314,20.56698226928711
7768.0,1.9851481914520264,8.975093841552734,0.006412047892808914,20.566978454589844
7769.5,1.9864377975463867,9.292326927185059,0.006428516935557127,20.566978454589844
7771.0,2.1248340606689453,9.625572204589844,0.006599479354918003,20.566980361938477
7772.5,1.9300856590270996,8.968981742858887,0.006837780121713877,20.56698226928711
7774.0,1.91044282913208,9.074458122253418,0.006985811982303858,20.566987991333008
7775.5,1.9314274787902832,9.715253829956055,0.007417961955070496,20.56699562072754
7777.0,2.011756181716919,10.042652130126953,0.007214593701064587,20.56699562072754
7778.5,1.9241902828216553,8.877342224121094,0.006785751320421696,20.566987991333008
7780.0,1.913474440574646,8.03334903717041,0.006593144964426756,20.566984176635742
7781.5,1.958309531211853,9.150186538696289,0.00719404174014926,20.56699562072754
7783.0,1.9586480855941772,10.308526039123535,0.007689046207815409,20.567005157470703
7784.5,1.9291887283325195,9.47635269165039,0.007484784349799156,20.56700325012207
7786.0,1.9366670846939087,8.62266731262207,0.00680354842916131,20.566986083984375
7787.5,1.962823748588562,8.850003242492676,0.00655831815674901,20.56698226928711
7789.0,1.9674516916275024,9.030143737792969,0.006513071246445179,20.56698226928711
7790.5,1.9716463088989258,9.172780990600586,0.0065642367117106915,20.56698226928711
7792.0,1.9755712747573853,9.109058380126953,0.006668200250715017,20.566984176635742
7793.5,1.9624003171920776,8.275197982788086,0.007371974643319845,20.56699562072754
7795.0,1.9920015335083008,9.10400104522705,0.008761344477534294,20.56702995300293
7796.5,2.0314338207244873,11.894332885742188,0.0107440035790205,20.56708335876465
7798.0,1.9863216876983643,11.206460952758789,0.010218489915132523,20.56707000732422
7799.5,1.9154666662216187,8.156221389770508,0.007799278013408184,20.567005157470703
7801.0,1.9131118059158325,8.008209228515625,0.006550174672156572,20.56698226928711
7802.5,1.9760856628417969,9.203814506530762,0.006427939981222153,20.566980361938477
7804.0,1.9964938163757324,9.192753791809082,0.006393735762685537,20.566978454589844
7805.5,1.9561121463775635,8.989069938659668,0.0063995057716965675,20.566980361938477
7807.0,1.9414490461349487,8.78125286102295,0.0064295073971152306,20.56698226928711
7808.5,1.9627361297607422,8.595687866210938,0.006891234777867794,20.56698989868164
7810.0,1.9636144638061523,9.584985733032227,0.00789601169526577,20.567012786865234
7811.5,1.9921411275863647,10.54477310180664,0.00822440069168806,20.567020416259766
7813.0,1.9847404956817627,9.367757797241211,0.007720287889242172,20.567005157470703
7814.5,1.9335523843765259,8.34803581237793,0.006884518079459667,20.566987991333008
7816.0,1.9331836700439453,8.89311408996582,0.006513030733913183,20.56698226928711
7817.5,1.9732944965362549,9.398046493530273,0.006564067676663399,20.56698226928711
7819.0,1.9774770736694336,9.523614883422852,0.006540980655699968,20.56698226928711
7820.5,1.925399661064148,8.055152893066406,0.006956205703318119,20.56698989868164
7822.0,1.931488275527954,7.543898582458496,0.008825544267892838,20.56702995300293
7823.5,2.0611743927001953,11.363845825195312,0.01135235745459795,20.567106246948242
7825.0,2.093599319458008,13.154132843017578,0.01118470635265112,20.567110061645508
7826.5,1.9789848327636719,8.884658813476562,0.009186748415231705,20.567035675048828
7828.0,1.9271289110183716,7.219897270202637,0.007029017899185419,20.566987991333008
7829.5,1.9712573289871216,8.689627647399902,0.006549108307808638,20.56698226928711
7831.0,1.9591608047485352,9.281326293945312,0.006472903769463301,20.56698226928711
7832.5,1.9148072004318237,9.073541641235352,0.006433127447962761,20.566980361938477
7834.0,1.9155147075653076,8.945353507995605,0.006356047932058573,20.566980361938477
7835.5,1.9177898168563843,8.9681396484375,0.006366438698023558,20.566980361938477
7837.0,1.9300233125686646,9.16009521484375,0.006386591121554375,20.566980361938477
7838.5,1.9505970478057861,9.152713775634766,0.006401198450475931,20.566978454589844
7840.0,1.935859203338623,8.61328125,0.006425710394978523,20.566978454589844
7841.5,1.9521502256393433,8.557856559753418,0.006884375121444464,20.56698989868164
7843.0,2.0186767578125,9.870068550109863,0.007894243113696575,20.56700897216797
7844.5,2.0156071186065674,10.33100700378418,0.008184731937944889,20.5670166015625
7846.0,1.9692457914352417,9.137113571166992,0.007469486445188522,20.567001342773438
7847.5,1.940093755722046,8.36593246459961,0.0066452352330088615,20.566984176635742
7849.0,1.920952558517456,8.70921802520752,0.006420048885047436,20.566980361938477
7850.5,1.9607924222946167,9.120125770568848,0.0068511669524014,20.566987991333008
7852.0,1.937058925628662,8.315176963806152,0.00740421749651432,20.566997528076172
7853.5,1.924851894378662,8.295547485351562,0.008989558555185795,20.56702995300293
7855.0,2.0519022941589355,11.251579284667969,0.012582371942698956,20.567134857177734
7856.5,2.056727409362793,12.196578979492188,0.012129178270697594,20.567136764526367
7858.0,1.90677809715271,8.563150405883789,0.010060932487249374,20.567062377929688
7859.5,1.8716471195220947,6.70151424407959,0.008047595620155334,20.5670108795166
7861.0,1.9837565422058105,8.202493667602539,0.007938659749925137,20.5670108795166
7862.5,2.0312421321868896,10.329744338989258,0.008611098863184452,20.56702423095703
7864.0,1.9838610887527466,10.467025756835938,0.008629972115159035,20.567026138305664
7865.5,1.9507354497909546,8.991354942321777,0.0075488947331905365,20.567001342773438
7867.0,1.958177924156189,8.359000205993652,0.006805378012359142,20.566986083984375
7868.5,1.9698524475097656,8.863574028015137,0.007037850096821785,20.56698989868164
7870.0,1.9578356742858887,8.796680450439453,0.007735285442322493,20.567005157470703
7871.5,1.9851598739624023,9.355168342590332,0.00858194287866354,20.56702423095703
7873.0,2.0304336547851562,10.651790618896484,0.009414637461304665,20.567047119140625
7874.5,2.009612560272217,10.428784370422363,0.008723432198166847,20.567028045654297
7876.0,1.9421133995056152,8.987220764160156,0.007382654584944248,20.566999435424805
7877.5,1.9612817764282227,8.21523666381836,0.006799886003136635,20.566986083984375
7879.0,2.0123114585876465,8.601400375366211,0.007032864727079868,20.56698989868164
7880.5,2.0174551010131836,9.474199295043945,0.007816861383616924,20.567005157470703
7882.0,2.0399563312530518,10.064859390258789,0.008462215773761272,20.5670223236084
7883.5,2.0253679752349854,10.064519882202148,0.008328195661306381,20.567018508911133
7885.0,1.9998348951339722,9.764400482177734,0.007722190581262112,20.567007064819336
7886.5,1.9877736568450928,9.388181686401367,0.007255963049829006,20.56699562072754
7888.0,1.9445902109146118,8.649724960327148,0.007008373737335205,20.56698989868164
7889.5,1.9139238595962524,8.025433540344238,0.007334761321544647,20.566997528076172
7891.0,1.9780267477035522,9.239358901977539,0.008474881760776043,20.567018508911133
7892.5,2.059387445449829,11.34964656829834,0.009729091078042984,20.567052841186523
7894.0,1.9997262954711914,10.715282440185547,0.009346705861389637,20.567045211791992
7895.5,1.9420019388198853,8.580707550048828,0.007538991514593363,20.566999435424805
7897.0,1.976080060005188,8.525838851928711,0.006788506638258696,20.566984176635742
7898.5,1.9732261896133423,9.018559455871582,0.006623235996812582,20.56698226928711
8071.0,1.8473116159439087,8.953071594238281,0.006364707835018635,20.566980361938477
8072.5,1.8227124214172363,8.701099395751953,0.006301595363765955,20.566978454589844
8074.0,1.832116723060608,8.608709335327148,0.0064083123579621315,20.566978454589844
8075.5,1.8407636880874634,8.709939956665039,0.006454494781792164,20.566978454589844
8077.0,1.8508121967315674,8.77462100982666,0.006492240820080042,20.566980361938477
8078.5,1.8487905263900757,8.837691307067871,0.006621500477194786,20.56698226928711
8080.0,1.8378053903579712,8.863869667053223,0.006620435509830713,20.56698226928711
8081.5,1.8817775249481201,8.84827995300293,0.006651023402810097,20.56698226928711
8083.0,1.8656343221664429,8.9270601272583,0.00644330820068717,20.566980361938477
8084.5,1.8510698080062866,9.093233108520508,0.006464110687375069,20.566980361938477
8086.0,1.8760323524475098,9.059131622314453,0.006576547399163246,20.56698226928711
8087.5,1.8805809020996094,8.975738525390625,0.006636861711740494,20.56698226928711
8089.0,1.8799906969070435,9.11772346496582,0.006597497034817934,20.56698226928711
8090.5,1.8648830652236938,9.101168632507324,0.0064567625522613525,20.566980361938477
8092.0,1.8463971614837646,8.796759605407715,0.006377461366355419,20.566978454589844
8093.5,1.8545161485671997,8.729131698608398,0.0064719137735664845,20.566980361938477
8095.0,1.8544362783432007,8.986868858337402,0.006772246677428484,20.591283798217773
8096.5,1.8364967107772827,9.373794555664062,0.006940874736756086,20.615556716918945
8098.0,1.8053158521652222,9.157703399658203,0.006775923538953066,20.61555290222168
8099.5,1.760087013244629,8.456430435180664,0.006439474876970053,20.61554718017578
8101.0,1.746700406074524,8.071914672851562,0.006332401651889086,20.61554527282715
8102.5,1.7646470069885254,8.221809387207031,0.006605128291994333,20.639789581298828
8104.0,1.793837070465088,8.715703010559082,0.007142204325646162,20.61556053161621
8105.5,1.8437983989715576,9.378776550292969,0.007545702625066042,20.61556625366211
8107.0,1.866377353668213,9.274980545043945,0.007262791972607374,20.61556053161621
8108.5,1.8462845087051392,8.729434967041016,0.006738403346389532,20.615550994873047
8110.0,1.8235673904418945,8.687101364135742,0.0064814332872629166,20.61554527282715
8111.5,1.8341223001480103,8.802498817443848,0.006441812962293625,20.61554527282715
8113.0,1.8440899848937988,8.772567749023438,0.006407878827303648,20.591276168823242
8114.5,1.8242723941802979,8.807381629943848,0.006385273765772581,20.591276168823242
8116.0,1.8241716623306274,8.96725082397461,0.006397356279194355,20.591276168823242
8117.5,1.867527961730957,9.002301216125488,0.006458120886236429,20.591276168823242
8119.0,1.8648669719696045,8.639801025390625,0.006403530482202768,20.566978454589844
8120.5,1.809680700302124,8.590520858764648,0.0063081588596105576,20.566978454589844
8122.0,1.8317553997039795,8.934707641601562,0.0063686128705739975,20.566978454589844
8123.5,1.8675711154937744,9.023113250732422,0.006441701669245958,20.591276168823242
8125.0,1.8482190370559692,8.907243728637695,0.006473134271800518,20.591276168823242
8126.5,1.8153414726257324,8.780939102172852,0.006418287288397551,20.591276168823242
8128.0,1.821579933166504,8.863926887512207,0.006411481183022261,20.591276168823242
8129.5,1.8399667739868164,8.934823989868164,0.006466043647378683,20.591276168823242
8131.0,1.829509973526001,8.772579193115234,0.006437233183532953,20.566980361938477
8132.5,1.8289464712142944,8.755613327026367,0.00648500956594944,20.566980361938477
8134.0,1.8350205421447754,8.85724925994873,0.006504659075289965,20.56698226928711
8135.5,1.833578109741211,8.906258583068848,0.0066108088940382,20.56698226928711
8137.0,1.8345096111297607,8.906349182128906,0.006588506046682596,20.56698226928711
8138.5,1.841989278793335,8.693103790283203,0.0066715385764837265,20.56698226928711
8140.0,1.828178882598877,8.647302627563477,0.006744620855897665,20.566984176635742
8141.5,1.8308980464935303,8.944682121276855,0.006895131431519985,20.566987991333008
8143.0,1.861181378364563,9.061079025268555,0.007036841008812189,20.566987991333008
8144.5,1.848793387413025,8.801309585571289,0.006841754540801048,20.566984176635742
8146.0,1.8651996850967407,8.731866836547852,0.006782658398151398,20.56698226928711
8147.5,1.894180417060852,9.046167373657227,0.006853627506643534,20.566984176635742
8149.0,1.8564245700836182,9.304875373840332,0.0070631601847708225,20.56698989868164
8150.5,1.8331379890441895,9.421697616577148,0.007093585096299648,20.56698989868164
8152.0,1.8544453382492065,9.227543830871582,0.006915704812854528,20.566986083984375
8153.5,1.861983060836792,8.771294593811035,0.0067312465980648994,20.56698226928711
8155.0,1.8465943336486816,8.66612434387207,0.006619583815336227,20.566980361938477
8156.5,1.8588112592697144,8.856889724731445,0.006698598153889179,20.56698226928711
8158.0,1.8966095447540283,8.870478630065918,0.0067634074948728085,20.566980361938477
8159.5,1.8930511474609375,8.913021087646484,0.0066496580839157104,20.566980361938477
8161.0,1.87332284450531,9.095996856689453,0.006829156074672937,20.566980361938477
8162.5,1.8503069877624512,8.984371185302734,0.006812564563006163,20.56698226928711
8164.0,1.8538495302200317,8.84355640411377,0.007011687383055687,20.56698226928711
8165.5,1.8992565870285034,9.044593811035156,0.007259571924805641,20.56698226928711
8167.0,1.8857979774475098,9.11774730682373,0.007231689989566803,20.56698226928711
8168.5,1.8517590761184692,8.846039772033691,0.006982139311730862,20.56698226928711
8170.0,1.8535950183868408,8.70254135131836,0.006870724726468325,20.566980361938477
8171.5,1.8663169145584106,8.791281700134277,0.007005232386291027,20.56698226928711
8173.0,1.8894894123077393,8.97395133972168,0.006889327894896269,20.56698226928711
8174.5,1.9033441543579102,9.070036888122559,0.0067879012785851955,20.566980361938477
8176.0,1.8848426342010498,9.023311614990234,0.006624700501561165,20.566980361938477
8177.5,1.8675752878189087,9.00032901763916,0.006622635759413242,20.566980361938477
8179.0,1.9117896556854248,9.0184326171875,0.006901594810187817,20.56698226928711
8180.5,1.8997175693511963,8.816078186035156,0.0070230960845947266,20.56698226928711
8182.0,1.8460439443588257,8.793960571289062,0.006957607343792915,20.566984176635742
8183.5,1.8291469812393188,8.840229988098145,0.0068574626930058,20.56698226928711
8185.0,1.824602484703064,8.800751686096191,0.00672327633947134,20.566984176635742
8186.5,1.8360419273376465,8.85960578918457,0.0067505910992622375,20.56698226928711
8188.0,1.8708016872406006,8.868730545043945,0.00680156284943223,20.56698226928711
8189.5,1.8642634153366089,8.729951858520508,0.006920588202774525,20.566986083984375
8191.0,1.8079338073730469,8.769329071044922,0.006949000526219606,20.566986083984375
8192.5,1.7785345315933228,8.91151237487793,0.006845886819064617,20.566986083984375
8194.0,1.7992315292358398,8.744797706604004,0.006807346362620592,20.566986083984375
8195.5,1.8454890251159668,8.533151626586914,0.006873867940157652,20.566986083984375
8197.0,1.8671461343765259,8.745141983032227,0.006906718946993351,20.566986083984375
8198.5,1.877524495124817,9.08349323272705,0.006972925271838903,20.566986083984375
8200.0,1.8790427446365356,9.061858177185059,0.007063277065753937,20.566987991333008
8201.5,1.8590965270996094,8.924234390258789,0.0069001661613583565,20.566986083984375
8203.0,1.8377678394317627,8.915671348571777,0.0066874073818326,20.56698226928711
8204.5,1.8222126960754395,8.854487419128418,0.006598112639039755,20.56698226928711
8206.0,1.8107106685638428,8.816500663757324,0.006451867986470461,20.56698226928711
8207.5,1.8171534538269043,8.78953742980957,0.006542298477143049,20.56698226928711
8209.0,1.8020461797714233,8.80443286895752,0.006506315432488918,20.56698226928711
8210.5,1.8012675046920776,8.977927207946777,0.006466380786150694,20.56698226928711
8212.0,1.822385549545288,9.00575065612793,0.006471010856330395,20.56698226928711
8213.5,1.8244109153747559,8.805042266845703,0.006467313505709171,20.566980361938477
8215.0,1.8291748762130737,8.756549835205078,0.006496526766568422,20.566980361938477
8216.5,1.8517353534698486,8.909687995910645,0.006490728817880154,20.566980361938477
8218.0,1.8612109422683716,8.957707405090332,0.00648667523637414,20.566980361938477
8219.5,1.8316212892532349,8.789835929870605,0.006570810452103615,20.566980361938477
8221.0,1.8335623741149902,8.642934799194336,0.006654880475252867,20.566980361938477
8222.5,1.8732069730758667,8.671222686767578,0.0066934386268258095,20.566980361938477
8224.0,1.8572715520858765,8.68236255645752,0.006647902075201273,20.566980361938477
8225.5,1.816253662109375,8.701435089111328,0.0066816615872085094,20.566980361938477
8227.0,1.817392110824585,8.764480590820312,0.006718166638165712,20.566980361938477
8228.5,1.839477300643921,8.837167739868164,0.007028021849691868,20.56698226928711
8230.0,1.8537254333496094,8.84206485748291,0.0073229484260082245,20.566984176635742
8231.5,1.847855567932129,8.754670143127441,0.007448683958500624,20.566984176635742
8233.0,1.8281866312026978,8.695714950561523,0.007288867142051458,20.566984176635742
8234.5,1.809065818786621,8.794740676879883,0.007039783988147974,20.56698226928711
8236.0,1.826465368270874,8.855830192565918,0.006951179355382919,20.56698226928711
8237.5,1.8530809879302979,8.790412902832031,0.006742945872247219,20.566980361938477
8239.0,1.8598195314407349,8.75381851196289,0.006625098641961813,20.566980361938477
8240.5,1.832374095916748,8.726385116577148,0.0065147350542247295,20.566980361938477
8242.0,1.8239589929580688,8.657155990600586,0.006510008592158556,20.566980361938477
8243.5,1.8337959051132202,8.730995178222656,0.00656769098713994,20.56698226928711
8245.0,1.8151085376739502,8.694381713867188,0.006610168144106865,20.56698226928711
8246.5,1.8186928033828735,8.571395874023438,0.006623502820730209,20.56698226928711
8248.0,1.836051344871521,8.720301628112793,0.006608602590858936,20.56698226928711
8249.5,1.8735939264297485,8.997795104980469,0.006644212640821934,20.56698226928711
8251.0,1.8812713623046875,9.186019897460938,0.006589865777641535,20.56698226928711
8252.5,1.820725679397583,9.018891334533691,0.006501507479697466,20.56698226928711
8254.0,1.7930587530136108,8.723770141601562,0.0063796681351959705,20.566980361938477
8255.5,1.8103530406951904,8.683475494384766,0.0064485762268304825,20.566980361938477
8257.0,1.8011313676834106,8.751375198364258,0.006525619886815548,20.566980361938477
8258.5,1.8094656467437744,8.778359413146973,0.006545180920511484,20.56698226928711
8260.0,1.825433373451233,8.734687805175781,0.006590168923139572,20.56698226928711
8261.5,1.8235437870025635,8.808985710144043,0.006561983376741409,20.566980361938477
8263.0,1.8055553436279297,8.825157165527344,0.006460363976657391,20.566980361938477
8264.5,1.8001487255096436,8.651161193847656,0.0064301081001758575,20.566978454589844
8266.0,1.821436882019043,8.699138641357422,0.006495674140751362,20.566978454589844
8267.5,1.821923851966858,8.771405220031738,0.006427470128983259,20.566978454589844
8269.0,1.8346288204193115,8.62663459777832,0.006439848802983761,20.566980361938477
8270.5,1.8221336603164673,8.56143856048584,0.006488568615168333,20.566978454589844
8272.0,1.7891777753829956,8.60136604309082,0.006527461111545563,20.566980361938477
8273.5,1.8041740655899048,8.686162948608398,0.006616443395614624,20.566980361938477
8275.0,1.8149381875991821,8.626238822937012,0.0067266980186104774,20.566980361938477
8276.5,1.7999367713928223,8.199220657348633,0.006875573191791773,20.56698226928711
8278.0,1.7840754985809326,7.894097328186035,0.007194820791482925,20.566987991333008
8279.5,1.8151930570602417,8.378398895263672,0.008123421110212803,20.567005157470703
8281.0,1.8690725564956665,8.820484161376953,0.009097482077777386,20.567028045654297
8282.5,1.8753647804260254,9.148757934570312,0.010298683308064938,20.567062377929688
8284.0,1.8730523586273193,9.800756454467773,0.011342947371304035,20.567087173461914
8285.5,1.8590459823608398,8.990797996520996,0.010433144867420197,20.56706428527832
8287.0,1.841343641281128,7.051809787750244,0.009039279073476791,20.567028045654297
8288.5,1.8085479736328125,6.8642578125,0.009119742549955845,20.56702995300293
8290.0,1.846770167350769,10.057755470275879,0.010646496899425983,20.567075729370117
8291.5,1.8924903869628906,11.36180305480957,0.011784208938479424,20.567110061645508
8293.0,1.8077201843261719,8.436925888061523,0.010301999747753143,20.567066192626953
8294.5,1.739772081375122,6.5350189208984375,0.008043946698307991,20.567007064819336
8296.0,1.7468066215515137,7.088011741638184,0.007252472452819347,20.566991806030273
8297.5,1.7255793809890747,7.549502372741699,0.007970971055328846,20.56700897216797
8299.0,1.7521525621414185,8.310611724853516,0.009474660269916058,20.567045211791992
8300.5,1.8281350135803223,10.787019729614258,0.011381699703633785,20.56709861755371
8302.0,1.7713953256607056,10.80015754699707,0.012224139645695686,20.5671329498291
8303.5,1.6960729360580444,7.520247459411621,0.010130593553185463,20.567062377929688
8305.0,1.7216383218765259,6.2722978591918945,0.00776651781052351,20.56700325012207
8306.5,1.733855128288269,7.36772346496582,0.006909651681780815,20.56698989868164
8308.0,1.7174649238586426,8.245914459228516,0.006725745275616646,20.566984176635742
8309.5,1.7143776416778564,7.76066780090332,0.006619398482143879,20.56698226928711
8311.0,1.7468057870864868,7.958121299743652,0.006968820001929998,20.56698989868164
8312.5,1.8112035989761353,9.300104141235352,0.007958440110087395,20.567012786865234
8314.0,1.8450639247894287,9.773290634155273,0.00836605578660965,20.567020416259766
8315.5,1.8262442350387573,8.494662284851074,0.007557239383459091,20.567001342773438
8317.0,1.7849692106246948,7.731565475463867,0.006842559669166803,20.566984176635742
8318.5,1.7767434120178223,8.308819770812988,0.006539138499647379,20.56698226928711
8320.0,1.7989630699157715,8.873185157775879,0.0066716959699988365,20.566984176635742
8321.5,1.819557547569275,8.816069602966309,0.006789726205170155,20.566984176635742
8323.0,1.80741286277771,8.450444221496582,0.006722967606037855,20.56698226928711
8324.5,1.7789918184280396,8.391679763793945,0.006602823734283447,20.56698226928711
8326.0,1.7982993125915527,8.710954666137695,0.006494259461760521,20.566980361938477
8327.5,1.8276641368865967,8.804584503173828,0.006415455136448145,20.566978454589844
8329.0,1.8328392505645752,8.56584644317627,0.006414487957954407,20.566978454589844
8330.5,1.841421127319336,8.659445762634277,0.006385435815900564,20.566978454589844
8332.0,1.8438926935195923,8.722223281860352,0.0064311702735722065,20.566978454589844
8333.5,1.8236218690872192,8.541156768798828,0.00645838025957346,20.566978454589844
8335.0,1.831525206565857,8.52012825012207,0.006438610143959522,20.566978454589844
8336.5,1.8561382293701172,8.680145263671875,0.0065445140935480595,20.566978454589844
8338.0,1.8442844152450562,8.751115798950195,0.006506508681923151,20.566980361938477
8339.5,1.8405416011810303,8.916091918945312,0.0066228993237018585,20.56698226928711
8341.0,1.8419523239135742,9.13660717010498,0.0067095085978507996,20.566984176635742
8342.5,1.8933112621307373,7.577232360839844,0.007144684437662363,20.566987991333008
8344.0,1.953535556793213,6.166973114013672,0.009171487763524055,20.5670223236084
8345.5,1.9806023836135864,9.867859840393066,0.013588471338152885,20.567161560058594
8347.0,2.116422653198242,15.94430923461914,0.017888162285089493,20.5673828125
8348.5,1.8930301666259766,11.240468978881836,0.01630253903567791,20.567306518554688
8350.0,1.7504286766052246,5.407083034515381,0.011297849006950855,20.567108154296875
8351.5,1.763892650604248,5.497684478759766,0.00841438490897417,20.567014694213867
8353.0,1.8036878108978271,7.289506435394287,0.008053070865571499,20.5670108795166
8354.5,1.8746850490570068,10.053837776184082,0.009936044923961163,20.59135627746582
8356.0,1.885860562324524,10.87541675567627,0.010733365081250668,20.591384887695312
8357.5,1.774290680885315,8.414555549621582,0.009195669554173946,20.591337203979492
8359.0,1.6930278539657593,6.531844139099121,0.007260594982653856,20.591291427612305
8360.5,1.7713406085968018,7.517086029052734,0.006648906972259283,20.591279983520508
8455.0,1.923789143562317,10.620903968811035,0.009853948839008808,20.639863967895508
8456.5,1.8972958326339722,9.7523193359375,0.009329807944595814,20.56704330444336
8458.0,1.8146430253982544,7.844844818115234,0.007348517421633005,20.56699562072754
8459.5,1.800550937652588,7.629714012145996,0.006519387476146221,20.591278076171875
8461.0,1.8027311563491821,8.419458389282227,0.006296423263847828,20.591276168823242
8462.5,1.770848274230957,8.671493530273438,0.006335244048386812,20.591278076171875
8464.0,1.7283931970596313,7.141592025756836,0.006775769405066967,20.591283798217773
8465.5,1.7563056945800781,6.580636024475098,0.009006312116980553,20.59132957458496
8467.0,1.8994994163513184,10.423345565795898,0.012910228222608566,20.591453552246094
8468.5,1.9783565998077393,13.470603942871094,0.014490983448922634,20.591522216796875
8470.0,1.867917537689209,8.645757675170898,0.01228279061615467,20.56712532043457
8471.5,1.7578285932540894,5.849636077880859,0.007955732755362988,20.567005157470703
8473.0,1.7951563596725464,7.314533233642578,0.0064713009633123875,20.566980361938477
8474.5,1.8277204036712646,8.78014087677002,0.006346290931105614,20.566978454589844
8476.0,1.8218555450439453,8.634336471557617,0.006457213312387466,20.566980361938477
8477.5,1.8411707878112793,8.832221031188965,0.006521628238260746,20.56698226928711
8479.0,1.8401399850845337,8.924983024597168,0.006476127076894045,20.56698226928711
8480.5,1.816119909286499,8.638164520263672,0.006340308580547571,20.566978454589844
8482.0,1.8126717805862427,8.559610366821289,0.006257850211113691,20.56697654724121
8483.5,1.8102226257324219,8.578988075256348,0.0062468391843140125,20.56697654724121
8485.0,1.8113752603530884,8.574914932250977,0.006263677962124348,20.542654037475586
8486.5,1.8247714042663574,8.62197494506836,0.006286128424108028,20.542654037475586
8488.0,1.829079031944275,8.822166442871094,0.006290385965257883,20.542654037475586
8489.5,1.8295224905014038,9.01214599609375,0.006307847797870636,20.542654037475586
8491.0,1.8107078075408936,8.625814437866211,0.006273726467043161,20.542654037475586
8492.5,1.8171733617782593,8.039801597595215,0.00656279968097806,20.54265785217285
8494.0,1.8878390789031982,8.734844207763672,0.007478995248675346,20.54267120361328
8495.5,1.9282288551330566,10.379106521606445,0.008747022598981857,20.542699813842773
8497.0,1.873795747756958,10.120287895202637,0.009019546210765839,20.542715072631836
8498.5,1.8132151365280151,7.8056488037109375,0.00785338319838047,20.542682647705078
8500.0,1.8074935674667358,7.244093894958496,0.0067275520414114,20.542659759521484
8501.5,1.8360137939453125,8.423946380615234,0.006419156212359667,20.542654037475586
8503.0,1.8447505235671997,8.3568696975708,0.006488910410553217,20.54265594482422
8504.5,1.8464405536651611,8.16633129119873,0.0072800167836248875,20.542667388916016
8506.0,1.9352315664291382,10.464632034301758,0.00897086039185524,20.542707443237305
8507.5,1.983577847480774,11.738207817077637,0.011000274680554867,20.54276466369629
8509.0,1.8472243547439575,9.063039779663086,0.010024967603385448,20.542741775512695
8510.5,1.7468167543411255,6.621082782745361,0.007796107325702906,20.542680740356445
8512.0,1.8014845848083496,7.059207916259766,0.00653085159137845,20.54265594482422
8513.5,1.8413103818893433,8.455504417419434,0.00632122065871954,20.542654037475586
8515.0,1.816674828529358,8.583868026733398,0.006281374488025904,20.542654037475586
8516.5,1.8144738674163818,8.365694999694824,0.006258818786591291,20.542652130126953
8518.0,1.8469939231872559,8.653677940368652,0.006328303832560778,20.542652130126953
8519.5,1.856369137763977,8.751398086547852,0.0063121505081653595,20.542652130126953
8521.0,1.8505970239639282,8.794710159301758,0.006360117346048355,20.542654037475586
8522.5,1.8891650438308716,9.051640510559082,0.006445281207561493,20.542654037475586
8524.0,1.9358000755310059,9.132930755615234,0.006540799047797918,20.542654037475586
8525.5,1.9113366603851318,8.913005828857422,0.006455871742218733,20.542654037475586
8527.0,1.8712632656097412,8.722406387329102,0.0063517168164253235,20.542654037475586
8528.5,1.8670381307601929,8.707691192626953,0.006333921570330858,20.518299102783203
8530.0,1.8648546934127808,8.80854320526123,0.0063173240050673485,20.51829719543457
8531.5,1.8500475883483887,8.836978912353516,0.00630217557772994,20.51829719543457
8533.0,1.8464093208312988,8.694345474243164,0.006274562329053879,20.51829719543457
8534.5,1.8702082633972168,8.768465042114258,0.0063261124305427074,20.51829719543457
8536.0,1.881473422050476,8.786649703979492,0.0063062021508812904,20.51829719543457
8537.5,1.8436055183410645,8.476805686950684,0.006378113757818937,20.518301010131836
8539.0,1.8355436325073242,8.322832107543945,0.006611104588955641,20.51830291748047
8540.5,1.8960260152816772,8.877346992492676,0.007276481483131647,20.51831817626953
8542.0,1.9215819835662842,9.420557022094727,0.00756613165140152,20.51832389831543
8543.5,1.8678154945373535,8.96391773223877,0.007075493689626455,20.518312454223633
8545.0,1.8496367931365967,8.659590721130371,0.00651661679148674,20.51830291748047
8546.5,1.8743499517440796,8.608736991882324,0.006392388604581356,20.518299102783203
8548.0,1.8532366752624512,8.007211685180664,0.006509088911116123,20.51830291748047
8549.5,1.8476014137268066,8.213346481323242,0.007248091511428356,20.5183162689209
8551.0,1.8926846981048584,9.985156059265137,0.008503925986588001,20.518342971801758
8552.5,1.9072239398956299,10.434648513793945,0.00872136652469635,20.51835060119629
8554.0,1.8507825136184692,8.932117462158203,0.0073760938830673695,20.518320083618164
8555.5,1.811730146408081,8.315037727355957,0.006547918077558279,20.51830291748047
8557.0,1.817488193511963,8.59637451171875,0.006314047612249851,20.518301010131836
8558.5,1.8141844272613525,8.489401817321777,0.006234695203602314,20.518299102783203
8560.0,1.8235033750534058,8.432695388793945,0.006236230954527855,20.518299102783203
8561.5,1.8410592079162598,8.799979209899902,0.006231572944670916,20.51829719543457
8563.0,1.8416248559951782,8.912693977355957,0.006269060540944338,20.51829719543457
8564.5,1.8553450107574463,8.761707305908203,0.006274541839957237,20.51829719543457
8566.0,1.867144227027893,8.765790939331055,0.00629420904442668,20.51829719543457
8567.5,1.824413776397705,8.66944408416748,0.00624041398987174,20.51829719543457
8569.0,1.7828599214553833,8.531523704528809,0.006170124746859074,20.51829719543457
8570.5,1.7935415506362915,8.564948081970215,0.006204260978847742,20.518299102783203
8572.0,1.8051584959030151,8.546930313110352,0.0062088752165436745,20.518299102783203
8573.5,1.7991154193878174,8.51314640045166,0.006254770327359438,20.518301010131836
8575.0,1.793805718421936,8.585163116455078,0.006286272779107094,20.518301010131836
8576.5,1.785620927810669,8.504175186157227,0.006278804037719965,20.591276168823242
8578.0,1.7976223230361938,8.409390449523926,0.006337582133710384,20.61554527282715
8579.5,1.80059814453125,8.530712127685547,0.006330785341560841,20.61554527282715
8581.0,1.7859731912612915,8.611483573913574,0.006267047021538019,20.615543365478516
8582.5,1.7986782789230347,8.65971851348877,0.006231988780200481,20.63978385925293
8584.0,1.8080815076828003,8.632452011108398,0.00619820412248373,20.639781951904297
8585.5,1.790818452835083,8.446186065673828,0.006172023713588715,20.639780044555664
8587.0,1.7731457948684692,8.186609268188477,0.00616499176248908,20.639781951904297
8588.5,1.7585898637771606,8.162833213806152,0.0065148514695465565,20.56698226928711
8590.0,1.77569580078125,8.670153617858887,0.006842714734375477,20.54266357421875
8591.5,1.8028883934020996,9.048135757446289,0.007068404462188482,20.542667388916016
8593.0,1.796615481376648,8.815693855285645,0.006826001685112715,20.542661666870117
8594.5,1.776695966720581,8.45386028289795,0.006488109938800335,20.54265594482422
8596.0,1.7818070650100708,8.182409286499023,0.006447268184274435,20.518301010131836
8597.5,1.8103339672088623,8.165534973144531,0.006723971571773291,20.518306732177734
8599.0,1.8321245908737183,8.690516471862793,0.0072454120963811874,20.5183162689209
8600.5,1.858927845954895,9.265962600708008,0.007310924120247364,20.51831817626953
8602.0,1.8704557418823242,9.258340835571289,0.006889066658914089,20.518310546875
8603.5,1.8400256633758545,8.685611724853516,0.0064387451857328415,20.51830291748047
8605.0,1.8333429098129272,8.458568572998047,0.006315499544143677,20.518301010131836
8606.5,1.8556395769119263,8.67469596862793,0.00634751794859767,20.518301010131836
8608.0,1.86306893825531,8.709604263305664,0.006354088429361582,20.518301010131836
8609.5,1.8529444932937622,8.48397445678711,0.006369489710777998,20.518301010131836
8611.0,1.8316704034805298,8.452585220336914,0.006389917340129614,20.518301010131836
8612.5,1.809935450553894,8.409337997436523,0.006471672561019659,20.5183048248291
8614.0,1.8094533681869507,8.207565307617188,0.0067511508241295815,20.518308639526367
8615.5,1.8083595037460327,8.102513313293457,0.006802472285926342,20.518310546875
8617.0,1.8114014863967896,8.244969367980957,0.007001127582043409,20.518314361572266
8618.5,1.8265821933746338,8.287025451660156,0.007531616371124983,20.51832389831543
8620.0,1.8133280277252197,8.135354042053223,0.007732558064162731,20.51833152770996
8621.5,1.7975752353668213,7.908553123474121,0.007889810018241405,20.518335342407227
8623.0,1.8190032243728638,7.900628566741943,0.008281582966446877,20.518342971801758
8624.5,1.8195886611938477,7.971402645111084,0.008623932488262653,20.51835060119629
8626.0,1.7761887311935425,7.736870765686035,0.00899490062147379,20.51836395263672
8627.5,1.7677191495895386,7.377102851867676,0.009381224401295185,20.518369674682617
8629.0,1.792131781578064,10.983442306518555,0.009025032632052898,20.51836585998535
8630.5,1.785875916481018,10.314210891723633,0.0094483382999897,20.518373489379883
8632.0,1.7817736864089966,7.580964088439941,0.009623676538467407,20.51837921142578
8633.5,1.8036292791366577,7.5589447021484375,0.009360120631754398,20.518369674682617
8635.0,1.798425555229187,7.479875564575195,0.009615263901650906,20.51837730407715
8636.5,1.7974075078964233,7.8678693771362305,0.00907491147518158,20.51836395263672
8638.0,1.8311107158660889,8.112096786499023,0.008909374475479126,20.518360137939453
8639.5,1.8214741945266724,7.546276092529297,0.00872875563800335,20.518354415893555
8641.0,1.7998868227005005,7.378721237182617,0.008118853904306889,20.518339157104492
8642.5,1.8356627225875854,8.259013175964355,0.007726739160716534,20.518329620361328
8644.0,1.856194257736206,8.587313652038574,0.0077056679874658585,20.518327713012695
8645.5,1.8303290605545044,7.946207523345947,0.00723304133862257,20.51831817626953
8647.0,1.8153597116470337,7.763400077819824,0.006751485634595156,20.518308639526367
8648.5,1.8166396617889404,7.894517421722412,0.006961003877222538,20.518310546875
8650.0,1.7959418296813965,7.851982116699219,0.0074605816043913364,20.518321990966797
8651.5,1.8235564231872559,8.208680152893066,0.00832770112901926,20.518339157104492
8653.0,1.8731898069381714,8.588972091674805,0.009181187488138676,20.51835823059082
8654.5,1.828048586845398,7.854249954223633,0.009173503145575523,20.51835823059082
8656.0,1.7683935165405273,7.451172828674316,0.009122038260102272,20.518356323242188
8657.5,1.8115344047546387,7.869011878967285,0.009505758062005043,20.51837158203125
8659.0,1.8306264877319336,7.470977783203125,0.009489607065916061,20.518373489379883
8660.5,1.798284649848938,7.157098770141602,0.009019996039569378,20.51836395263672
8662.0,1.8187845945358276,8.0999174118042,0.009432238526642323,20.518373489379883
8663.5,1.7669957876205444,7.732209205627441,0.009481171146035194,20.518373489379883
8665.0,1.7076841592788696,6.641768455505371,0.008769625797867775,20.518356323242188
8666.5,1.751777172088623,7.33172607421875,0.008824992924928665,20.51835823059082
8668.0,1.7770378589630127,8.065932273864746,0.009192842990159988,20.493988037109375
8669.5,1.7320644855499268,7.161311149597168,0.008596372790634632,20.493974685668945
8671.0,1.7204229831695557,6.714439392089844,0.00839425902813673,20.493967056274414
8672.5,1.760791301727295,7.64308500289917,0.008657507598400116,20.493972778320312
8674.0,1.750751256942749,7.649575233459473,0.008658250793814659,20.493974685668945
8675.5,1.7170751094818115,6.975568771362305,0.007958686910569668,20.493955612182617
8677.0,1.7539244890213013,7.634537220001221,0.007809099741280079,20.49394989013672
8678.5,1.8057793378829956,8.365859985351562,0.008189934305846691,20.493959426879883
8680.0,1.7775428295135498,7.484557628631592,0.00786138791590929,20.49395179748535
8681.5,1.7438430786132812,7.054884910583496,0.007297473959624767,20.493938446044922
8683.0,1.7695024013519287,8.18971061706543,0.007268620654940605,20.493938446044922
8684.5,1.7469617128372192,8.325775146484375,0.0073096719570457935,20.493940353393555
8686.0,1.7050955295562744,7.414389610290527,0.006935116834938526,20.493932723999023
8687.5,1.7397669553756714,7.674161911010742,0.006735503673553467,20.493927001953125
8689.0,1.7679799795150757,8.516179084777832,0.006863303482532501,20.49393081665039
8690.5,1.7525553703308105,8.474099159240723,0.006790795363485813,20.493928909301758
8692.0,1.7579247951507568,8.095878601074219,0.006511586718261242,20.49392318725586
8693.5,1.7805118560791016,8.21310806274414,0.006455084774643183,20.49392318725586
8695.0,1.8026105165481567,8.608942031860352,0.006589315365999937,20.493925094604492
8696.5,1.8109443187713623,8.63715648651123,0.006601108703762293,20.49392318725586
8698.0,1.7806652784347534,8.361536026000977,0.006371399387717247,20.493921279907227
8699.5,1.7544137239456177,8.231977462768555,0.006328615825623274,20.493919372558594
8701.0,1.7704946994781494,8.390674591064453,0.006431440822780132,20.49392318725586
8702.5,1.7537821531295776,8.730293273925781,0.0065153492614626884,20.49392318725586
8704.0,1.7158796787261963,8.68889045715332,0.006414878647774458,20.49392318725586
8705.5,1.717187523841858,8.103464126586914,0.0062865917570889,20.493919372558594
8707.0,1.7347040176391602,7.9270524978637695,0.006222786381840706,20.493919372558594
8708.5,1.7438925504684448,8.313652038574219,0.006352543830871582,20.493921279907227
8710.0,1.740494728088379,8.51037883758545,0.006461647804826498,20.49392318725586
8711.5,1.726325511932373,8.387858390808105,0.006364565342664719,20.49392318725586
8713.0,1.7233425378799438,8.275270462036133,0.006197318900376558,20.493919372558594
8714.5,1.7318363189697266,8.205025672912598,0.006124455016106367,20.49391746520996
8716.0,1.7379568815231323,8.140115737915039,0.006087003741413355,20.493915557861328
8717.5,1.7228718996047974,8.203718185424805,0.006044056266546249,20.493915557861328
8719.0,1.7146581411361694,8.272364616394043,0.006028416100889444,20.493915557861328
8720.5,1.7486178874969482,8.252519607543945,0.006092763040214777,20.493915557861328
8722.0,1.7684351205825806,8.264270782470703,0.00608797837048769,20.493915557861328
8723.5,1.750093698501587,8.315253257751465,0.006086387205868959,20.493915557861328
8725.0,1.7506365776062012,8.357412338256836,0.006086055189371109,20.493915557861328
8726.5,1.7690224647521973,8.410107612609863,0.006120915524661541,20.493915557861328
8728.0,1.775460124015808,8.440783500671387,0.006167280022054911,20.49391746520996
8729.5,1.746856689453125,8.334870338439941,0.0061640008352696896,20.49391746520996
8731.0,1.7270185947418213,8.247339248657227,0.006109075620770454,20.493915557861328
8732.5,1.7545193433761597,8.353421211242676,0.006119248922914267,20.493915557861328
8734.0,1.771920919418335,8.440853118896484,0.006078833714127541,20.493915557861328
8735.5,1.7600020170211792,8.453052520751953,0.006089199800044298,20.493915557861328
8737.0,1.7611163854599,8.491791725158691,0.006094828713685274,20.493915557861328
8738.5,1.7761873006820679,8.338890075683594,0.0061419191770255566,20.493915557861328
8740.0,1.784505844116211,8.226945877075195,0.006190857850015163,20.493915557861328
8741.5,1.7864553928375244,8.440509796142578,0.006243457552045584,20.49391746520996
8743.0,1.7884308099746704,8.624371528625488,0.00627098185941577,20.49391746520996
8744.5,1.7689332962036133,8.403411865234375,0.006203968543559313,20.49391746520996
8746.0,1.7511992454528809,8.16036319732666,0.0061738924123346806,20.49391746520996
8747.5,1.76325523853302,8.241497993469238,0.006143857724964619,20.493915557861328
8749.0,1.756279468536377,8.361279487609863,0.00611100671812892,20.493915557861328
8750.5,1.7463831901550293,8.376039505004883,0.006104135885834694,20.493915557861328
8752.0,1.7573131322860718,8.39002799987793,0.0061680832877755165,20.49391746520996
8753.5,1.7726447582244873,8.471996307373047,0.006182200275361538,20.49391746520996
8755.0,1.7748548984527588,8.487543106079102,0.006187504157423973,20.493915557861328
8756.5,1.753397822380066,8.101297378540039,0.006117071490734816,20.493915557861328
8758.0,1.7277899980545044,7.562520503997803,0.006219903007149696,20.49391746520996
8759.5,1.6989444494247437,6.860095977783203,0.007232875097543001,20.493932723999023
8761.0,1.68181574344635,6.223522186279297,0.009070811793208122,20.49397850036621
8762.5,1.7632087469100952,7.649272918701172,0.011679789051413536,20.494054794311523
8764.0,1.8409348726272583,11.118602752685547,0.01369725726544857,20.49412727355957
8765.5,1.6817246675491333,8.746036529541016,0.01204982865601778,20.49407196044922
8767.0,1.4881048202514648,4.457807540893555,0.010537376627326012,20.4940242767334
8768.5,1.6213650703430176,5.206244468688965,0.011824522167444229,20.494060516357422
8770.0,1.8150618076324463,10.46795654296875,0.014918810687959194,20.49418067932129
8771.5,1.7588692903518677,12.25128173828125,0.01448958832770586,20.494173049926758
8773.0,1.6461366415023804,7.970058441162109,0.010680555365979671,20.494022369384766
8774.5,1.6646581888198853,5.7384138107299805,0.007743028458207846,20.49394416809082
8776.0,1.7269026041030884,6.004308223724365,0.007119777612388134,20.493934631347656
8777.5,1.739202618598938,6.130023956298828,0.00884694792330265,20.49397087097168
8779.0,1.7686662673950195,7.5621843338012695,0.011091235093772411,20.49403953552246
8780.5,1.8280922174453735,10.708372116088867,0.014553867280483246,20.49416732788086
8782.0,1.7903175354003906,10.317475318908691,0.014523263089358807,20.494144439697266
8783.5,1.7047666311264038,6.785001277923584,0.01035612728446722,20.49399757385254
8785.0,1.6996351480484009,6.06114387512207,0.007221614476293325,20.493927001953125
8786.5,1.7521997690200806,7.582737922668457,0.0064536710269749165,20.49391746520996
8788.0,1.7827740907669067,8.596184730529785,0.006356888450682163,20.493915557861328
8789.5,1.785307765007019,7.6743927001953125,0.006477968767285347,20.49391746520996
8791.0,1.7853243350982666,7.101838111877441,0.007035565562546253,20.493925094604492
8792.5,1.8241020441055298,8.762866973876953,0.008546249009668827,20.49395751953125
8794.0,1.8217408657073975,10.212491035461426,0.00995507650077343,20.494001388549805
8795.5,1.7721147537231445,8.880924224853516,0.009109209291636944,20.493976593017578
8797.0,1.725533127784729,7.248110771179199,0.006996045354753733,20.49393081665039
8798.5,1.7315177917480469,7.547757625579834,0.006240110844373703,20.49391746520996
8800.0,1.750121831893921,8.28000545501709,0.0060856821946799755,20.493915557861328
8801.5,1.7480156421661377,8.248749732971191,0.006064537912607193,20.493915557861328
8803.0,1.748115062713623,8.086687088012695,0.0061080423183739185,20.493915557861328
8804.5,1.7412234544754028,8.241827964782715,0.006064719520509243,20.493915557861328
8806.0,1.7172638177871704,8.31753158569336,0.006013711914420128,20.493915557861328
8807.5,1.7069412469863892,8.10953140258789,0.006007181014865637,20.493915557861328
8809.0,1.7196190357208252,7.996572494506836,0.006008798256516457,20.493915557861328
8810.5,1.7357052564620972,8.2540922164917,0.006175757385790348,20.49391746520996
8812.0,1.7402007579803467,8.48806381225586,0.0064090099185705185,20.49392318725586
8813.5,1.731536865234375,8.268888473510742,0.006438581272959709,20.49392318725586
8815.0,1.7072964906692505,8.024920463562012,0.0062154484912753105,20.493919372558594
8816.5,1.6787304878234863,8.076497077941895,0.00602773716673255,20.493915557861328
8818.0,1.669625997543335,8.09127140045166,0.005922585725784302,20.493915557861328
8819.5,1.6614910364151,7.886202812194824,0.005918857641518116,20.493915557861328
8821.0,1.648377537727356,7.605658054351807,0.0059417677111923695,20.493915557861328
8822.5,1.6641944646835327,7.8346357345581055,0.006002787500619888,20.493915557861328
8824.0,1.6605403423309326,7.948935508728027,0.005984744988381863,20.493915557861328
8825.5,1.5529993772506714,5.467765808105469,0.007014100439846516,20.493928909301758
8827.0,1.5278010368347168,4.392285346984863,0.010173158720135689,20.494007110595703
8828.5,1.7749756574630737,8.70125961303711,0.01728263683617115,20.494298934936523
8830.0,1.940169095993042,16.887962341308594,0.022831246256828308,20.49465560913086
8831.5,1.715571641921997,10.648859977722168,0.018684236332774162,20.49434471130371
8833.0,1.4545397758483887,3.9497127532958984,0.01120442058891058,20.49404525756836
8834.5,1.5069730281829834,4.25628662109375,0.008388715796172619,20.49395751953125
8836.0,1.5937916040420532,5.725889205932617,0.008474934846162796,20.493959426879883
8837.5,1.675673246383667,7.092303276062012,0.010919955559074879,20.4940185546875
8839.0,1.7261005640029907,9.430946350097656,0.013855318538844585,20.49411392211914
8840.5,1.675368070602417,9.400909423828125,0.012733250856399536,20.49407386779785
8842.0,1.5858154296875,6.631348609924316,0.00886794738471508,20.49396514892578
8843.5,1.5870500802993774,5.984523296356201,0.006810709368437529,20.49392318725586
8845.0,1.6497642993927002,7.3644890785217285,0.006219891365617514,20.493915557861328
8846.5,1.668845534324646,8.03309154510498,0.006349695846438408,20.49391746520996
8848.0,1.7084730863571167,7.62381649017334,0.006298686843365431,20.493919372558594
8849.5,1.6729164123535156,7.104197025299072,0.006530155427753925,20.493925094604492
8851.0,1.6550076007843018,7.514313697814941,0.007409097161144018,20.493942260742188
8852.5,1.6467492580413818,8.280340194702148,0.008379840292036533,20.493967056274414
8854.0,1.6238353252410889,7.886660575866699,0.008094003424048424,20.493959426879883
8855.5,1.617798089981079,7.062228202819824,0.006800318136811256,20.493928909301758
8857.0,1.6573032140731812,7.242527961730957,0.006085216999053955,20.49391746520996
8858.5,1.6837557554244995,7.907054901123047,0.006069364957511425,20.493915557861328
8860.0,1.6677061319351196,8.013494491577148,0.0061303433030843735,20.493915557861328
8861.5,1.6669143438339233,7.624639511108398,0.006164113525301218,20.493915557861328
8863.0,1.6997098922729492,7.692333221435547,0.006274653598666191,20.49391746520996
8864.5,1.7229046821594238,8.128204345703125,0.006609953939914703,20.49392318725586
8866.0,1.7033425569534302,7.270495414733887,0.006820742040872574,20.49392318725586
8867.5,1.676167368888855,6.172695159912109,0.0073858220130205154,20.493932723999023
8869.0,1.7570825815200806,7.539547920227051,0.009801071137189865,20.49398422241211
8870.5,1.8500176668167114,10.511777877807617,0.011776484549045563,20.494050979614258
8872.0,1.7637221813201904,9.687047958374023,0.01049687247723341,20.49401092529297
8873.5,1.6700934171676636,6.939882755279541,0.00779319740831852,20.493940353393555
8875.0,1.6868340969085693,6.753932952880859,0.006224463693797588,20.49391746520996
8876.5,1.7097792625427246,7.964263916015625,0.006019487511366606,20.493915557861328
8878.0,1.661828637123108,8.141484260559082,0.005928548518568277,20.493915557861328
8879.5,1.5882030725479126,7.466337203979492,0.005812548566609621,20.493915557861328
8881.0,1.5531865358352661,7.252525329589844,0.0058407895267009735,20.493915557861328
8882.5,1.5351848602294922,7.513428688049316,0.005711823236197233,20.493915557861328
8884.0,1.4129666090011597,5.840388298034668,0.005808282643556595,20.49391746520996
8885.5,1.3066426515579224,3.9653172492980957,0.007844207808375359,20.49395179748535
8887.0,1.489329218864441,5.085087299346924,0.012982746586203575,20.494112014770508
8888.5,1.7118089199066162,11.765325546264648,0.018564773723483086,20.49441909790039
8890.0,1.6668643951416016,12.655508041381836,0.01673198491334915,20.49432945251465
8891.5,1.557786226272583,6.17880392074585,0.01143805030733347,20.494050979614258
8893.0,1.5782766342163086,5.018393516540527,0.00707094743847847,20.49393081665039
8894.5,1.6424167156219482,6.981693267822266,0.006154871080070734,20.493919372558594
8896.0,1.6670137643814087,8.260531425476074,0.006033057346940041,20.49391746520996
8897.5,1.6759079694747925,7.623181343078613,0.006126038730144501,20.49391746520996
8899.0,1.6909143924713135,8.028022766113281,0.006186765618622303,20.493919372558594
8900.5,1.661231517791748,7.765676975250244,0.006113799288868904,20.49391746520996
8902.0,1.5695236921310425,5.886366844177246,0.006397638935595751,20.493919372558594
8903.5,1.5827205181121826,5.738862037658691,0.008313882164657116,20.493953704833984
8905.0,1.7263875007629395,8.712418556213379,0.01135303732007742,20.49404525756836
8906.5,1.7652642726898193,11.080551147460938,0.01197129674255848,20.494070053100586
8908.0,1.6817506551742554,8.753116607666016,0.010184621438384056,20.49400520324707
8909.5,1.6402227878570557,6.056572914123535,0.007620745338499546,20.493940353393555
8911.0,1.6709262132644653,7.013996601104736,0.006581425666809082,20.49392318725586
8912.5,1.6882295608520508,8.404946327209473,0.006264298222959042,20.493921279907227
8914.0,1.6553521156311035,7.685391426086426,0.00613542553037405,20.493919372558594
8915.5,1.6560033559799194,7.790175914764404,0.00607165927067399,20.49391746520996
8917.0,1.7488749027252197,8.225997924804688,0.006144254934042692,20.493915557861328
8918.5,1.6038395166397095,5.287005424499512,0.007164714392274618,20.493928909301758
8920.0,1.5220651626586914,4.635658264160156,0.010951482690870762,20.4940185546875
8921.5,1.7701395750045776,11.494088172912598,0.016925672069191933,20.494285583496094
8923.0,1.7355279922485352,15.589242935180664,0.020731225609779358,20.494504928588867
8924.5,1.4550557136535645,6.561421871185303,0.015337088145315647,20.494224548339844
8926.0,1.2761056423187256,3.5037083625793457,0.009189123287796974,20.493980407714844
8927.5,1.2719732522964478,4.194408416748047,0.006258557550609112,20.493928909301758
8929.0,1.2419885396957397,6.2701640129089355,0.005662533454596996,20.493921279907227
8930.5,1.206262469291687,6.186443328857422,0.005740589462220669,20.49392318725586
8932.0,1.245975375175476,6.024202346801758,0.005767019931226969,20.49392318725586
8933.5,1.3182945251464844,6.4070658683776855,0.005761405453085899,20.493919372558594
8935.0,1.3777302503585815,6.7414231300354,0.005715645384043455,20.49391746520996
8936.5,1.4410942792892456,6.957397937774658,0.0057437838986516,20.49391746520996
8938.0,1.5113866329193115,7.243558406829834,0.005929330829530954,20.493919372558594
8939.5,1.5862594842910767,7.76931619644165,0.006091665476560593,20.493919372558594
8941.0,1.6106534004211426,7.462611675262451,0.006006252486258745,20.49391746520996
8942.5,1.6010633707046509,6.218367099761963,0.006341163534671068,20.49392318725586
8944.0,1.6763559579849243,6.609470844268799,0.00800252053886652,20.49394989013672
8945.5,1.7556592226028442,9.721006393432617,0.010917275212705135,20.494037628173828
8947.0,1.709343671798706,10.708511352539062,0.011415272019803524,20.49406623840332
8948.5,1.6553568840026855,7.806582450866699,0.009352493099868298,20.49398422241211
8950.0,1.6829030513763428,6.3720197677612305,0.006878262851387262,20.493927001953125
8951.5,1.6954829692840576,7.212890625,0.006233407184481621,20.49391746520996
8953.0,1.6917797327041626,7.98850154876709,0.006129777990281582,20.49391746520996
8954.5,1.703292727470398,8.370597839355469,0.006085209082812071,20.493915557861328
8956.0,1.6450215578079224,7.33186149597168,0.00626457529142499,20.49391746520996
8957.5,1.595529556274414,5.3192596435546875,0.007822232320904732,20.493942260742188
8959.0,1.7626821994781494,6.245135307312012,0.01201084814965725,20.49405860900879
8960.5,1.880374550819397,11.935312271118164,0.01762344315648079,20.494295120239258
8962.0,1.7079870700836182,13.845592498779297,0.016978681087493896,20.494266510009766
8963.5,1.5916171073913574,7.525094985961914,0.012026214972138405,20.49406623840332
8965.0,1.6442382335662842,5.202253818511963,0.007928701117634773,20.49394416809082
8966.5,1.695229172706604,6.643342018127441,0.006701319478452206,20.49392318725586
8968.0,1.7046878337860107,8.376338005065918,0.006479584611952305,20.493919372558594
8969.5,1.7070086002349854,7.961630344390869,0.00632445840165019,20.49391746520996
8971.0,1.699353814125061,7.823393821716309,0.006218083668500185,20.49391746520996
8972.5,1.6709288358688354,8.20598030090332,0.006304534152150154,20.51830291748047
8974.0,1.6816749572753906,8.341675758361816,0.006521900184452534,20.518306732177734
8975.5,1.7234246730804443,8.12059497833252,0.006653161719441414,20.518306732177734
8977.0,1.730837106704712,8.048954010009766,0.006529195234179497,20.51830291748047
8978.5,1.710207462310791,8.066354751586914,0.006287424825131893,20.542654037475586
8980.0,1.6930794715881348,8.010987281799316,0.006198111921548843,20.542654037475586
8981.5,1.6963492631912231,8.135141372680664,0.006334039848297834,20.54265594482422
8983.0,1.7122126817703247,8.276742935180664,0.006570576690137386,20.5183048248291
8984.5,1.7164465188980103,8.273374557495117,0.006642312742769718,20.518306732177734
8986.0,1.7061415910720825,7.935744285583496,0.006496197544038296,20.5183048248291
8987.5,1.7012622356414795,6.892083644866943,0.006714484188705683,20.566986083984375
8989.0,1.7006142139434814,6.5789642333984375,0.00826689600944519,20.567012786865234
8990.5,1.7072514295578003,8.71873950958252,0.010779356583952904,20.542755126953125
8992.0,1.726291298866272,10.542190551757812,0.011722727678716183,20.542783737182617
8993.5,1.7270829677581787,8.920329093933105,0.010032407939434052,20.542728424072266
8995.0,1.7129971981048584,7.2313690185546875,0.007891381159424782,20.493938446044922
8996.5,1.7253552675247192,7.737042427062988,0.0068082986399531364,20.49392318725586
8998.0,1.7296254634857178,8.45035171508789,0.006259130779653788,20.49391746520996
8999.5,1.672208547592163,7.085735321044922,0.006164570804685354,20.493915557861328
9001.0,1.6188180446624756,5.333645820617676,0.007084517274051905,20.493928909301758
9002.5,1.6785609722137451,6.141195297241211,0.010908002033829689,20.4940185546875
9004.0,1.7671328783035278,10.602733612060547,0.01586245745420456,20.494218826293945
9005.5,1.7378573417663574,11.190973281860352,0.014046238735318184,20.494136810302734
9007.0,1.6659133434295654,7.621172904968262,0.010183990001678467,20.49399757385254
9008.5,1.6734230518341064,6.378561496734619,0.007208843715488911,20.493927001953125
9010.0,1.712132215499878,7.508847236633301,0.006399613805115223,20.49391746520996
9011.5,1.7119406461715698,8.016252517700195,0.0062540387734770775,20.493915557861328
9013.0,1.6987090110778809,7.9094390869140625,0.0061749243177473545,20.493915557861328
9014.5,1.704404592514038,7.934938430786133,0.006207637954503298,20.493915557861328
9016.0,1.7105867862701416,8.011587142944336,0.006152101326733828,20.493915557861328
9017.5,1.7264018058776855,8.08392333984375,0.0062353177927434444,20.493915557861328
9019.0,1.7405544519424438,8.077798843383789,0.006420233752578497,20.493915557861328
9020.5,1.7403430938720703,8.088409423828125,0.0064880079589784145,20.493915557861328
9022.0,1.746950387954712,8.305051803588867,0.006364337634295225,20.493915557861328
9023.5,1.745492935180664,8.486034393310547,0.006388993468135595,20.493919372558594
9025.0,1.7378852367401123,8.398210525512695,0.006481065880507231,20.493919372558594
9026.5,1.7598121166229248,8.188308715820312,0.0065329065546393394,20.49391746520996
9028.0,1.7773869037628174,8.051712989807129,0.0065071373246610165,20.49391746520996
9029.5,1.753522515296936,8.061127662658691,0.006532527972012758,20.49391746520996
9031.0,1.7324881553649902,8.253928184509277,0.0064147175289690495,20.493919372558594
9032.5,1.7368628978729248,8.428112030029297,0.0063401623629033566,20.493919372558594
9034.0,1.7467365264892578,8.445055961608887,0.006289856042712927,20.49391746520996
9035.5,1.742017149925232,8.182220458984375,0.006238529924303293,20.493915557861328
9037.0,1.7219526767730713,7.652565002441406,0.00613830192014575,20.493915557861328
9038.5,1.7298904657363892,7.740339279174805,0.006701465230435133,20.493925094604492
9040.0,1.7688183784484863,8.835186004638672,0.007770452182739973,20.493946075439453
9041.5,1.7438946962356567,9.218502044677734,0.008183715865015984,20.49395751953125
9043.0,1.6803001165390015,8.060932159423828,0.007382852956652641,20.493940353393555
9044.5,1.6870503425598145,7.504200458526611,0.006654286291450262,20.493925094604492
9046.0,1.6991312503814697,8.049324035644531,0.006303357891738415,20.493919372558594
9047.5,1.630774974822998,7.633506774902344,0.006144092418253422,20.49391746520996
9049.0,1.5982575416564941,6.839341163635254,0.006322454661130905,20.493921279907227
9050.5,1.632225513458252,7.884483337402344,0.007872631773352623,20.49394989013672
9209.5,1.665749430656433,7.681324481964111,0.006188043858855963,20.493915557861328
9211.0,1.698846697807312,7.9599127769470215,0.006209324114024639,20.493915557861328
9212.5,1.7342215776443481,8.232135772705078,0.006240209098905325,20.493915557861328
9214.0,1.759363055229187,8.214893341064453,0.0062563177198171616,20.493915557861328
9215.5,1.7897149324417114,8.14753246307373,0.006377559155225754,20.493915557861328
9217.0,1.8010202646255493,8.302045822143555,0.006627206690609455,20.493919372558594
9218.5,1.7841134071350098,8.587024688720703,0.006991243921220303,20.493927001953125
9220.0,1.779067873954773,8.744705200195312,0.007129866164177656,20.493928909301758
9221.5,1.7679338455200195,8.467144012451172,0.0068170372396707535,20.493925094604492
9223.0,1.733424425125122,7.880918502807617,0.006393073126673698,20.49391746520996
9224.5,1.7230398654937744,7.507959842681885,0.0064032720401883125,20.493919372558594
9226.0,1.7423919439315796,7.7534918785095215,0.006620153319090605,20.49392318725586
9227.5,1.7496418952941895,8.372659683227539,0.006974584888666868,20.493928909301758
9229.0,1.7511436939239502,8.736836433410645,0.00700000673532486,20.493928909301758
9230.5,1.7480911016464233,8.547470092773438,0.006628599017858505,20.49392318725586
9232.0,1.7311253547668457,8.142587661743164,0.006312166340649128,20.49391746520996
9233.5,1.7356927394866943,8.035778999328613,0.006247113458812237,20.493915557861328
9235.0,1.7670385837554932,8.238138198852539,0.006306573748588562,20.493915557861328
9236.5,1.7810226678848267,8.355335235595703,0.006397976074367762,20.493915557861328
9238.0,1.7699207067489624,8.338088989257812,0.006403899751603603,20.493915557861328
9239.5,1.7571805715560913,8.38255500793457,0.006382581777870655,20.493915557861328
9241.0,1.7447654008865356,8.42407512664795,0.006354950834065676,20.493915557861328
9242.5,1.7558672428131104,8.387266159057617,0.006372947245836258,20.493915557861328
9244.0,1.7840158939361572,8.359193801879883,0.0064010946080088615,20.493915557861328
9245.5,1.77731192111969,8.409777641296387,0.00637961458414793,20.493915557861328
9247.0,1.763746738433838,8.509358406066895,0.006401329766958952,20.493915557861328
9248.5,1.7922675609588623,8.530176162719727,0.006557991728186607,20.49391746520996
9250.0,1.8153913021087646,8.446946144104004,0.006655694451183081,20.493919372558594
9251.5,1.8052390813827515,8.34455680847168,0.006592568475753069,20.493921279907227
9253.0,1.795192837715149,8.335673332214355,0.006789541337639093,20.49392318725586
9254.5,1.801141619682312,8.414819717407227,0.006742816884070635,20.49392318725586
9256.0,1.8160223960876465,8.425029754638672,0.006614820100367069,20.493921279907227
9257.5,1.8055795431137085,8.408780097961426,0.006607676390558481,20.493919372558594
9259.0,1.7725632190704346,8.401531219482422,0.006417283788323402,20.49391746520996
9260.5,1.7650043964385986,8.265091896057129,0.006312178447842598,20.493915557861328
9262.0,1.7712723016738892,8.150423049926758,0.006393175106495619,20.493915557861328
9263.5,1.7428665161132812,8.226099014282227,0.006516888737678528,20.49391746520996
9265.0,1.7005679607391357,8.195891380310059,0.006516076158732176,20.493919372558594
9266.5,1.6803486347198486,7.98033332824707,0.006435147020965815,20.493919372558594
9268.0,1.6701817512512207,7.83974027633667,0.006326348055154085,20.493919372558594
9269.5,1.660513162612915,7.804161548614502,0.0061986627988517284,20.493915557861328
9271.0,1.6596097946166992,7.871127128601074,0.006175776477903128,20.493915557861328
9272.5,1.6810262203216553,8.059892654418945,0.006268362049013376,20.493915557861328
9274.0,1.696468710899353,8.086421966552734,0.006273957900702953,20.493915557861328
9275.5,1.678610920906067,7.949777603149414,0.0063184453174471855,20.49391746520996
9277.0,1.6687358617782593,8.038935661315918,0.006301861722022295,20.493915557861328
9278.5,1.6896144151687622,8.223240852355957,0.006341979373246431,20.493915557861328
9280.0,1.693953275680542,8.11888313293457,0.0064563509076833725,20.49391746520996
9281.5,1.6883773803710938,7.851914405822754,0.006628765258938074,20.49391746520996
9283.0,1.7086434364318848,7.885796546936035,0.006717565935105085,20.49391746520996
9284.5,1.7277445793151855,7.949063301086426,0.0066208806820213795,20.49391746520996
9286.0,1.7192374467849731,7.87997579574585,0.006557486951351166,20.49391746520996
9287.5,1.6981909275054932,8.004531860351562,0.006851194426417351,20.49392318725586
9289.0,1.7073254585266113,8.371445655822754,0.007240360137075186,20.493928909301758
9290.5,1.7334091663360596,8.60729694366455,0.00726086413487792,20.493928909301758
9292.0,1.7169901132583618,8.279220581054688,0.006926523521542549,20.493925094604492
9293.5,1.6841330528259277,7.876616954803467,0.00674176262691617,20.49392318725586
9295.0,1.6971592903137207,8.068988800048828,0.006970241665840149,20.493925094604492
9296.5,1.7429680824279785,8.509215354919434,0.007420036476105452,20.493932723999023
9298.0,1.758288860321045,8.456159591674805,0.007619034498929977,20.493934631347656
9299.5,1.7238703966140747,7.933564186096191,0.0072991917841136456,20.493927001953125
9301.0,1.7169954776763916,7.8824639320373535,0.007159423548728228,20.49392318725586
9302.5,1.7959758043289185,8.478715896606445,0.007152196019887924,20.493921279907227
9304.0,1.7106597423553467,8.000545501708984,0.007518516853451729,20.49392318725586
9305.5,1.6472805738449097,6.215164661407471,0.008091658353805542,20.493934631347656
9307.0,1.7577414512634277,6.029166221618652,0.010321694426238537,20.493989944458008
9308.5,1.8611067533493042,9.357173919677734,0.014704454690217972,20.494159698486328
9310.0,1.9119985103607178,13.937915802001953,0.019970275461673737,20.494401931762695
9311.5,1.744486927986145,9.329280853271484,0.0211580041795969,20.49447250366211
9313.0,1.6097570657730103,4.357623100280762,0.019354602321982384,20.494394302368164
9314.5,1.7063465118408203,6.229028701782227,0.02053198777139187,20.494441986083984
9316.0,1.8139780759811401,15.941404342651367,0.023752056062221527,20.494674682617188
9317.5,1.7626947164535522,11.64454174041748,0.023984551429748535,20.49468421936035
9319.0,1.7158350944519043,5.571512222290039,0.021224722266197205,20.49445343017578
9320.5,1.7121862173080444,5.548969745635986,0.01553709339350462,20.4941463470459
9322.0,1.71402108669281,6.250308036804199,0.012026406824588776,20.49403190612793
9323.5,1.7245500087738037,5.161706447601318,0.013101902790367603,20.494062423706055
9325.0,1.8313322067260742,7.836129188537598,0.018714142963290215,20.49428367614746
9326.5,1.849855661392212,16.040189743041992,0.02719561569392681,20.494853973388672
9328.0,1.743504285812378,14.980522155761719,0.026860354468226433,20.494831085205078
9329.5,1.6019837856292725,6.88801908493042,0.017799237743020058,20.4942569732666
9331.0,1.6063711643218994,5.261411666870117,0.009629570879042149,20.493961334228516
9332.5,1.6998943090438843,7.252739906311035,0.0083088930696249,20.49394416809082
9334.0,1.7378333806991577,9.613462448120117,0.008782114833593369,20.49395751953125
9335.5,1.6941503286361694,8.320059776306152,0.009242316707968712,20.493961334228516
9337.0,1.6310243606567383,6.458142280578613,0.009857695549726486,20.49396324157715
9338.5,1.7122344970703125,6.760835647583008,0.01154905091971159,20.494009017944336
9340.0,1.844306468963623,9.208157539367676,0.014175607822835445,20.494115829467773
9341.5,1.774997591972351,10.38162612915039,0.015291023999452591,20.49418067932129
9343.0,1.6650813817977905,8.811481475830078,0.012916353531181812,20.49407958984375
9344.5,1.6952518224716187,7.144582271575928,0.010429237969219685,20.493974685668945
9346.0,1.7062151432037354,7.213658332824707,0.010855365544557571,20.49396324157715
9347.5,1.658454418182373,7.721875190734863,0.01180177927017212,20.493982315063477
9349.0,1.6550753116607666,7.774153232574463,0.01041517872363329,20.49396514892578
9350.5,1.6920093297958374,8.13935661315918,0.008935905992984772,20.493953704833984
9352.0,1.718769907951355,8.8136568069458,0.00820817518979311,20.493947982788086
9353.5,1.7166322469711304,8.70437240600586,0.008157984353601933,20.493946075439453
9355.0,1.679973840713501,7.989382743835449,0.008470344357192516,20.493946075439453
9356.5,1.6749533414840698,7.760034561157227,0.009305008687078953,20.49395179748535
9358.0,1.7046376466751099,8.111808776855469,0.00987060647457838,20.49394989013672
9359.5,1.705306053161621,7.976642608642578,0.009597827680408955,20.493946075439453
9361.0,1.7009068727493286,7.551068305969238,0.009612157009541988,20.49394416809082
9362.5,1.7314027547836304,7.843841552734375,0.009061814285814762,20.493942260742188
9364.0,1.7532999515533447,8.39340591430664,0.008240535855293274,20.49393653869629
9365.5,1.7429347038269043,8.367656707763672,0.007725556381046772,20.493932723999023
9367.0,1.7399154901504517,8.105713844299316,0.007948195561766624,20.493932723999023
9368.5,1.750954508781433,7.888394832611084,0.008642012253403664,20.493938446044922
9370.0,1.7646633386611938,7.941886901855469,0.009266259148716927,20.49394989013672
9371.5,1.7559723854064941,8.373046875,0.009665518999099731,20.49395751953125
9373.0,1.6448479890823364,7.121172904968262,0.010380192659795284,20.493974685668945
9374.5,1.5332239866256714,4.235727310180664,0.014305057004094124,20.494089126586914
9376.0,1.6657018661499023,4.136486053466797,0.021886860951781273,20.494510650634766
9377.5,1.9612698554992676,10.865190505981445,0.030921626836061478,20.495271682739258
9379.0,2.002863645553589,20.094743728637695,0.03570682555437088,20.495765686035156
9380.5,1.5423918962478638,7.702667236328125,0.036284226924180984,20.495738983154297
9382.0,1.2041077613830566,2.4665005207061768,0.028304841369390488,20.494924545288086
9383.5,1.5450109243392944,3.7959768772125244,0.015371851623058319,20.49411392211914
9385.0,1.8796659708023071,8.617840766906738,0.011430216021835804,20.494007110595703
9386.5,1.7989025115966797,9.917814254760742,0.00994005985558033,20.49397850036621
9388.0,1.6990073919296265,8.082208633422852,0.00901643093675375,20.49395751953125
9389.5,1.721200704574585,8.115610122680664,0.008912364020943642,20.49395179748535
9391.0,1.7598947286605835,8.649953842163086,0.008642417378723621,20.49394416809082
9392.5,1.7727241516113281,8.428003311157227,0.007658746559172869,20.493928909301758
9394.0,1.7460182905197144,8.013801574707031,0.007098831236362457,20.49392318725586
9395.5,1.714709758758545,7.932494640350342,0.006968301720917225,20.49392318725586
9397.0,1.734623670578003,8.101188659667969,0.0070360032841563225,20.49392318725586
9398.5,1.765959620475769,8.374319076538086,0.007308177649974823,20.493927001953125
9400.0,1.744598388671875,8.087247848510742,0.00759000051766634,20.493932723999023
9401.5,1.7186024188995361,7.222144603729248,0.008126485161483288,20.493942260742188
9403.0,1.7536156177520752,7.642511367797852,0.010443592444062233,20.49399185180664
9404.5,1.8005269765853882,9.249560356140137,0.012569466605782509,20.49407386779785
9406.0,1.779150366783142,9.217095375061035,0.012301038950681686,20.494064331054688
9407.5,1.7208940982818604,7.707045555114746,0.010019556619226933,20.493986129760742
9409.0,1.7034695148468018,7.1376824378967285,0.007915339432656765,20.49393653869629
9410.5,1.7067334651947021,7.668665409088135,0.007373370695859194,20.493925094604492
9412.0,1.718912124633789,7.916161060333252,0.007586462423205376,20.493925094604492
9413.5,1.76630437374115,7.94132661819458,0.007979354821145535,20.493927001953125
9415.0,1.782393455505371,8.143770217895508,0.007864920422434807,20.493927001953125
9416.5,1.7037882804870605,7.922543525695801,0.0072859530337154865,20.49392318725586
9418.0,1.6207497119903564,6.876132965087891,0.007199958432465792,20.49392318725586
9419.5,1.675750970840454,6.192178726196289,0.00867099966853857,20.493947982788086
9421.0,1.7639415264129639,7.110415458679199,0.012399796396493912,20.494047164916992
9422.5,1.6833484172821045,9.113092422485352,0.01620466075837612,20.494218826293945
9424.0,1.5740513801574707,9.30987548828125,0.015620064921677113,20.494203567504883
9425.5,1.6170473098754883,7.1654462814331055,0.012269207276403904,20.49405288696289
9427.0,1.672996163368225,6.335980415344238,0.008957065641880035,20.49395751953125
9428.5,1.655689001083374,7.167478084564209,0.00844247080385685,20.49394416809082
9430.0,1.6324973106384277,7.879194259643555,0.009374504908919334,20.493947982788086
9431.5,1.6186602115631104,7.728458404541016,0.009807330556213856,20.49394989013672
9433.0,1.6273895502090454,7.433306694030762,0.008929822593927383,20.493940353393555
9434.5,1.6755934953689575,7.728579521179199,0.00795896165072918,20.493928909301758
9436.0,1.7171670198440552,8.405158996582031,0.007232434116303921,20.49392318725586
9437.5,1.6511932611465454,6.814186096191406,0.007227681577205658,20.493927001953125
9439.0,1.5364289283752441,4.696520805358887,0.008931503631174564,20.49395751953125
9440.5,1.7229684591293335,6.519747734069824,0.0190181452780962,20.494312286376953
9442.0,2.079967975616455,13.076950073242188,0.034448087215423584,20.49561309814453
9443.5,1.9471675157546997,12.514115333557129,0.04112885147333145,20.496450424194336
9445.0,1.5634089708328247,6.540928840637207,0.03406449779868126,20.495628356933594
9446.5,1.5525246858596802,4.692856788635254,0.016245517879724503,20.49418067932129
9448.0,1.7232757806777954,5.983551502227783,0.009353714063763618,20.49395751953125
9449.5,1.7948817014694214,8.657672882080078,0.008592000231146812,20.49394989013672
9451.0,1.7668839693069458,8.694252014160156,0.008570901118218899,20.49395179748535
9452.5,1.7315266132354736,8.060029983520508,0.00847467128187418,20.49394989013672
9454.0,1.7614660263061523,8.41048812866211,0.008073653094470501,20.493942260742188
9455.5,1.762069582939148,8.094249725341797,0.00792773999273777,20.493934631347656
9457.0,1.6566600799560547,6.093791484832764,0.008440127596259117,20.493940353393555
9458.5,1.6761627197265625,5.6749114990234375,0.011785732582211494,20.4940185546875
9460.0,1.9099317789077759,8.331404685974121,0.01857992634177208,20.49434471130371
9461.5,1.9294461011886597,11.36023998260498,0.02285626530647278,20.494598388671875
9463.0,1.6957114934921265,9.827033996582031,0.02557533048093319,20.49477195739746
9464.5,1.6727828979492188,6.883037567138672,0.016532976180315018,20.518587112426758
9466.0,1.8006809949874878,6.7888007164001465,0.009553615935146809,20.542695999145508
9467.5,1.773901104927063,8.055206298828125,0.007841372862458229,20.542667388916016
9469.0,1.7038158178329468,8.231826782226562,0.0075424485839903355,20.54266357421875
9470.5,1.7240842580795288,7.685454368591309,0.00792644266039133,20.542667388916016
9472.0,1.7705018520355225,8.076569557189941,0.008275635540485382,20.54266929626465
9473.5,1.784031629562378,8.87947940826416,0.008130879141390324,20.542667388916016
9475.0,1.6912028789520264,6.853259086608887,0.00797110702842474,20.493932723999023
9476.5,1.6028516292572021,4.860995292663574,0.01071713026612997,20.493989944458008
9478.0,1.7811622619628906,5.7886223793029785,0.019448472186923027,20.49436378479004
9479.5,1.9747023582458496,12.214570999145508,0.026990320533514023,20.494915008544922
9481.0,1.8032079935073853,14.51761245727539,0.02701202780008316,20.49500274658203
9482.5,1.634695053100586,8.984441757202148,0.022369002923369408,20.49458122253418
9484.0,1.7312800884246826,5.811812400817871,0.014430457726120949,20.494096755981445
9485.5,1.7874221801757812,6.771810054779053,0.010520962998270988,20.493974685668945
9487.0,1.7442474365234375,8.611278533935547,0.00851426925510168,20.493942260742188
9488.5,1.7447048425674438,8.435098648071289,0.00776262441650033,20.49393081665039
9490.0,1.7617864608764648,8.012290954589844,0.007498384453356266,20.493927001953125
9491.5,1.749790906906128,8.192776679992676,0.007407231722027063,20.493927001953125
9493.0,1.74898362159729,8.518110275268555,0.007470692042261362,20.493928909301758
9494.5,1.755022406578064,8.486312866210938,0.007834932766854763,20.493934631347656
9496.0,1.724775791168213,8.138580322265625,0.008466711267828941,20.493940353393555
9497.5,1.7059732675552368,8.097087860107422,0.009025304578244686,20.493942260742188
9499.0,1.7405978441238403,8.607251167297363,0.009081607684493065,20.493942260742188
9500.5,1.711301565170288,7.641315460205078,0.008937937207520008,20.493940353393555
9502.0,1.6003103256225586,5.165412902832031,0.009861599653959274,20.493959426879883
9503.5,1.6254713535308838,4.790957927703857,0.017069432884454727,20.494205474853516
9505.0,1.7831255197525024,7.672964096069336,0.02674764208495617,20.49486541748047
9506.5,1.7696049213409424,11.232608795166016,0.02020864561200142,20.494468688964844
9508.0,1.629734992980957,9.766717910766602,0.013830848969519138,20.49413299560547
9509.5,1.6530450582504272,7.458352088928223,0.009277516044676304,20.493968963623047
9511.0,1.749221682548523,7.7266130447387695,0.0073766824789345264,20.493927001953125
9512.5,1.742159128189087,8.146256446838379,0.007134977728128433,20.49392318725586
9514.0,1.7168934345245361,7.976361274719238,0.00716426270082593,20.49392318725586
9515.5,1.7229410409927368,8.406013488769531,0.007206297945231199,20.49392318725586
9517.0,1.714582085609436,8.110520362854004,0.007453549187630415,20.493925094604492
9518.5,1.7006216049194336,5.921815395355225,0.008746540173888206,20.493942260742188
9520.0,1.7667428255081177,5.483965873718262,0.013044853694736958,20.494050979614258
9521.5,1.9098488092422485,9.10286808013916,0.020116940140724182,20.49439811706543
9523.0,1.904765009880066,13.831525802612305,0.023201538249850273,20.494606018066406
9524.5,1.747864007949829,11.673980712890625,0.0191173292696476,20.49433708190918
9526.0,1.6854654550552368,7.648676872253418,0.011797496117651463,20.46959686279297
9527.5,1.7236053943634033,7.112940311431885,0.008920345455408096,20.469533920288086
9529.0,1.7392449378967285,8.18678092956543,0.008272664621472359,20.46952247619629
9530.5,1.7327508926391602,8.446005821228027,0.008401495404541492,20.469526290893555
9532.0,1.7499970197677612,8.603952407836914,0.008785106241703033,20.469533920288086
9533.5,1.7710283994674683,8.965291976928711,0.008589107543230057,20.469532012939453
9535.0,1.7718496322631836,8.660205841064453,0.008048963733017445,20.469524383544922
9536.5,1.756318211555481,8.02588939666748,0.007943560369312763,20.469524383544922
9538.0,1.7555099725723267,8.236194610595703,0.008383162319660187,20.469532012939453
9539.5,1.779639720916748,8.897993087768555,0.009061995893716812,20.469545364379883
9541.0,1.780545711517334,8.93753719329834,0.008828571997582912,20.469541549682617
9542.5,1.749563455581665,8.352240562438965,0.008051061071455479,20.469524383544922
9544.0,1.7385872602462769,8.110982894897461,0.007657542359083891,20.469514846801758
9545.5,1.7512173652648926,8.25005054473877,0.00799451395869255,20.46951675415039
9547.0,1.760729432106018,8.260334014892578,0.008447172120213509,20.469520568847656
9548.5,1.7616896629333496,8.27296257019043,0.00843112450093031,20.469520568847656
9550.0,1.7311826944351196,7.951281547546387,0.007956969551742077,20.46951675415039
9551.5,1.7164485454559326,6.991538047790527,0.007896140217781067,20.469520568847656
9553.0,1.7615058422088623,7.075957298278809,0.009680530987679958,20.469560623168945
9554.5,1.7336597442626953,8.67603588104248,0.013708065263926983,20.469703674316406
9556.0,1.635604977607727,9.109672546386719,0.01706504449248314,20.469873428344727
9557.5,1.6376733779907227,7.440396308898926,0.015417399816215038,20.469770431518555
9559.0,1.6896615028381348,6.472853660583496,0.01140122301876545,20.469593048095703
9560.5,1.692009449005127,7.0414299964904785,0.008965208195149899,20.46953582763672
9562.0,1.6952404975891113,8.336814880371094,0.008345594629645348,20.469528198242188
9563.5,1.7228797674179077,8.548691749572754,0.008158831857144833,20.469528198242188
9565.0,1.692887306213379,7.16048526763916,0.00824965164065361,20.46953010559082
9566.5,1.645931601524353,5.7531938552856445,0.00967421755194664,20.469554901123047
9568.0,1.7742836475372314,7.2289276123046875,0.015535975806415081,20.46974754333496
9569.5,1.9346884489059448,11.452526092529297,0.024079497903585434,20.470272064208984
9571.0,1.771461844444275,11.066875457763672,0.02530968375504017,20.470369338989258
9572.5,1.5457913875579834,6.226346969604492,0.01940029300749302,20.469980239868164
9574.0,1.6057406663894653,5.262999534606934,0.012055805884301662,20.46961784362793
9575.5,1.739391803741455,6.705400466918945,0.008529482409358025,20.469533920288086
9577.0,1.7687221765518188,8.387502670288086,0.007603779435157776,20.46951675415039
9578.5,1.7340031862258911,8.172830581665039,0.007405539508908987,20.469514846801758
9580.0,1.7016003131866455,7.925480842590332,0.007427067495882511,20.469514846801758
9581.5,1.693528413772583,8.076982498168945,0.007652354426681995,20.46951675415039
9583.0,1.6787043809890747,8.141003608703613,0.008149554952979088,20.469518661499023
9584.5,1.6449017524719238,8.025209426879883,0.0082335090264678,20.469518661499023
9586.0,1.6368106603622437,7.9089765548706055,0.007667741738259792,20.469514846801758
9587.5,1.663262128829956,7.921543121337891,0.007289452478289604,20.469511032104492
9718.0,1.5928159952163696,6.626605033874512,0.00977135356515646,20.469575881958008
9719.5,1.6329532861709595,6.145846843719482,0.009923417121171951,20.469575881958008
9721.0,1.6978099346160889,7.517041206359863,0.013335186056792736,20.469690322875977
9722.5,1.6860480308532715,9.439615249633789,0.018126312643289566,20.46991539001465
9724.0,1.5885194540023804,8.993684768676758,0.018103886395692825,20.46990966796875
9725.5,1.5567700862884521,7.1942458152771,0.014234957285225391,20.4697208404541
9727.0,1.6213982105255127,6.555020809173584,0.009964440949261189,20.469562530517578
9728.5,1.6496328115463257,7.565929412841797,0.00847481470555067,20.469533920288086
9730.0,1.641919493675232,8.445127487182617,0.008197436109185219,20.46953010559082
9731.5,1.663320779800415,8.195697784423828,0.008227461017668247,20.46953010559082
9733.0,1.6843950748443604,7.715006351470947,0.008106621913611889,20.469526290893555
9734.5,1.6674977540969849,7.817516326904297,0.008197207935154438,20.469528198242188
9736.0,1.6417129039764404,7.975918292999268,0.008631207048892975,20.46953773498535
9737.5,1.6487491130828857,7.6431474685668945,0.009831455536186695,20.469566345214844
9739.0,1.6786532402038574,7.5204057693481445,0.011758371256291866,20.469623565673828
9740.5,1.6778788566589355,8.021967887878418,0.013320510275661945,20.46967887878418
9742.0,1.6247793436050415,8.212514877319336,0.012589843943715096,20.469661712646484
9743.5,1.5651262998580933,7.737759590148926,0.01042086910456419,20.469587326049805
9745.0,1.5697764158248901,7.495160102844238,0.00856795720756054,20.46953773498535
9746.5,1.6247824430465698,7.786208629608154,0.008978665806353092,20.469545364379883
9748.0,1.632930040359497,8.134472846984863,0.010163571685552597,20.469579696655273
9749.5,1.5977845191955566,7.839813232421875,0.010433981195092201,20.469593048095703
9751.0,1.602318525314331,7.304748058319092,0.00961205642670393,20.469562530517578
9752.5,1.6432359218597412,7.301668643951416,0.008719252422451973,20.46953582763672
9754.0,1.6619025468826294,7.767385959625244,0.008143029175698757,20.46952247619629
9755.5,1.6538630723953247,8.027997970581055,0.007995941676199436,20.469518661499023
9757.0,1.6470458507537842,7.821433067321777,0.008053570054471493,20.469520568847656
9758.5,1.6387863159179688,7.620236396789551,0.008137225173413754,20.46952247619629
9760.0,1.6234846115112305,7.68048095703125,0.008146565407514572,20.469524383544922
9761.5,1.6219640970230103,7.893267631530762,0.008115459233522415,20.46952247619629
9763.0,1.6372499465942383,7.994790077209473,0.008052592165768147,20.469520568847656
9764.5,1.656258463859558,7.8917436599731445,0.008128619752824306,20.469518661499023
9766.0,1.649903655052185,7.77437686920166,0.008304723538458347,20.469520568847656
9767.5,1.6268573999404907,7.7529191970825195,0.008252636529505253,20.469520568847656
9769.0,1.634318470954895,7.778329849243164,0.008352069184184074,20.469518661499023
9770.5,1.6184757947921753,7.668925762176514,0.008191730827093124,20.469518661499023
9772.0,1.6174217462539673,7.541950225830078,0.008169629611074924,20.46951675415039
9773.5,1.6611562967300415,7.595664024353027,0.008194115944206715,20.46951675415039
9775.0,1.6698594093322754,7.656646251678467,0.008196338079869747,20.46951675415039
9776.5,1.6193968057632446,7.649455547332764,0.008150838315486908,20.469518661499023
9778.0,1.613900065422058,7.777361869812012,0.007852563634514809,20.469518661499023
9779.5,1.6359941959381104,7.935478687286377,0.007926352322101593,20.469518661499023
9781.0,1.6035239696502686,8.035820007324219,0.007923427037894726,20.469520568847656
9782.5,1.5651202201843262,7.853537559509277,0.007952467538416386,20.469520568847656
9784.0,1.5695440769195557,7.517589092254639,0.00810159184038639,20.46952247619629
9785.5,1.5778793096542358,7.504413604736328,0.008054275065660477,20.46952247619629
9787.0,1.560665249824524,7.589778900146484,0.007966232486069202,20.46952247619629
9788.5,1.5324867963790894,6.424993515014648,0.00831688567996025,20.469526290893555
9790.0,1.5346535444259644,4.905381679534912,0.009952027350664139,20.46956443786621
9791.5,1.6374804973602295,4.868004322052002,0.015440171584486961,20.542892456054688
9793.0,1.7670650482177734,8.058574676513672,0.023741483688354492,20.54340171813965
9794.5,1.706268072128296,13.396403312683105,0.027915319427847862,20.54368019104004
9796.0,1.5369948148727417,12.534819602966309,0.02416067197918892,20.54336166381836
9797.5,1.533746361732483,7.482398509979248,0.01548469252884388,20.54289436340332
9799.0,1.6359317302703857,5.777935028076172,0.010847912169992924,20.54274559020996
9800.5,1.6587615013122559,6.387161731719971,0.012355140410363674,20.54279136657715
9802.0,1.63044011592865,8.510993003845215,0.014944689348340034,20.469755172729492
9803.5,1.616540789604187,9.270895004272461,0.01562193501740694,20.46977424621582
9805.0,1.5920363664627075,8.350907325744629,0.01350458338856697,20.46967887878418
9806.5,1.5565929412841797,7.450831890106201,0.010102466680109501,20.46957015991211
9808.0,1.5798479318618774,7.574069976806641,0.008911209180951118,20.46954345703125
9809.5,1.6171388626098633,7.843715667724609,0.00926339440047741,20.469552993774414
9811.0,1.5946810245513916,7.5911946296691895,0.009868429973721504,20.469568252563477
9812.5,1.5904936790466309,7.3689422607421875,0.010253733955323696,20.469579696655273
9814.0,1.6268826723098755,7.577714920043945,0.01101745292544365,20.469600677490234
9815.5,1.6427769660949707,8.042537689208984,0.011447963304817677,20.46961784362793
9817.0,1.631514549255371,8.311100006103516,0.010765193030238152,20.469593048095703
9818.5,1.6156160831451416,8.134340286254883,0.01003863476216793,20.469572067260742
9820.0,1.6096700429916382,8.17039680480957,0.009937386028468609,20.46957015991211
9821.5,1.6162464618682861,8.379984855651855,0.009822271764278412,20.469566345214844
9823.0,1.617915153503418,8.311616897583008,0.009209086187183857,20.46954917907715
9824.5,1.58804452419281,7.90138053894043,0.008631376549601555,20.469533920288086
9826.0,1.5585638284683228,7.486445426940918,0.008399160578846931,20.46953010559082
9827.5,1.5851141214370728,7.471277236938477,0.008630439639091492,20.469532012939453
9829.0,1.6291381120681763,7.936139106750488,0.009119153022766113,20.46954345703125
9830.5,1.6242953538894653,8.361047744750977,0.00952618196606636,20.469552993774414
9832.0,1.5937578678131104,8.278103828430176,0.009445571340620518,20.46955680847168
9833.5,1.5894148349761963,7.830863952636719,0.009148921817541122,20.46954917907715
9835.0,1.6012558937072754,7.548864364624023,0.008880388922989368,20.469541549682617
9836.5,1.5909078121185303,7.5439629554748535,0.008603209629654884,20.46953582763672
9838.0,1.5544060468673706,7.466460227966309,0.008375486359000206,20.469533920288086
9839.5,1.521522879600525,7.308916091918945,0.008253990672528744,20.469532012939453
9841.0,1.5126014947891235,7.269665718078613,0.008130070753395557,20.469528198242188
9842.5,1.5222707986831665,7.350361347198486,0.008142943494021893,20.469526290893555
9844.0,1.523925542831421,7.480200290679932,0.008161856792867184,20.469526290893555
9845.5,1.5084928274154663,7.176255226135254,0.008232892490923405,20.469528198242188
9847.0,1.525546669960022,6.603880882263184,0.008580327033996582,20.469532012939453
9848.5,1.627942681312561,6.997417449951172,0.00988797564059496,20.46956443786621
9850.0,1.7329530715942383,8.45785903930664,0.01339558232575655,20.469684600830078
9851.5,1.674453854560852,8.827253341674805,0.016607781872153282,20.46983528137207
9853.0,1.5358173847198486,7.746690273284912,0.01536258589476347,20.46977996826172
9854.5,1.5310996770858765,7.0164337158203125,0.011667197570204735,20.469619750976562
9856.0,1.6096049547195435,7.114710807800293,0.009229550138115883,20.46954345703125
9857.5,1.6213784217834473,7.413166046142578,0.008654645644128323,20.46953010559082
9859.0,1.5889848470687866,7.500188827514648,0.008531950414180756,20.469528198242188
9860.5,1.5744577646255493,7.484241962432861,0.008484561927616596,20.469528198242188
9862.0,1.5679106712341309,7.5694966316223145,0.00846601091325283,20.469528198242188
9863.5,1.5543651580810547,7.623894214630127,0.008410298265516758,20.469526290893555
9865.0,1.557472586631775,7.420117378234863,0.008405013009905815,20.469524383544922
9866.5,1.5958882570266724,7.531227111816406,0.008608859032392502,20.469528198242188
9868.0,1.607829213142395,7.946537494659424,0.008748096413910389,20.46953010559082
9869.5,1.5512324571609497,7.211621284484863,0.00899871252477169,20.469539642333984
9871.0,1.5142111778259277,5.521383762359619,0.010111918672919273,20.469568252563477
9872.5,1.5619869232177734,5.59445858001709,0.01530512422323227,20.46974754333496
9874.0,1.6248222589492798,7.450240135192871,0.02373499982059002,20.47024917602539
9875.5,1.6135363578796387,9.023653984069824,0.029561176896095276,20.470705032348633
9877.0,1.531727910041809,7.965447425842285,0.027578571811318398,20.47049331665039
9878.5,1.5064177513122559,6.478201866149902,0.016417738050222397,20.46979522705078
9880.0,1.5690351724624634,6.8085222244262695,0.0106329545378685,20.469579696655273
9881.5,1.599959373474121,7.7589030265808105,0.00933821965008974,20.46954345703125
9883.0,1.5932835340499878,7.840102672576904,0.009038222953677177,20.46953582763672
9884.5,1.6001050472259521,7.803082466125488,0.009074917063117027,20.46953773498535
9886.0,1.6353895664215088,8.044912338256836,0.009476027451455593,20.46954345703125
9887.5,1.6862845420837402,8.282270431518555,0.00992270652204752,20.469554901123047
9889.0,1.7239266633987427,8.564393043518066,0.010424735024571419,20.469566345214844
9890.5,1.6746232509613037,8.558122634887695,0.010228661820292473,20.469562530517578
9892.0,1.605467677116394,7.75546932220459,0.009676177054643631,20.46954917907715
9893.5,1.5941132307052612,6.36061954498291,0.009627933613955975,20.469547271728516
9895.0,1.5877403020858765,5.801607608795166,0.011200492270290852,20.469589233398438
9896.5,1.5751683712005615,6.856142997741699,0.015988264232873917,20.46977424621582
9898.0,1.601014494895935,8.385638236999512,0.01991032436490059,20.469987869262695
9899.5,1.6332662105560303,8.74963665008545,0.0180189311504364,20.46989631652832
9901.0,1.6384881734848022,8.298419952392578,0.013048119843006134,20.46965789794922
9902.5,1.6218012571334839,8.118965148925781,0.010443118400871754,20.469572067260742
9904.0,1.6148217916488647,8.131807327270508,0.009618401527404785,20.46955108642578
9905.5,1.6121573448181152,8.177030563354492,0.009525245986878872,20.469545364379883
9907.0,1.6186702251434326,8.26374626159668,0.009405783377587795,20.469541549682617
9908.5,1.6556432247161865,8.234734535217285,0.00941007025539875,20.469539642333984
9910.0,1.683922290802002,8.09901237487793,0.009466517716646194,20.469539642333984
9911.5,1.6462658643722534,7.606540679931641,0.009524074383080006,20.46954345703125
9913.0,1.5624991655349731,6.288832187652588,0.010038127191364765,20.469558715820312
9914.5,1.5305293798446655,5.020103931427002,0.013568411581218243,20.469675064086914
9916.0,1.6278414726257324,6.367520332336426,0.021861432120203972,20.470129013061523
9917.5,1.7133980989456177,8.553768157958984,0.03090214915573597,20.470806121826172
9919.0,1.6230164766311646,9.036712646484375,0.03146867826581001,20.47083854675293
9920.5,1.5452712774276733,7.565175533294678,0.022276148200035095,20.470121383666992
9922.0,1.6166850328445435,7.202757835388184,0.0137589480727911,20.469675064086914
9923.5,1.6896929740905762,7.972475051879883,0.010691972449421883,20.46957015991211
9925.0,1.687292218208313,8.535689353942871,0.009980188682675362,20.469552993774414
9926.5,1.6676747798919678,8.403182983398438,0.009835301898419857,20.46954917907715
9928.0,1.6640523672103882,8.286672592163086,0.009814659133553505,20.469545364379883
9929.5,1.6699131727218628,8.29343318939209,0.009799612686038017,20.493959426879883
9931.0,1.6841070652008057,8.45938777923584,0.009811232797801495,20.493959426879883
9932.5,1.6839607954025269,8.597352027893066,0.00987236574292183,20.493961334228516
9934.0,1.6653045415878296,8.654723167419434,0.009915806353092194,20.49396324157715
9935.5,1.6664799451828003,8.819138526916504,0.01000264286994934,20.49396514892578
9937.0,1.688132882118225,8.835210800170898,0.010029435157775879,20.49396514892578
9986.5,1.6754217147827148,8.084588050842285,0.011244090273976326,20.469579696655273
9988.0,1.6789053678512573,8.275739669799805,0.011053205467760563,20.469572067260742
9989.5,1.671222448348999,8.302312850952148,0.010923421941697598,20.469566345214844
9991.0,1.6327842473983765,8.242080688476562,0.01085703819990158,20.469568252563477
9992.5,1.6264817714691162,8.440083503723145,0.01088514644652605,20.469568252563477
9994.0,1.6703848838806152,8.939966201782227,0.011036666110157967,20.46957015991211
9995.5,1.6965607404708862,8.999204635620117,0.011105887591838837,20.469568252563477
9997.0,1.6883214712142944,8.302040100097656,0.011110864579677582,20.469566345214844
9998.5,1.6642812490463257,7.681743621826172,0.011171971447765827,20.469568252563477
10000.0,1.6552371978759766,8.011968612670898,0.011871960945427418,20.469589233398438
10001.5,1.6799652576446533,9.053248405456543,0.01392947044223547,20.469667434692383
10003.0,1.68796968460083,9.53724193572998,0.016225570812821388,20.46977424621582
10004.5,1.6329196691513062,8.616862297058105,0.016173407435417175,20.469772338867188
10006.0,1.598685383796692,7.295766353607178,0.014372128061950207,20.469684600830078
10007.5,1.6533583402633667,7.122035026550293,0.012591683305799961,20.469614028930664
10009.0,1.660986304283142,7.688962936401367,0.012172020971775055,20.469600677490234
10010.5,1.5519123077392578,6.358048915863037,0.012978706508874893,20.469627380371094
10012.0,1.5292391777038574,4.480813026428223,0.01603216491639614,20.46974754333496
10013.5,1.6355756521224976,4.605828285217285,0.025923356413841248,20.47037124633789
10015.0,1.5758057832717896,6.089822769165039,0.04095546528697014,20.471996307373047
10016.5,1.3015010356903076,6.112237453460693,0.04864265397191048,20.472990036010742
10018.0,1.1806614398956299,4.7571940422058105,0.04307466000318527,20.472244262695312
10019.5,1.3728365898132324,5.147702217102051,0.027241690084338188,20.47046661376953
10021.0,1.6455811262130737,7.437648773193359,0.017441613599658012,20.469810485839844
10022.5,1.7541093826293945,8.736167907714844,0.014771396294236183,20.46969223022461
10024.0,1.663644552230835,7.089499473571777,0.014279928989708424,20.46967124938965
10025.5,1.5690698623657227,5.413072109222412,0.01598191261291504,20.469736099243164
10027.0,1.5850679874420166,6.063629150390625,0.021291961893439293,20.47002410888672
10028.5,1.5784648656845093,6.512390613555908,0.026310723274946213,20.470369338989258
10030.0,1.4767096042633057,6.000880241394043,0.02516055293381214,20.470300674438477
10031.5,1.4973158836364746,6.384397029876709,0.019315659999847412,20.469905853271484
10033.0,1.6698864698410034,7.825636863708496,0.014400419779121876,20.46965980529785
10034.5,1.7452950477600098,8.628167152404785,0.012975694611668587,20.469614028930664
10036.0,1.6931617259979248,8.273561477661133,0.012624107301235199,20.469602584838867
10037.5,1.6288843154907227,8.086219787597656,0.012536348775029182,20.4696044921875
10039.0,1.617993950843811,8.578433990478516,0.012715674005448818,20.469614028930664
10040.5,1.6638524532318115,8.724569320678711,0.013153109699487686,20.469619750976562
10042.0,1.693376898765564,8.155059814453125,0.013327945955097675,20.469619750976562
10043.5,1.6821024417877197,7.9371843338012695,0.013794916681945324,20.469640731811523
10045.0,1.680861473083496,9.108986854553223,0.01579763926565647,20.469730377197266
10046.5,1.6979944705963135,10.211101531982422,0.018133610486984253,20.469850540161133
10048.0,1.6839289665222168,9.640048027038574,0.018132993951439857,20.469844818115234
10049.5,1.674990177154541,8.603825569152832,0.015430900268256664,20.469709396362305
10051.0,1.7128490209579468,8.524129867553711,0.01338802371174097,20.469621658325195
10052.5,1.7350590229034424,8.967482566833496,0.012813075445592403,20.469602584838867
10054.0,1.718451738357544,9.283778190612793,0.012510334141552448,20.469600677490234
10055.5,1.6881104707717896,9.092703819274902,0.012430463917553425,20.469600677490234
10057.0,1.6591095924377441,8.48189640045166,0.012596885673701763,20.469600677490234
10058.5,1.6404576301574707,7.522298812866211,0.012827801518142223,20.46961212158203
10060.0,1.6368069648742676,6.217864036560059,0.014058247208595276,20.469654083251953
10061.5,1.6535431146621704,5.849529266357422,0.018321746960282326,20.469846725463867
10063.0,1.6852800846099854,6.857431888580322,0.02341114729642868,20.470144271850586
10064.5,1.7028229236602783,7.797643661499023,0.02451271563768387,20.470266342163086
10066.0,1.6745985746383667,7.81306266784668,0.021262843161821365,20.47003936767578
10067.5,1.6282111406326294,7.5915632247924805,0.017017951235175133,20.46978759765625
10069.0,1.61798095703125,8.0043306350708,0.015804395079612732,20.4697322845459
10070.5,1.638918399810791,8.048174858093262,0.01654147543013096,20.46976661682129
10072.0,1.6517126560211182,7.761600017547607,0.017570463940501213,20.46982192993164
10073.5,1.668837547302246,8.038910865783691,0.01877269148826599,20.469879150390625
10075.0,1.6887649297714233,8.063913345336914,0.018489880487322807,20.469865798950195
10076.5,1.6771047115325928,7.489386081695557,0.016576310619711876,20.469758987426758
10078.0,1.6661221981048584,7.38917350769043,0.014776959083974361,20.46967315673828
10079.5,1.6375505924224854,7.249109268188477,0.014550583437085152,20.46965980529785
10081.0,1.5564286708831787,5.78223991394043,0.015433876775205135,20.46969985961914
10082.5,1.546502709388733,4.512600421905518,0.020085420459508896,20.469942092895508
10084.0,1.595884084701538,4.871255397796631,0.030667686834931374,20.470731735229492
10085.5,1.441148042678833,5.417000770568848,0.04064052924513817,20.471813201904297
10087.0,1.2554092407226562,4.846635818481445,0.03800685331225395,20.495990753173828
10088.5,1.406799077987671,5.055074691772461,0.02654467709362507,20.49478530883789
10090.0,1.6366201639175415,6.446689605712891,0.017665205523371696,20.494197845458984
10091.5,1.7024348974227905,8.223714828491211,0.015139651484787464,20.49408531188965
10093.0,1.6711080074310303,8.729328155517578,0.014546274207532406,20.49405860900879
10094.5,1.635973334312439,8.016790390014648,0.014334073290228844,20.494054794311523
10096.0,1.6515843868255615,8.41346549987793,0.014339914545416832,20.494050979614258
10097.5,1.6713433265686035,9.207649230957031,0.01443576067686081,20.469648361206055
10099.0,1.6631231307983398,8.842666625976562,0.014786847867071629,20.46966552734375
10100.5,1.6600487232208252,7.911876678466797,0.015018937177956104,20.494081497192383
10102.0,1.6650201082229614,7.252400875091553,0.015062378719449043,20.494089126586914
10103.5,1.6441924571990967,6.7478485107421875,0.01733594387769699,20.494186401367188
10105.0,1.5904539823532104,6.812826633453369,0.02326592244207859,20.49454116821289
10106.5,1.5040041208267212,6.528680801391602,0.028904655948281288,20.495023727416992
10108.0,1.4423786401748657,5.907175064086914,0.028154823929071426,20.49496078491211
10109.5,1.5285096168518066,6.329853057861328,0.022197533398866653,20.49447250366211
10111.0,1.6643551588058472,7.852458953857422,0.016776109114289284,20.469741821289062
10112.5,1.6875581741333008,9.081043243408203,0.015105072408914566,20.46967124938965
10114.0,1.6672513484954834,8.793505668640137,0.01476976927369833,20.469655990600586
10115.5,1.6814059019088745,8.519194602966309,0.014749583788216114,20.469654083251953
10117.0,1.6929343938827515,8.738985061645508,0.014886806719005108,20.469654083251953
10118.5,1.7039028406143188,8.89197063446045,0.015005845576524734,20.46965789794922
10120.0,1.7347675561904907,8.532109260559082,0.015549066476523876,20.469675064086914
10121.5,1.6516880989074707,6.535783767700195,0.016205979511141777,20.469703674316406
10123.0,1.458957314491272,4.572699546813965,0.01873824931681156,20.469829559326172
10124.5,1.419718623161316,4.263750076293945,0.02797931805253029,20.470476150512695
10126.0,1.4831905364990234,5.689813613891602,0.040152065455913544,20.471988677978516
10127.5,1.2769274711608887,5.674246311187744,0.05005713179707527,20.473405838012695
10129.0,1.0535942316055298,5.221296310424805,0.04526970535516739,20.472566604614258
10130.5,1.3757383823394775,5.761102676391602,0.027550069615244865,20.47047996520996
10132.0,1.816358208656311,7.552839279174805,0.01943972334265709,20.4698543548584
10133.5,1.8325824737548828,9.325820922851562,0.018067358061671257,20.46978759765625
10135.0,1.6787258386611938,9.365588188171387,0.018110238015651703,20.46980094909668
10136.5,1.6302043199539185,8.560733795166016,0.01824122667312622,20.46980094909668
10138.0,1.6746939420700073,8.343753814697266,0.017576424404978752,20.469772338867188
10139.5,1.708293080329895,8.51758861541748,0.0171224232763052,20.469738006591797
10141.0,1.6940414905548096,8.71806812286377,0.016827767714858055,20.46971893310547
10142.5,1.6786198616027832,9.003793716430664,0.01678629033267498,20.469724655151367
10144.0,1.6639821529388428,8.65022087097168,0.017141638323664665,20.469743728637695
10145.5,1.6288087368011475,8.281675338745117,0.018196627497673035,20.46980094909668
10147.0,1.6414036750793457,8.516838073730469,0.01939176209270954,20.469884872436523
10148.5,1.6973406076431274,9.201526641845703,0.020092369988560677,20.46991539001465
10150.0,1.6719756126403809,9.10353946685791,0.020284613594412804,20.469928741455078
10151.5,1.5926915407180786,7.221718788146973,0.021022837609052658,20.469980239868164
10153.0,1.5933374166488647,5.971415042877197,0.02350354567170143,20.47016716003418
10154.5,1.6190441846847534,6.0160369873046875,0.028935153037309647,20.470569610595703
10156.0,1.4937676191329956,6.023036003112793,0.03427693247795105,20.47109031677246
10157.5,1.3568753004074097,5.973406791687012,0.03293897956609726,20.470993041992188
10159.0,1.4844542741775513,5.075943470001221,0.027928806841373444,20.470504760742188
10160.5,1.7278003692626953,6.54149055480957,0.02658206783235073,20.4703426361084
10162.0,1.787400245666504,8.829087257385254,0.025970513001084328,20.470266342163086
10163.5,1.6551612615585327,8.051103591918945,0.023729993030428886,20.470123291015625
10165.0,1.546485424041748,6.344119071960449,0.021958455443382263,20.470003128051758
10166.5,1.6125248670578003,6.660937309265137,0.023385152220726013,20.470075607299805
10168.0,1.6851595640182495,8.220479965209961,0.023756681010127068,20.470111846923828
10169.5,1.5294549465179443,6.103353977203369,0.023432675749063492,20.4700927734375
10171.0,1.3379467725753784,3.5630743503570557,0.02645942196249962,20.470317840576172
10172.5,1.4582560062408447,3.6283583641052246,0.03755765035748482,20.471336364746094
10174.0,1.6488491296768188,5.260111331939697,0.05411659926176071,20.473480224609375
10175.5,1.4567471742630005,5.485137939453125,0.0629335418343544,20.475215911865234
10177.0,1.2087726593017578,4.644367694854736,0.05567387863993645,20.473926544189453
10178.5,1.3972740173339844,4.478642463684082,0.03600858896970749,20.471115112304688
10180.0,1.714741826057434,6.02436637878418,0.025219937786459923,20.47014617919922
10181.5,1.8209071159362793,8.619741439819336,0.023121150210499763,20.47002410888672
10183.0,1.8262743949890137,10.041701316833496,0.026083484292030334,20.470245361328125
10184.5,1.7992770671844482,10.067645072937012,0.028865773230791092,20.470500946044922
10186.0,1.6636723279953003,9.340676307678223,0.028603287413716316,20.470483779907227
10187.5,1.4200005531311035,6.639211654663086,0.023507731035351753,20.470108032226562
10189.0,1.3302364349365234,4.603508949279785,0.023253127932548523,20.470064163208008
10190.5,1.4791456460952759,4.769392013549805,0.031843144446611404,20.47075080871582
10192.0,1.5065468549728394,6.564886093139648,0.04329388961195946,20.47216796875
10193.5,1.3280396461486816,6.466248512268066,0.04764418303966522,20.47276496887207
10195.0,1.3280971050262451,5.380259037017822,0.03895098716020584,20.47153091430664
10196.5,1.5984238386154175,5.898637294769287,0.029467105865478516,20.470596313476562
10198.0,1.8177872896194458,8.510856628417969,0.024374613538384438,20.470109939575195
10334.5,1.6918174028396606,10.141557693481445,0.042839415371418,20.471511840820312
10336.0,1.729426383972168,9.85649299621582,0.04244356229901314,20.471426010131836
10337.5,1.7691432237625122,9.293440818786621,0.04291870445013046,20.471446990966797
10339.0,1.7477678060531616,8.278955459594727,0.04337603226304054,20.47151756286621
10340.5,1.6939764022827148,8.807018280029297,0.04594958946108818,20.471729278564453
10342.0,1.6451841592788696,10.367316246032715,0.0482073538005352,20.472274780273438
10343.5,1.5933456420898438,11.2628812789917,0.051291681826114655,20.472681045532227
10345.0,1.579220175743103,11.25784969329834,0.053042616695165634,20.47295570373535
10346.5,1.6683918237686157,10.619272232055664,0.05335937812924385,20.473003387451172
10348.0,1.7657978534698486,10.250480651855469,0.05982663482427597,20.473974227905273
10349.5,1.6642245054244995,9.5497407913208,0.07109157741069794,20.476085662841797
10351.0,1.375637173652649,8.719952583312988,0.07431001216173172,20.47699737548828
